
/*users data*/
insert into users (email, first_name, last_name, password, dietary_restrictions, accommodations) values ('stibols0@4shared.com', 'Sue', 'Tibols', '$2a$04$bP/Ig36sM7nq5FGObv55juXHqTd5R7jLBTqcfhK9e704Ue7UXgykC', 'metus arcu adipiscing molestie hendrerit at vulputate vitae', 'nulla elit ac nulla sed');
insert into users (email, first_name, last_name, password, dietary_restrictions, accommodations) values ('hrawlcliffe1@techcrunch.com', 'Holden', 'Rawlcliffe', '$2a$04$4SxxcXPHCvhq2KPOwCvPCOYq8HXuJYQ/Ni9j/SAUP40ZlYBxeKwPi', 'adipiscing elit proin interdum mauris non', 'est congue elementum in hac habitasse');
insert into users (email, first_name, last_name, password, dietary_restrictions, accommodations) values ('mblain2@sfgate.com', 'Marc', 'Blain', '$2a$04$uatXST6NQWmrDPPajzPsEe3hCnlzAtrdKAbC/stOXBTCxp7mOLTEK', 'est congue elementum in hac habitasse platea', 'ut odio cras mi pede');
insert into users (email, first_name, last_name, password, dietary_restrictions, accommodations) values ('fnoirel3@yale.edu', 'Francene', 'Noirel', '$2a$04$sUoW3AlATGkoCwqOCDTDwuCCys6LTOpLBpdQnrfgqZwF1bl.jODJO', 'orci vehicula condimentum curabitur in', 'sed augue aliquam erat volutpat in');
insert into users (email, first_name, last_name, password, dietary_restrictions, accommodations) values ('jlesurf4@angelfire.com', 'Jabez', 'Lesurf', '$2a$04$o3j2/iTqFYAqOCmRid3VTeSQvMWtrZb98y0rzrbp04fmCgxgVBldy', 'non pretium quis lectus suspendisse potenti in', 'in quam fringilla rhoncus mauris enim leo');
insert into users (email, first_name, last_name, password, dietary_restrictions, accommodations) values ('bgruszka5@upenn.edu', 'Bartolemo', 'Gruszka', '$2a$04$ZG1qQfwRIV0SErY2nyXgpuiM70SI2TK/GVz2StJrXuuB3APyFWzOS', 'elementum eu interdum eu tincidunt in', 'nulla dapibus dolor vel est donec');
insert into users (email, first_name, last_name, password, dietary_restrictions, accommodations) values ('chaselhurst6@msn.com', 'Corene', 'Haselhurst', '$2a$04$gqll.fjWdtu9HZdxkHPKpuBD6rRXe5muM/.jhqNd18rtmoATiU/Ju', 'accumsan odio curabitur convallis duis consequat dui nec', 'porttitor id consequat in consequat');
insert into users (email, first_name, last_name, password, dietary_restrictions, accommodations) values ('tpointing7@unblog.fr', 'Timmy', 'Pointing', '$2a$04$58/9/lyCw0O5zgEHWgZY..a6ixv68jqxLKhozRKxVgh3FDnQnE7dK', 'volutpat in congue etiam justo etiam pretium iaculis justo', 'vel lectus in quam fringilla rhoncus');
insert into users (email, first_name, last_name, password, dietary_restrictions, accommodations) values ('mconyer8@omniture.com', 'Morgan', 'Conyer', '$2a$04$2.1dJ9yQ1J12lnYxl.Ejw.MvkNvZ90PZKazcr23a0xNE.ieDVBFgS', 'mi sit amet lobortis sapien sapien non mi integer ac', 'tempus vivamus in felis eu');
insert into users (email, first_name, last_name, password, dietary_restrictions, accommodations) values ('acapstick9@state.tx.us', 'Akim', 'Capstick', '$2a$04$V5sXfi3bZVoqgrkEr1uR9ule5XNVd3z9dvvwaoPRWBwEgQ2F7maeK', 'id lobortis convallis tortor risus', 'quisque erat eros viverra eget congue eget');
insert into users (email, first_name, last_name, password, dietary_restrictions, accommodations) values ('lallansa@amazon.de', 'Leanna', 'Allans', '$2a$04$DMk2.Nx3k.EuNYuzDWqZY.K5OKfA6PBkke5DnA0Y57m44H/0kyavy', 'mi pede malesuada in imperdiet et commodo vulputate justo', 'interdum venenatis turpis enim blandit mi in porttitor pede justo');
insert into users (email, first_name, last_name, password, dietary_restrictions, accommodations) values ('lsiemantelb@chicagotribune.com', 'Lovell', 'Siemantel', '$2a$04$fWAGoX.RIi2BEA4L2LB6XOkElJC7T.XQNswC2oPyHGWJdX.m0/nFS', 'quis justo maecenas rhoncus aliquam lacus morbi quis', 'pede posuere nonummy integer non velit donec');
insert into users (email, first_name, last_name, password, dietary_restrictions, accommodations) values ('jculmerc@infoseek.co.jp', 'Joye', 'Culmer', '$2a$04$I9YAzrkxiTwOVBYJKhRTOuCLIe5MjnuwS29v1RWQgIaza/KTR6LOa', 'at velit eu est congue elementum in hac habitasse', 'porttitor id consequat in consequat ut nulla sed accumsan');
insert into users (email, first_name, last_name, password, dietary_restrictions, accommodations) values ('sdrewsond@sourceforge.net', 'Shawn', 'Drewson', '$2a$04$pQelBtwd6M7MLNcEVqW96eYYcrjKQsB/TwW/SDHvCUox8s5uwN2N.', 'lacinia nisi venenatis tristique fusce congue diam id ornare', 'nulla tellus in sagittis dui vel nisl duis');
insert into users (email, first_name, last_name, password, dietary_restrictions, accommodations) values ('dgrintere@washingtonpost.com', 'Dorolice', 'Grinter', '$2a$04$UcJYQQO2GuGSllB7xghxA.kmOZh5wO45i9Zhq7eMdtWqupQgirnbi', 'elementum nullam varius nulla facilisi', 'amet sem fusce consequat nulla nisl nunc');
insert into users (email, first_name, last_name, password, dietary_restrictions, accommodations) values ('sshelleyf@purevolume.com', 'Shandeigh', 'Shelley', '$2a$04$7KDom4KXA1lLpFeP2CWuRuVohsSjR6PoQ255XcnH2cSsX/DnjTAUu', 'amet consectetuer adipiscing elit proin risus', 'curabitur convallis duis consequat dui nec nisi volutpat');
insert into users (email, first_name, last_name, password, dietary_restrictions, accommodations) values ('lvokinsg@theatlantic.com', 'Lita', 'Vokins', '$2a$04$7BGbEMIvhghZTDG12LUraOK0525AASpFDaocIMs1FOSjrIjwiGBcC', 'cubilia curae duis faucibus accumsan odio curabitur convallis duis', 'vel pede morbi porttitor lorem id ligula suspendisse ornare consequat');
insert into users (email, first_name, last_name, password, dietary_restrictions, accommodations) values ('rciccottioh@dailymotion.com', 'Rowen', 'Ciccottio', '$2a$04$suYpG6yJUSnwGVFI1cKKg.KSLRBXL/2pqd4JUDWm58U5nr9ZKtdHy', 'sem mauris laoreet ut rhoncus', 'augue aliquam erat volutpat in congue');
insert into users (email, first_name, last_name, password, dietary_restrictions, accommodations) values ('nseakini@microsoft.com', 'Naomi', 'Seakin', '$2a$04$Hi1pl7oDq9E.Y2YyKBC6Aei5P.iVdVb6tbvCAbxn7BihpKMlG8jOG', 'non interdum in ante vestibulum ante ipsum', 'maecenas rhoncus aliquam lacus morbi');
insert into users (email, first_name, last_name, password, dietary_restrictions, accommodations) values ('bmarjanskij@nhs.uk', 'Bill', 'Marjanski', '$2a$04$8c5Oz.jr.mhtwT9FTWOXL.0GUzHWOJ6DOdGiPd1/SW5OQBtPSjYam', 'curabitur gravida nisi at nibh in hac', 'nam nulla integer pede justo lacinia eget tincidunt');
insert into users (email, first_name, last_name, password, dietary_restrictions, accommodations) values ('kspellesyk@blogs.com', 'Kareem', 'Spellesy', '$2a$04$zctx3Ge7b8G5wGqRHIm2ueACLMzefrn9Dq1rReuzwp2YPlWv/sMOe', 'luctus et ultrices posuere cubilia curae duis faucibus accumsan', 'dui luctus rutrum nulla tellus in sagittis');
insert into users (email, first_name, last_name, password, dietary_restrictions, accommodations) values ('lloeberl@theglobeandmail.com', 'Lemmy', 'Loeber', '$2a$04$iMXhKnKEwCaijAmrmUqnnO.PH.tL7Jv6Cm5vBH.MJT8ShyldxGqzS', 'congue elementum in hac habitasse platea dictumst morbi vestibulum velit', 'id massa id nisl venenatis lacinia');
insert into users (email, first_name, last_name, password, dietary_restrictions, accommodations) values ('jgarnsworthm@360.cn', 'Jammie', 'Garnsworth', '$2a$04$C0svAL.qpWlkOhBkvmW6ie45yEv2iYR/Vg4Q6HPKt6xFrrNn/U5Ge', 'imperdiet et commodo vulputate justo', 'vitae nisl aenean lectus pellentesque eget nunc donec quis orci');
insert into users (email, first_name, last_name, password, dietary_restrictions, accommodations) values ('gspiran@ask.com', 'Grannie', 'Spira', '$2a$04$G5C4MhgreOs91Ly3596scuxEHekypmH1L/toEuDFg8lADRW/.N51S', 'massa id nisl venenatis lacinia aenean sit amet justo', 'quam pede lobortis ligula sit amet eleifend pede libero');
insert into users (email, first_name, last_name, password, dietary_restrictions, accommodations) values ('jdiclaudioo@blogspot.com', 'Jehanna', 'Di Claudio', '$2a$04$jeUFRWAKe4VEP1os7uSzGeuFdWzIML8uCItbGJZRUTsizCr2ifTqG', 'erat curabitur gravida nisi at', 'convallis morbi odio odio elementum eu interdum');
insert into users (email, first_name, last_name, password, dietary_restrictions, accommodations) values ('rwythillp@sina.com.cn', 'Remus', 'Wythill', '$2a$04$et4LquwhDQ2QDyNEYItCYujOi9ktv/S/teMdblPDo/9mmOZ4ifyAC', 'faucibus orci luctus et ultrices', 'rhoncus dui vel sem sed');
insert into users (email, first_name, last_name, password, dietary_restrictions, accommodations) values ('epatiseq@csmonitor.com', 'Eda', 'Patise', '$2a$04$QGIepLlY4xvwHCbcUzZu..ewOXzrMNXHTPhQLV9CZe.HkcyMglIju', 'nulla suspendisse potenti cras in purus eu magna vulputate', 'platea dictumst etiam faucibus cursus urna ut');
insert into users (email, first_name, last_name, password, dietary_restrictions, accommodations) values ('jvanderplasr@homestead.com', 'Jo-ann', 'Vanderplas', '$2a$04$L6CnqPjTr7rJ54cJxoXUUeIC.6NFNsu3mO0960zOTd76GvOfnWOWu', 'ante vel ipsum praesent blandit lacinia erat vestibulum', 'quam nec dui luctus rutrum nulla tellus in sagittis dui');
insert into users (email, first_name, last_name, password, dietary_restrictions, accommodations) values ('dcaughts@multiply.com', 'Dimitry', 'Caught', '$2a$04$RLqYdBEL0ZrneUbYbYQrceJZYbrKNuK1kFM/2SkwaP98yuVqPZQxC', 'justo in blandit ultrices enim lorem ipsum dolor sit amet', 'pretium iaculis justo in hac');
insert into users (email, first_name, last_name, password, dietary_restrictions, accommodations) values ('kmcfatert@joomla.org', 'Kasper', 'McFater', '$2a$04$9.AeIgxbZftD4BeoPyds/e2eRZxfeEdT3flI96e4b2QetE9WVCVNS', 'faucibus orci luctus et ultrices posuere', 'platea dictumst aliquam augue quam sollicitudin vitae consectetuer eget rutrum');
insert into users (email, first_name, last_name, password, dietary_restrictions, accommodations) values ('awetheredu@sohu.com', 'Ag', 'Wethered', '$2a$04$v.PkOlh9hwNaHmbwx6vtcOhCLM715FEOiidMkQU6amhcrHcnBh7Ci', 'pellentesque eget nunc donec quis orci eget orci vehicula', 'convallis morbi odio odio elementum eu interdum eu');
insert into users (email, first_name, last_name, password, dietary_restrictions, accommodations) values ('emadinev@wikipedia.org', 'Egon', 'Madine', '$2a$04$9PsEVPJya1AxwGOdZO9DtepEa4yu2crizRduGAufHUD0dkSPUK8ee', 'ullamcorper purus sit amet nulla quisque arcu libero rutrum', 'pede libero quis orci nullam molestie nibh in lectus pellentesque');
insert into users (email, first_name, last_name, password, dietary_restrictions, accommodations) values ('bbuxseyw@cdbaby.com', 'Brady', 'Buxsey', '$2a$04$V059KwUx4jGEEbZekl4wZe9cKTlEFSyWmKAW0IJjB.TnK9SNS4Vy6', 'nulla ut erat id mauris vulputate elementum nullam varius', 'ultrices posuere cubilia curae nulla dapibus');
insert into users (email, first_name, last_name, password, dietary_restrictions, accommodations) values ('rbasinigazzix@comcast.net', 'Roby', 'Basini-Gazzi', '$2a$04$rqiPO5G0DVhrQtNSNTC/n.A43uxsJBK/z1wRR2C.ORlMiZJZvE/rS', 'at ipsum ac tellus semper interdum mauris', 'pede libero quis orci nullam molestie nibh');
insert into users (email, first_name, last_name, password, dietary_restrictions, accommodations) values ('jswaffery@cbslocal.com', 'Jilly', 'Swaffer', '$2a$04$CbAIVMpvELIqca1ktiI8keGYKI9iot6CdnW2DqMqW1Cvslt8AtbAm', 'mauris sit amet eros suspendisse', 'at lorem integer tincidunt ante vel ipsum praesent blandit lacinia');
insert into users (email, first_name, last_name, password, dietary_restrictions, accommodations) values ('jwetherillz@163.com', 'Johnathon', 'Wetherill', '$2a$04$fiaClsl78MUpOE473X6qvOlNT15hLHjUhFdtjKScBXI1Zye5TYG9q', 'curae nulla dapibus dolor vel est donec odio', 'libero convallis eget eleifend luctus ultricies');
insert into users (email, first_name, last_name, password, dietary_restrictions, accommodations) values ('imacknockiter10@sitemeter.com', 'Ivonne', 'MacKnockiter', '$2a$04$FNPolksPKroLNEf2Wd1MF.LI9At2T/IXLmZMVmYpVgGAWYAAcO3Cu', 'vestibulum sagittis sapien cum sociis', 'in consequat ut nulla sed accumsan felis ut');
insert into users (email, first_name, last_name, password, dietary_restrictions, accommodations) values ('cjuggins11@google.es', 'Ciro', 'Juggins', '$2a$04$ArFYHlJIW8kqDYbMkX8sHuX8TICTb8G75MA5.N6VzaPf/Mw/aJp5u', 'porttitor id consequat in consequat ut nulla sed accumsan', 'nunc vestibulum ante ipsum primis in faucibus orci luctus');
insert into users (email, first_name, last_name, password, dietary_restrictions, accommodations) values ('cbiggar12@census.gov', 'Clare', 'Biggar', '$2a$04$WvRqA3OuODj3YA0phVZuCeVbnHv.0JbPOdiO7JZSgVdCHoEajF4CC', 'quam sapien varius ut blandit', 'curabitur gravida nisi at nibh in hac habitasse platea');
insert into users (email, first_name, last_name, password, dietary_restrictions, accommodations) values ('wgillion13@php.net', 'Wilek', 'Gillion', '$2a$04$l/dlliKDoOtvmyc7Ye4jjOdyN78SH6atTIvW3GCYTyoaagjkbKOqW', 'dolor quis odio consequat varius integer ac', 'donec semper sapien a libero');
insert into users (email, first_name, last_name, password, dietary_restrictions, accommodations) values ('efellman14@lulu.com', 'Ede', 'Fellman', '$2a$04$hFZaB/AD5/RheDTjkLKlUOuqd5urv7Z0YVnS0ZBqUPkfhLb8ZxjMC', 'ultrices mattis odio donec vitae nisi nam ultrices libero non', 'enim lorem ipsum dolor sit');
insert into users (email, first_name, last_name, password, dietary_restrictions, accommodations) values ('jshuard15@youku.com', 'Jone', 'Shuard', '$2a$04$.qmIN.fQ0Y4IGd0ZqSHigeRdPSVfYtHyIULM/iWznGI8H1JBck28i', 'viverra pede ac diam cras', 'imperdiet sapien urna pretium nisl ut');
insert into users (email, first_name, last_name, password, dietary_restrictions, accommodations) values ('sshalcras16@devhub.com', 'Star', 'Shalcras', '$2a$04$Nfqq16up5DY7euyD.w2cDenArSK5apuhGx07k/RYxktVVSLWdHuKK', 'vestibulum ante ipsum primis in faucibus orci luctus et ultrices', 'tincidunt eget tempus vel pede morbi porttitor lorem id ligula');
insert into users (email, first_name, last_name, password, dietary_restrictions, accommodations) values ('ademe17@plala.or.jp', 'Alberto', 'Deme', '$2a$04$G34ggYKbucymo4eq7prQOOVi7lMjB4RV8qh8JUuHI1yKr1tDXkgua', 'augue a suscipit nulla elit ac', 'maecenas tincidunt lacus at velit vivamus vel nulla eget');
insert into users (email, first_name, last_name, password, dietary_restrictions, accommodations) values ('tboldison18@upenn.edu', 'Tait', 'Boldison', '$2a$04$1oY1rYsy3jyALa4Lq07w7OrvfVECvh4dxyFHRYKhiThcPFxFP3lgK', 'non mattis pulvinar nulla pede ullamcorper augue a suscipit', 'sapien dignissim vestibulum vestibulum ante ipsum primis in faucibus');
insert into users (email, first_name, last_name, password, dietary_restrictions, accommodations) values ('dmcquaide19@trellian.com', 'Donica', 'McQuaide', '$2a$04$JNzMNrmb2nT5wsD.4SV24.FUt8y6Xf7Cbtj63uK0sEa6t1rAd4waW', 'justo morbi ut odio cras', 'nam ultrices libero non mattis pulvinar nulla pede');
insert into users (email, first_name, last_name, password, dietary_restrictions, accommodations) values ('ncarley1a@youtu.be', 'Neale', 'Carley', '$2a$04$Uz/EP4rMGm723oK/974qquj20Le.zghGk6IYZpfqS9wFas3QFson2', 'non interdum in ante vestibulum ante ipsum', 'rhoncus mauris enim leo rhoncus');
insert into users (email, first_name, last_name, password, dietary_restrictions, accommodations) values ('wrignold1b@bandcamp.com', 'Wallace', 'Rignold', '$2a$04$63GvFLdNx.dMMhCW1X/VM.h9dh7n1DCWFraujjds74MtWKhW2sGEC', 'nascetur ridiculus mus etiam vel', 'ut ultrices vel augue vestibulum ante ipsum primis');
insert into users (email, first_name, last_name, password, dietary_restrictions, accommodations) values ('rcorke1c@census.gov', 'Roslyn', 'Corke', '$2a$04$6Nu3OkMjmBz6QfvbtQSPCu4KNDPIqsyAFM2i3Gn9QpyDLem2sVHxq', 'quisque ut erat curabitur gravida nisi', 'nec euismod scelerisque quam turpis adipiscing lorem vitae mattis nibh');
insert into users (email, first_name, last_name, password, dietary_restrictions, accommodations) values ('syakunchikov1d@canalblog.com', 'Stefa', 'Yakunchikov', '$2a$04$gKDhqMxAeygdbNH1dG4QWu6uVSt2xaJmPCLpL3mUscASJv/0KKeNy', 'ullamcorper purus sit amet nulla quisque arcu libero', 'nibh quisque id justo sit amet sapien dignissim vestibulum vestibulum');
insert into users (email, first_name, last_name, password, dietary_restrictions, accommodations) values ('nthwaites1e@privacy.gov.au', 'Ninon', 'Thwaites', '$2a$04$9cHbjbI0T2.Ei5QZwBd5u.1MPMyI/aKpw7ek1TS9Dhiw4KtfNVkbi', 'cubilia curae mauris viverra diam vitae quam suspendisse potenti', 'magna ac consequat metus sapien ut nunc vestibulum ante');
insert into users (email, first_name, last_name, password, dietary_restrictions, accommodations) values ('mclitheroe1f@irs.gov', 'Morey', 'Clitheroe', '$2a$04$m3lfXeUXjfXngwokkmEJwuAOkNk2Tu3YeoFd.J3ToDSIp.HLvjDze', 'aliquet maecenas leo odio condimentum id luctus', 'in felis donec semper sapien a libero nam dui proin');
insert into users (email, first_name, last_name, password, dietary_restrictions, accommodations) values ('agregoratti1g@clickbank.net', 'Ahmed', 'Gregoratti', '$2a$04$pq6M3TTR3K08eBIlsWpRgeq0vJwOVBgmN7kp5XxhwNT2LKEMshKaC', 'eget eleifend luctus ultricies eu nibh quisque id justo', 'sed ante vivamus tortor duis mattis egestas');
insert into users (email, first_name, last_name, password, dietary_restrictions, accommodations) values ('gdron1h@huffingtonpost.com', 'Giorgia', 'Dron', '$2a$04$679I0GPVuC3gFT/MsxQ5ve22GR3b07DtXjGghZZfkHCG7GJ4ZpHsW', 'ligula sit amet eleifend pede libero', 'magnis dis parturient montes nascetur ridiculus mus etiam');
insert into users (email, first_name, last_name, password, dietary_restrictions, accommodations) values ('oivashechkin1i@cnbc.com', 'Olin', 'Ivashechkin', '$2a$04$whRE5znWD/P.c67ITZp4QOw6uawDIVlm3gCkZbjHT65e3.QB6Qu.6', 'amet diam in magna bibendum imperdiet', 'odio justo sollicitudin ut suscipit a feugiat et');
insert into users (email, first_name, last_name, password, dietary_restrictions, accommodations) values ('pcurtain1j@youtu.be', 'Phaidra', 'Curtain', '$2a$04$/D71Ul25W.44aHgV5NuPC.VyE9XvDWx3QUkv087CyA0hSSq3dkAS6', 'consectetuer adipiscing elit proin interdum mauris non ligula pellentesque', 'facilisi cras non velit nec nisi vulputate');
insert into users (email, first_name, last_name, password, dietary_restrictions, accommodations) values ('gdelucia1k@google.co.jp', 'Greer', 'Delucia', '$2a$04$cVktU6UfZn57pgbLV86Sleip7YGoz1SuHQL9sKWpxPrRH/QdEBN6m', 'nibh in quis justo maecenas', 'est phasellus sit amet erat nulla tempus');
insert into users (email, first_name, last_name, password, dietary_restrictions, accommodations) values ('hkimmons1l@altervista.org', 'Hernando', 'Kimmons', '$2a$04$cbUPyEuJUkQ4vOWyJR5IfOJw2EjNypDMKpQkOMHcpJnC30BGOcdkC', 'neque libero convallis eget eleifend', 'amet nunc viverra dapibus nulla suscipit ligula in lacus curabitur');
insert into users (email, first_name, last_name, password, dietary_restrictions, accommodations) values ('jciani1m@jimdo.com', 'Julieta', 'Ciani', '$2a$04$k/1X0EtmXpwkcT/3yJuRi.6/6Y7DYPhx5.4L3N9leYwD9E5MHyDqC', 'fusce congue diam id ornare imperdiet sapien urna pretium nisl', 'massa quis augue luctus tincidunt nulla mollis molestie');
insert into users (email, first_name, last_name, password, dietary_restrictions, accommodations) values ('dvayne1n@sciencedaily.com', 'Dynah', 'Vayne', '$2a$04$S8jJ4Av803teMwneZ.rtVObH53Ja4VZ7iFYwp8kOwnHrYCorKCBPy', 'pretium quis lectus suspendisse potenti in eleifend', 'at dolor quis odio consequat varius');
insert into users (email, first_name, last_name, password, dietary_restrictions, accommodations) values ('sbonnett1o@bloglines.com', 'Shandie', 'Bonnett', '$2a$04$DXt7g1PZ.5lzjODnGm45t.E7Jl2Odag.Lty0zMgDjFRRZiBtG/3mG', 'faucibus cursus urna ut tellus nulla', 'nulla quisque arcu libero rutrum ac lobortis vel');
insert into users (email, first_name, last_name, password, dietary_restrictions, accommodations) values ('cdudek1p@usnews.com', 'Carita', 'Dudek', '$2a$04$0jWnw0/NRhl1nSQQnoQUAeegRFKu4xm.Ti..c1B9/gY/A.FffNjJK', 'sed ante vivamus tortor duis mattis', 'vel accumsan tellus nisi eu orci mauris lacinia sapien');
insert into users (email, first_name, last_name, password, dietary_restrictions, accommodations) values ('kcuniam1q@google.co.uk', 'Ker', 'Cuniam', '$2a$04$i4jgQ6Dxk/t6ARtN2QezfejuZztnEuFQ8bOoJKvSOkr7dGZmH9ePa', 'ac consequat metus sapien ut nunc vestibulum ante ipsum', 'nisl duis ac nibh fusce lacus purus');
insert into users (email, first_name, last_name, password, dietary_restrictions, accommodations) values ('showson1r@ed.gov', 'Sada', 'Howson', '$2a$04$CBzJyVCCtoslko1o5tIGju8X0coukkSyyibB9O4JgLgJxfDk/eTla', 'at ipsum ac tellus semper interdum mauris ullamcorper purus sit', 'eu interdum eu tincidunt in');
insert into users (email, first_name, last_name, password, dietary_restrictions, accommodations) values ('doregan1s@ucla.edu', 'Deedee', 'O''Regan', '$2a$04$lbQxc0KF/1k1JJIZ39pTeugYV160K8ukq6QHrp1bg6dM7nFS2S0jm', 'morbi non lectus aliquam sit amet diam', 'maecenas tristique est et tempus semper est quam pharetra');
insert into users (email, first_name, last_name, password, dietary_restrictions, accommodations) values ('credmain1t@google.com.br', 'Chariot', 'Redmain', '$2a$04$52knOY.34cqKs49ECfENOeYEJkr7DfN6gAMRYVcwdS2xRsasTKEXi', 'id lobortis convallis tortor risus dapibus augue', 'vestibulum proin eu mi nulla ac');
insert into users (email, first_name, last_name, password, dietary_restrictions, accommodations) values ('cbrosini1u@walmart.com', 'Cyb', 'Brosini', '$2a$04$cjYKvPn5gftuyeHlx0yfDuu.y.FWYt0jmi5Du8cSGs8UnQ5u3h8qm', 'vestibulum sit amet cursus id turpis integer aliquet', 'donec semper sapien a libero nam dui');
insert into users (email, first_name, last_name, password, dietary_restrictions, accommodations) values ('amitchelmore1v@imgur.com', 'Agatha', 'Mitchelmore', '$2a$04$O8aJGsPyxhj/UX82JefvY.WV8qzCVjp6AZ/2ht9ZeRgdW32RmlJGi', 'euismod scelerisque quam turpis adipiscing lorem vitae mattis nibh', 'tincidunt eu felis fusce posuere felis sed lacus morbi sem');
insert into users (email, first_name, last_name, password, dietary_restrictions, accommodations) values ('bcockshutt1w@mtv.com', 'Blinni', 'Cockshutt', '$2a$04$oM.3AuurPCt/S1J2/yOUU.Tt5dyognTxUjPDogB5RSwdUlHxKNP/y', 'faucibus accumsan odio curabitur convallis duis consequat dui nec', 'sapien arcu sed augue aliquam');
insert into users (email, first_name, last_name, password, dietary_restrictions, accommodations) values ('cnelhams1x@foxnews.com', 'Cosetta', 'Nelhams', '$2a$04$h5Dab.j1zD8GvM8b3LKlC.g/jeCEkb1jw9D2N4MCiZkGpdA/Zc4Nm', 'sit amet eros suspendisse accumsan tortor quis turpis', 'nonummy integer non velit donec diam neque vestibulum eget');
insert into users (email, first_name, last_name, password, dietary_restrictions, accommodations) values ('gfawdry1y@so-net.ne.jp', 'Garrick', 'Fawdry', '$2a$04$dCHI8aZ46h4RKZic2neEcOYLWnHYFNl1MVB3eQ53tu2y53sZV4bdS', 'blandit mi in porttitor pede justo eu', 'eget elit sodales scelerisque mauris sit amet eros suspendisse');
insert into users (email, first_name, last_name, password, dietary_restrictions, accommodations) values ('kbrecken1z@hubpages.com', 'Karissa', 'Brecken', '$2a$04$5tmOp7ToMt2fEmhibQnTJe8RkqDZRJ0v/hHwqZA0jSr0HieiNM2ee', 'placerat ante nulla justo aliquam quis', 'amet lobortis sapien sapien non mi integer ac neque');
insert into users (email, first_name, last_name, password, dietary_restrictions, accommodations) values ('eatkirk20@indiatimes.com', 'Eulalie', 'Atkirk', '$2a$04$kurbkgG9aDC6NNbQ8VPw7ebiWTppZzm2jiFR/oczoHBlGIM/zOPFq', 'nec euismod scelerisque quam turpis adipiscing', 'massa tempor convallis nulla neque libero convallis eget eleifend luctus');
insert into users (email, first_name, last_name, password, dietary_restrictions, accommodations) values ('tguinan21@dailymotion.com', 'Timothea', 'Guinan', '$2a$04$uBk3ToBG3lEKA24l1K6EUe7O9lCX7H5/QubTwfxKGkGbAILLl5nWm', 'nulla ultrices aliquet maecenas leo odio condimentum id luctus nec', 'luctus et ultrices posuere cubilia curae nulla dapibus dolor vel');
insert into users (email, first_name, last_name, password, dietary_restrictions, accommodations) values ('rbawden22@hatena.ne.jp', 'Randolf', 'Bawden', '$2a$04$r70P8H84q5QPLQtaSz8W9e7zNZHHrM.LYUEjYz2vZ7NNz8uHdYj..', 'justo sit amet sapien dignissim vestibulum vestibulum ante', 'metus aenean fermentum donec ut');
insert into users (email, first_name, last_name, password, dietary_restrictions, accommodations) values ('lpickthorn23@google.pl', 'Lothaire', 'Pickthorn', '$2a$04$Q1F2mRNBKof9MFl0xIOx0.cXYAJcqAcjrSqp2sDPv8eS0YYSO2Tvu', 'ultrices libero non mattis pulvinar', 'suspendisse potenti cras in purus eu magna');
insert into users (email, first_name, last_name, password, dietary_restrictions, accommodations) values ('aescoffier24@technorati.com', 'Alyss', 'Escoffier', '$2a$04$ow.vyWb.2fhQVJZ8yh3Ro.WQuoS7oKWwc92c2/x5bWP/VfkFfHBmG', 'amet sem fusce consequat nulla nisl nunc', 'lacinia sapien quis libero nullam sit amet turpis elementum ligula');
insert into users (email, first_name, last_name, password, dietary_restrictions, accommodations) values ('lfronczak25@ucoz.ru', 'Locke', 'Fronczak', '$2a$04$attVrONfcL6xS6rfXdJep.5fP9KBhPYcUQo//Bj/qmHCnGOHKaDSe', 'consequat nulla nisl nunc nisl duis bibendum felis sed', 'sem duis aliquam convallis nunc proin at');
insert into users (email, first_name, last_name, password, dietary_restrictions, accommodations) values ('aandriveau26@weibo.com', 'Anastasie', 'Andriveau', '$2a$04$uCnQLE6wvsgGNg5/EkK1c.XRdDZV48LkKgpKB3.KveKdjqmoruoK.', 'elementum pellentesque quisque porta volutpat', 'in consequat ut nulla sed accumsan');
insert into users (email, first_name, last_name, password, dietary_restrictions, accommodations) values ('gmuckley27@t-online.de', 'Gussi', 'Muckley', '$2a$04$22KNntIprhQuTjEcXvlNq.tmFAn1fwbPEIA4cDcGHvSaZr8hcVesS', 'sapien quis libero nullam sit amet turpis', 'sed augue aliquam erat volutpat in congue');
insert into users (email, first_name, last_name, password, dietary_restrictions, accommodations) values ('spudner28@paypal.com', 'Stinky', 'Pudner', '$2a$04$x.S.Jtg.3SIn.IR9.oipo.HDDpFEAhiw.YSHa0eOU9jo3f7tVFh/a', 'rhoncus aliquam lacus morbi quis tortor id nulla ultrices', 'parturient montes nascetur ridiculus mus');
insert into users (email, first_name, last_name, password, dietary_restrictions, accommodations) values ('ecowton29@bigcartel.com', 'Enrico', 'Cowton', '$2a$04$xaNvw7pepWWAtHau.jXLI.FGOP07i.aehFENXmrnXWHL/bhig6zAm', 'pede justo lacinia eget tincidunt eget tempus vel', 'rutrum nulla nunc purus phasellus in felis donec semper');
insert into users (email, first_name, last_name, password, dietary_restrictions, accommodations) values ('nbenedyktowicz2a@weather.com', 'Norton', 'Benedyktowicz', '$2a$04$.goPGtJ9WCNxtEsUq1TVKOC1nl/8gYMf7SUuX1YzPvNq7M8G3CJ/q', 'eget massa tempor convallis nulla neque libero', 'eleifend quam a odio in hac habitasse platea dictumst');
insert into users (email, first_name, last_name, password, dietary_restrictions, accommodations) values ('ffrankel2b@paypal.com', 'Francoise', 'Frankel', '$2a$04$x5wszT1.oUryl6a4fk.rp.Tqvw50Vfrpeu3yhkAA8a49FyBo4P1.q', 'lorem integer tincidunt ante vel ipsum praesent', 'tincidunt eget tempus vel pede morbi porttitor lorem id');
insert into users (email, first_name, last_name, password, dietary_restrictions, accommodations) values ('ckulicke2c@purevolume.com', 'Colly', 'Kulicke', '$2a$04$0UZif1Vk22qe2WMvULU6FeMME93k6hdw6o1yBWT4Nq7QDAuavkIHa', 'penatibus et magnis dis parturient', 'maecenas leo odio condimentum id luctus');
insert into users (email, first_name, last_name, password, dietary_restrictions, accommodations) values ('ecoldwell2d@hhs.gov', 'Enrica', 'Coldwell', '$2a$04$Di3JcKZmtYhl3DjOp.q/E.AW0vM/nUEm27emkREPqoiDqaiGXGzXO', 'in faucibus orci luctus et', 'a suscipit nulla elit ac nulla sed');
insert into users (email, first_name, last_name, password, dietary_restrictions, accommodations) values ('wthorp2e@imgur.com', 'Willa', 'Thorp', '$2a$04$jsduvCUoCNOvOUMB66ozSeeL9HQVl8CpC7R5gUDQLH96PZ5j3KGEe', 'cras in purus eu magna vulputate luctus', 'nisi volutpat eleifend donec ut dolor morbi vel lectus');
insert into users (email, first_name, last_name, password, dietary_restrictions, accommodations) values ('fmabon2f@ucsd.edu', 'Franny', 'Mabon', '$2a$04$o/SVLndFhibyc7fdKG.SrOoFZ3Vj4fQQpkJWJ5mYju.J/yYWr3uYy', 'integer ac neque duis bibendum', 'ultrices libero non mattis pulvinar nulla pede');
insert into users (email, first_name, last_name, password, dietary_restrictions, accommodations) values ('abudden2g@bluehost.com', 'Anne-marie', 'Budden', '$2a$04$Jg9ZMxCmkQIfVHQEu7nnG.jnvRoSD3u0iHbsDYrz9fuAjtkTPDy5y', 'enim sit amet nunc viverra dapibus nulla suscipit ligula', 'in faucibus orci luctus et ultrices posuere cubilia');
insert into users (email, first_name, last_name, password, dietary_restrictions, accommodations) values ('rwoodrow2h@java.com', 'Roxane', 'Woodrow', '$2a$04$Nj99PxQdZJePHDpZtHD/WuqouMZJR4IzbsEn.SaFtIU8aame0rWdW', 'suscipit nulla elit ac nulla sed vel enim sit amet', 'eget orci vehicula condimentum curabitur in libero ut massa');
insert into users (email, first_name, last_name, password, dietary_restrictions, accommodations) values ('mdunbar2i@comsenz.com', 'Mignonne', 'Dunbar', '$2a$04$SuAdrOK1xphcVJWA4PV/BOAAu7NQ7LdqvQPYX8jrcNnXfYGoNIRVW', 'eget semper rutrum nulla nunc purus phasellus', 'faucibus cursus urna ut tellus');
insert into users (email, first_name, last_name, password, dietary_restrictions, accommodations) values ('mpeake2j@mapquest.com', 'Malanie', 'Peake', '$2a$04$q1eGkj.OaDhFi2en2MDSseZ7Z5X31ey51Nxp2ez9mc46izjcbl6LO', 'montes nascetur ridiculus mus vivamus vestibulum sagittis', 'nullam varius nulla facilisi cras non velit nec nisi');
insert into users (email, first_name, last_name, password, dietary_restrictions, accommodations) values ('ddavidov2k@so-net.ne.jp', 'Duff', 'Davidov', '$2a$04$YmL070/xOkqzGZkjZ.YrH.5loRfSP5X4JmDNoDwyeGhDEnOZJHUx2', 'ipsum dolor sit amet consectetuer adipiscing elit proin risus praesent', 'aenean fermentum donec ut mauris eget massa tempor');
insert into users (email, first_name, last_name, password, dietary_restrictions, accommodations) values ('jcolisbe2l@edublogs.org', 'Jerrine', 'Colisbe', '$2a$04$766ni3mO1zKPZdA2gNJbcO7AfoiJcNXdXBhiv3g2rounID0KW3MbS', 'dolor morbi vel lectus in quam fringilla rhoncus mauris enim', 'arcu adipiscing molestie hendrerit at vulputate vitae nisl aenean');
insert into users (email, first_name, last_name, password, dietary_restrictions, accommodations) values ('rgilbody2m@si.edu', 'Riordan', 'Gilbody', '$2a$04$Z2SdlIiM9EEBZXBJMwTVl.QOakABH5gN7x/CztuY5UBZXK8BLZbX.', 'in tempus sit amet sem fusce', 'eget rutrum at lorem integer tincidunt ante');
insert into users (email, first_name, last_name, password, dietary_restrictions, accommodations) values ('blaugharne2n@example.com', 'Bronnie', 'Laugharne', '$2a$04$N/34eCzB8U32kLRxVnpjqOql9HjDh.LDyhaCbeNhyGj7GVO12tVhG', 'purus aliquet at feugiat non pretium quis', 'nulla ut erat id mauris');
insert into users (email, first_name, last_name, password, dietary_restrictions, accommodations) values ('tfermor2o@ucsd.edu', 'Tamma', 'Fermor', '$2a$04$PASryVWtORwEMI2h5nnlXOCogDODsY2yyDvTzKHAre6bPFgxlEdYG', 'pharetra magna vestibulum aliquet ultrices erat tortor sollicitudin', 'vel pede morbi porttitor lorem id ligula suspendisse');
insert into users (email, first_name, last_name, password, dietary_restrictions, accommodations) values ('rocorren2p@dyndns.org', 'Rodney', 'O''Corren', '$2a$04$LYVl75nPeOhOb9bfFRrIy./ceZ/C5T7/FWvWTm0O4v9aedv04/Q7W', 'libero rutrum ac lobortis vel dapibus at diam', 'a ipsum integer a nibh in quis');
insert into users (email, first_name, last_name, password, dietary_restrictions, accommodations) values ('rknoton2q@360.cn', 'Reggis', 'Knoton', '$2a$04$6p6LbGTtjFlCWWleyLZbveuv/iDUP9NK668E66kEcjSDAby./gNQG', 'donec vitae nisi nam ultrices', 'eu interdum eu tincidunt in leo');
insert into users (email, first_name, last_name, password, dietary_restrictions, accommodations) values ('cflowers2r@amazon.co.uk', 'Caldwell', 'Flowers', '$2a$04$ob0agINd3aW0bTUSJrk3iuOUgdIG1rwIBaDVpFXFnGioqqs4lDWPS', 'pretium quis lectus suspendisse potenti in eleifend', 'mauris sit amet eros suspendisse accumsan tortor quis');
insert into users (email, first_name, last_name, password, dietary_restrictions, accommodations) values ('eramelet2s@jiathis.com', 'Ertha', 'Ramelet', '$2a$04$xad3cSzzjGX5cw7zCu2x.e.BC0bHCF5c/ubvyfe15pLlkbYe9DKhq', 'dui maecenas tristique est et tempus semper', 'nam congue risus semper porta');
insert into users (email, first_name, last_name, password, dietary_restrictions, accommodations) values ('acouldwell2t@yelp.com', 'Ailyn', 'Couldwell', '$2a$04$PZVknf27vorTp8DvJ1Y8F.3aW9mfIUBjJiDPIZ6drHrzHMWi35dki', 'tellus semper interdum mauris ullamcorper purus sit amet nulla', 'arcu sed augue aliquam erat volutpat in congue');
insert into users (email, first_name, last_name, password, dietary_restrictions, accommodations) values ('mfatharly2u@macromedia.com', 'Mellie', 'Fatharly', '$2a$04$vE9vkVfO97h2ozB/aIh41uv5fKjeFPklc/bdYIGRMucrPkuSvSpA.', 'nisi venenatis tristique fusce congue diam id', 'pede ac diam cras pellentesque volutpat');
insert into users (email, first_name, last_name, password, dietary_restrictions, accommodations) values ('oisaac2v@diigo.com', 'Odessa', 'Isaac', '$2a$04$1CvcSpYHESVcL3pJGzsNbu1hCduErfxGWCkmsEtka6F9f7vwmCXwO', 'augue vestibulum ante ipsum primis in faucibus', 'sed tincidunt eu felis fusce posuere');
insert into users (email, first_name, last_name, password, dietary_restrictions, accommodations) values ('baime2w@nationalgeographic.com', 'Beckie', 'Aime', '$2a$04$pZk/mxbE/.rxrEfld8fe2e636nylRpXRjfq7Qv/0UkboGxVnzu926', 'adipiscing elit proin risus praesent lectus vestibulum', 'lectus suspendisse potenti in eleifend quam a odio in hac');
insert into users (email, first_name, last_name, password, dietary_restrictions, accommodations) values ('loxenden2x@soup.io', 'Langsdon', 'Oxenden', '$2a$04$Uy8zJ/9Dtrexev9x/2aWYeNdfZmeDUf.kpIOurNUmvGTxQc3P.2Za', 'ac enim in tempor turpis', 'lorem ipsum dolor sit amet consectetuer adipiscing elit proin');
insert into users (email, first_name, last_name, password, dietary_restrictions, accommodations) values ('gmakey2y@msu.edu', 'Grantley', 'Makey', '$2a$04$IejOg61GmxIW1JxvEuFi0ufhI.apr54RU4NhMv0o2TMeeMrTcHvly', 'amet cursus id turpis integer aliquet massa id lobortis convallis', 'potenti nullam porttitor lacus at turpis donec posuere');
insert into users (email, first_name, last_name, password, dietary_restrictions, accommodations) values ('mbutland2z@eventbrite.com', 'Minny', 'Butland', '$2a$04$dM4UJGIIVztFUmpgKmCUi.5T9s0oJrOlLFCRCweKPATbrTIA/8DqO', 'quam sollicitudin vitae consectetuer eget', 'ut massa quis augue luctus tincidunt nulla mollis molestie lorem');
insert into users (email, first_name, last_name, password, dietary_restrictions, accommodations) values ('phubner30@booking.com', 'Portie', 'Hubner', '$2a$04$Q21vHirz3mwwI.mftvWqn.VIW6rcIi1ySD4XqY7e10RrXkKo/SJcK', 'in hac habitasse platea dictumst etiam faucibus', 'id ligula suspendisse ornare consequat lectus in est risus');
insert into users (email, first_name, last_name, password, dietary_restrictions, accommodations) values ('kogorman31@google.it', 'Kate', 'O''Gorman', '$2a$04$bVpzHOMN8WkSTT1iw2k94.dVRa/6FYUYbkRu2zsCW5wmD7N.Q7Lce', 'luctus et ultrices posuere cubilia curae mauris viverra diam', 'donec pharetra magna vestibulum aliquet ultrices');
insert into users (email, first_name, last_name, password, dietary_restrictions, accommodations) values ('pbason32@eepurl.com', 'Prudence', 'Bason', '$2a$04$iNdK5oWzf7sH.M/MJMdXMeodk9tN9YRTB2YFUUw3qOkqdSQ3qLnCu', 'dignissim vestibulum vestibulum ante ipsum primis in faucibus', 'scelerisque mauris sit amet eros suspendisse accumsan');
insert into users (email, first_name, last_name, password, dietary_restrictions, accommodations) values ('zcastiblanco33@homestead.com', 'Zoe', 'Castiblanco', '$2a$04$8PeltjnGxmeOyvng84hsROs4fu9sfT1uIG7HKwuGsX.OZCFwqj5ca', 'at turpis a pede posuere', 'volutpat in congue etiam justo etiam pretium iaculis justo in');
insert into users (email, first_name, last_name, password, dietary_restrictions, accommodations) values ('dbarhems34@myspace.com', 'Davon', 'Barhems', '$2a$04$JA15djAvN5uGNwDDVWVPCus7uknTTSwomW6SS4gBvGK8.4TCF0iQG', 'blandit nam nulla integer pede justo lacinia eget', 'felis eu sapien cursus vestibulum proin eu mi');
insert into users (email, first_name, last_name, password, dietary_restrictions, accommodations) values ('tgrindrod35@baidu.com', 'Teodor', 'Grindrod', '$2a$04$cb0whnjnX3BotNqkHEbWpu54b0SKeJl1yC62oCfqUetdR1L2CRElC', 'hac habitasse platea dictumst etiam', 'sit amet nulla quisque arcu libero rutrum ac lobortis vel');
insert into users (email, first_name, last_name, password, dietary_restrictions, accommodations) values ('aorwin36@vinaora.com', 'Aland', 'Orwin', '$2a$04$BqFjpk2fErDjE48sl2uK/O3uCGAgOKKtbQLzZt1aMOIg164SFjA8q', 'et ultrices posuere cubilia curae', 'morbi ut odio cras mi pede malesuada in imperdiet');
insert into users (email, first_name, last_name, password, dietary_restrictions, accommodations) values ('lguilaem37@upenn.edu', 'Lilla', 'Guilaem', '$2a$04$XeQ8C.WuFdpMV3zjHqCAceh9HHkPOIhZBbppZPWMdLc51xUOXsC1e', 'justo in blandit ultrices enim lorem ipsum', 'est lacinia nisi venenatis tristique fusce');
insert into users (email, first_name, last_name, password, dietary_restrictions, accommodations) values ('cwoodyear38@irs.gov', 'Chuck', 'Woodyear', '$2a$04$cwFnJL/CdmSroeHvX9A9..QgfIP7.coe5bZ3BLtcLPcAlWHVx.Kuq', 'eleifend pede libero quis orci nullam molestie nibh in lectus', 'sem fusce consequat nulla nisl nunc nisl');
insert into users (email, first_name, last_name, password, dietary_restrictions, accommodations) values ('kbessey39@usgs.gov', 'Kelci', 'Bessey', '$2a$04$ziybJa.jmwGFTQf7AUVp6uPBjnsw5MWLrCalztZ72UHuFovshBoci', 'cubilia curae nulla dapibus dolor vel', 'amet nulla quisque arcu libero');
insert into users (email, first_name, last_name, password, dietary_restrictions, accommodations) values ('bmoynihan3a@indiatimes.com', 'Beitris', 'Moynihan', '$2a$04$ytDzEp.3FwHvxpo5u1zghukZbF.nMzJL7GnK3/.CMK2aBcc53.HSC', 'nulla sed accumsan felis ut at dolor quis odio', 'quisque porta volutpat erat quisque erat');
insert into users (email, first_name, last_name, password, dietary_restrictions, accommodations) values ('dwinckworth3b@desdev.cn', 'Derby', 'Winckworth', '$2a$04$JkFTfdI2S5DwpcElp8oDN.YUE7vsVwcYmN7WV1Uu40XVScL2uOMaW', 'tellus nulla ut erat id mauris vulputate elementum nullam varius', 'morbi sem mauris laoreet ut');
insert into users (email, first_name, last_name, password, dietary_restrictions, accommodations) values ('dmcinally3c@ifeng.com', 'Dannye', 'McInally', '$2a$04$3RpDKvu24jN3JpPQQe.8.exqHQQ41zbVjDJm.AZShj8pN6w4KMivO', 'et magnis dis parturient montes nascetur ridiculus mus', 'sollicitudin mi sit amet lobortis sapien sapien non mi integer');
insert into users (email, first_name, last_name, password, dietary_restrictions, accommodations) values ('pblaschke3d@eepurl.com', 'Pernell', 'Blaschke', '$2a$04$YVcWv8v4L9eKCW1CScBJjucIh/701ZxQ75iR9FegP07n6QMfRDIZS', 'eleifend quam a odio in hac habitasse platea dictumst', 'sit amet consectetuer adipiscing elit proin interdum mauris non');
insert into users (email, first_name, last_name, password, dietary_restrictions, accommodations) values ('eyanshonok3e@chronoengine.com', 'Elsa', 'Yanshonok', '$2a$04$ShsfkdAQ4uy9IlVtDfZX4.wG7/d4vKFiLqo0HUY63/74WnT7.PqMa', 'sed sagittis nam congue risus semper porta volutpat quam', 'vivamus in felis eu sapien cursus vestibulum proin eu');
insert into users (email, first_name, last_name, password, dietary_restrictions, accommodations) values ('kenser3f@list-manage.com', 'Konstantin', 'Enser', '$2a$04$trtWFkS88EODJxpG/EcUD.qzrjBcIcLe/rzXkv7yreC8pCCXh7XfS', 'lobortis est phasellus sit amet erat nulla tempus vivamus', 'id consequat in consequat ut nulla');
insert into users (email, first_name, last_name, password, dietary_restrictions, accommodations) values ('paveyard3g@buzzfeed.com', 'Paxon', 'Aveyard', '$2a$04$bmKU7CHCfkkch5n/atWeS.geJWkazPqZ0StIezE8d5sO0XNTMRZRC', 'volutpat in congue etiam justo etiam pretium iaculis justo in', 'justo aliquam quis turpis eget elit');
insert into users (email, first_name, last_name, password, dietary_restrictions, accommodations) values ('rmangin3h@java.com', 'Roana', 'Mangin', '$2a$04$igNjPktILUmEOhSOsrNYZOLqbIYQ8c0hjqXB2.diIBl2dfHFbfpYC', 'varius ut blandit non interdum in', 'turpis integer aliquet massa id lobortis');
insert into users (email, first_name, last_name, password, dietary_restrictions, accommodations) values ('aranyell3i@bigcartel.com', 'Annie', 'Ranyell', '$2a$04$i/PyNifOr0PQxnojc8RdBOJEIXM47yFNEj5rwSfYmo4jAGeOF8Bdy', 'ut nunc vestibulum ante ipsum primis in faucibus orci', 'penatibus et magnis dis parturient montes nascetur ridiculus');
insert into users (email, first_name, last_name, password, dietary_restrictions, accommodations) values ('mshobbrook3j@howstuffworks.com', 'Myrtia', 'Shobbrook', '$2a$04$kfnYwWRT6AAD6zkKfNGe.eqVCG/EHN7mg/SznsX/rfSpQat6sLNIi', 'ipsum dolor sit amet consectetuer adipiscing elit', 'interdum venenatis turpis enim blandit mi in');
insert into users (email, first_name, last_name, password, dietary_restrictions, accommodations) values ('lbummfrey3k@prlog.org', 'Leta', 'Bummfrey', '$2a$04$yXP1HPidxy6lXzaYRfSMGueels.qXuPMhUAPbNhWOx2shBubgc5sS', 'neque duis bibendum morbi non', 'duis consequat dui nec nisi volutpat eleifend donec ut');
insert into users (email, first_name, last_name, password, dietary_restrictions, accommodations) values ('egallehawk3l@cloudflare.com', 'Estrella', 'Gallehawk', '$2a$04$xhGVRJKZLJNFo/Jjt.UDp.JiMgxkKhoSi5u6QOW8iJ/SiPcxlocO2', 'nisi vulputate nonummy maecenas tincidunt lacus at velit vivamus', 'in magna bibendum imperdiet nullam orci');
insert into users (email, first_name, last_name, password, dietary_restrictions, accommodations) values ('bbeven3m@twitter.com', 'Beryl', 'Beven', '$2a$04$qrF2bbS4NCnx1/Xbdi3aqucAXf44XXRurde92LSQJ0tMa.J79lFFe', 'in leo maecenas pulvinar lobortis', 'porttitor id consequat in consequat');
insert into users (email, first_name, last_name, password, dietary_restrictions, accommodations) values ('bshackleton3n@google.co.uk', 'Balduin', 'Shackleton', '$2a$04$AYeDAFdtP/nALsAzkVpqj.9B7kxXzT5cyUseJJzgOmYMkj/nru.BC', 'vel accumsan tellus nisi eu', 'a nibh in quis justo maecenas rhoncus aliquam');
insert into users (email, first_name, last_name, password, dietary_restrictions, accommodations) values ('bpeterson3o@dailymail.co.uk', 'Brnaby', 'Peterson', '$2a$04$66arSWKgtKlAgV91gW/Ev.Vk.8lQNG4oSEOeleBtbBImrTW4DiYHO', 'vestibulum quam sapien varius ut', 'duis faucibus accumsan odio curabitur convallis duis consequat');
insert into users (email, first_name, last_name, password, dietary_restrictions, accommodations) values ('jnormavell3p@noaa.gov', 'Jozef', 'Normavell', '$2a$04$UFCrLzfcJkJwVnaPZ0uU8u/4B6gigL4CvKK/LhKHxLgNJrgBX2ewS', 'nulla sed accumsan felis ut at', 'pellentesque ultrices mattis odio donec vitae');
insert into users (email, first_name, last_name, password, dietary_restrictions, accommodations) values ('sdennick3q@unc.edu', 'Sherwin', 'Dennick', '$2a$04$DyiszFMRzeUVVgutauFe7eoUQrBpHoNhC3VzuBjQUXt9Ny7CjfOz.', 'vestibulum sagittis sapien cum sociis natoque penatibus', 'vestibulum proin eu mi nulla ac enim in');
insert into users (email, first_name, last_name, password, dietary_restrictions, accommodations) values ('bfarran3r@weebly.com', 'Benn', 'Farran', '$2a$04$g68WKPovwAqT61a0KCn2TejQduNW57f43pJoGtn1aAeTaaIajVGHO', 'sapien placerat ante nulla justo aliquam quis', 'lorem vitae mattis nibh ligula nec sem duis aliquam');
insert into users (email, first_name, last_name, password, dietary_restrictions, accommodations) values ('eschiesterl3s@wufoo.com', 'Estel', 'Schiesterl', '$2a$04$EYcC3TS1vuNjmAhZFgXmj.OaZ.RoT0UQxz1caoUP2xs7dgicEpei2', 'purus eu magna vulputate luctus cum sociis', 'ut odio cras mi pede malesuada in imperdiet et commodo');
insert into users (email, first_name, last_name, password, dietary_restrictions, accommodations) values ('hchishull3t@ycombinator.com', 'Hanny', 'Chishull', '$2a$04$q44TYwtQ5rz2PsxNmZlTq.cAaiQEDl/6t3yr/z3wbCmYBKJCLXM4e', 'libero nullam sit amet turpis elementum ligula', 'ante vivamus tortor duis mattis egestas metus');
insert into users (email, first_name, last_name, password, dietary_restrictions, accommodations) values ('gmateus3u@oaic.gov.au', 'Gayler', 'Mateus', '$2a$04$sHm4vqSI4BwLnNSednuAsOFF7PZ2TK1dtGyWM8oLtJlGBUs4z93mO', 'risus dapibus augue vel accumsan tellus', 'nibh ligula nec sem duis aliquam convallis nunc proin');
insert into users (email, first_name, last_name, password, dietary_restrictions, accommodations) values ('cprestner3v@qq.com', 'Chad', 'Prestner', '$2a$04$bEUMBNUoQpnqy4/ua2diWuruxSeVYorn15WAvPQyNbDwfrQtIJfii', 'erat eros viverra eget congue eget semper rutrum', 'vel enim sit amet nunc viverra dapibus nulla suscipit ligula');
insert into users (email, first_name, last_name, password, dietary_restrictions, accommodations) values ('myepiskopov3w@about.me', 'Marcel', 'Yepiskopov', '$2a$04$jPAEE1boAOmvJISKQ9.5XehvyhYWr56ljsIxRnq.XQqR3WAH2XNcy', 'aenean auctor gravida sem praesent id massa id', 'risus praesent lectus vestibulum quam');
insert into users (email, first_name, last_name, password, dietary_restrictions, accommodations) values ('wmurfett3x@unicef.org', 'Waldo', 'Murfett', '$2a$04$qp6di8Iu8cisZasjwpFMj.qLPkidv4PcXFzKtAG498/etmq/XDgX2', 'vulputate luctus cum sociis natoque', 'eros suspendisse accumsan tortor quis turpis sed');
insert into users (email, first_name, last_name, password, dietary_restrictions, accommodations) values ('jmccandless3y@paypal.com', 'Jemimah', 'McCandless', '$2a$04$oIj6CtoDLsJ8sDPDsmdAXOuQJBov1A8Y4VJ8PBZCcjq2ks5JqzgVC', 'elementum nullam varius nulla facilisi cras', 'consequat ut nulla sed accumsan felis');
insert into users (email, first_name, last_name, password, dietary_restrictions, accommodations) values ('fsweett3z@1688.com', 'Fidelio', 'Sweett', '$2a$04$hYfEpBo2iHTcP9eYkqpTWuPy8kdRwK2KbCItoM0Oif5MAmpYcwQEi', 'dui nec nisi volutpat eleifend donec ut', 'hac habitasse platea dictumst morbi vestibulum velit id pretium');
insert into users (email, first_name, last_name, password, dietary_restrictions, accommodations) values ('gwilfing40@sfgate.com', 'Georgianne', 'Wilfing', '$2a$04$uINN4.GlwZLt9G0L5YR1UeKBaYX0mTRIANezj/lsqF5HxMGQn8XDe', 'suspendisse potenti nullam porttitor lacus at turpis donec posuere metus', 'eleifend donec ut dolor morbi vel lectus in quam fringilla');
insert into users (email, first_name, last_name, password, dietary_restrictions, accommodations) values ('bpaolucci41@vistaprint.com', 'Brnaby', 'Paolucci', '$2a$04$nBbG7lceaq8IxZ72cLdVeeGDCqEpGrBf7wZ9sUHsC9/QFAasxo4SC', 'cum sociis natoque penatibus et magnis dis parturient montes nascetur', 'habitasse platea dictumst etiam faucibus cursus');
insert into users (email, first_name, last_name, password, dietary_restrictions, accommodations) values ('gcastro42@pinterest.com', 'Genevieve', 'Castro', '$2a$04$hNxADm67QOID/ImvIKzvLOb2hTC.UevF9ueHMdxw0n.Cyz6/AmZr6', 'nisl aenean lectus pellentesque eget nunc donec quis orci', 'odio odio elementum eu interdum');
insert into users (email, first_name, last_name, password, dietary_restrictions, accommodations) values ('bcrucetti43@cnbc.com', 'Bern', 'Crucetti', '$2a$04$dvJ71GJIlWGiVWk6LbrhuenLjSQxakkY/L8PSMvpRfWzI/OLVc5cm', 'tristique in tempus sit amet sem fusce consequat', 'vitae quam suspendisse potenti nullam');
insert into users (email, first_name, last_name, password, dietary_restrictions, accommodations) values ('lswaton44@baidu.com', 'Lindsay', 'Swaton', '$2a$04$6XYt5MEgiThrzHDsDDOWP.K6G88VF/.k/i31bLAnLGKmirag31iSe', 'sed accumsan felis ut at dolor', 'aliquam convallis nunc proin at turpis a pede');
insert into users (email, first_name, last_name, password, dietary_restrictions, accommodations) values ('urandleson45@narod.ru', 'Ursuline', 'Randleson', '$2a$04$.mt2YjMhclBjJebi5rU5dOU6Ipu5zV2eCeOIOanmgKrZh4S5XkOpS', 'id luctus nec molestie sed justo', 'nibh quisque id justo sit amet sapien dignissim');
insert into users (email, first_name, last_name, password, dietary_restrictions, accommodations) values ('swhorlow46@jalbum.net', 'Sena', 'Whorlow', '$2a$04$8uekyzG5s/O4SZSU/t2c.uGtwX0ST.Ty5g8YZ1uRuoFzXzB1ctOmW', 'orci eget orci vehicula condimentum curabitur in', 'lobortis sapien sapien non mi integer ac neque duis bibendum');
insert into users (email, first_name, last_name, password, dietary_restrictions, accommodations) values ('dkillner47@pinterest.com', 'Darda', 'Killner', '$2a$04$r0/zy7kLRvJuTet/eVPf2Osihh3PBAFfk.fbv7wbB83IC.2LBGzWa', 'dictumst aliquam augue quam sollicitudin vitae', 'interdum venenatis turpis enim blandit mi in');
insert into users (email, first_name, last_name, password, dietary_restrictions, accommodations) values ('mdabinett48@goo.gl', 'Marlena', 'Dabinett', '$2a$04$cS.ykVkmT2VYtZ39oQoay.LwU5Ug72HxL.uWL661b.mjnz7DUOl8.', 'consequat nulla nisl nunc nisl', 'tempus vel pede morbi porttitor lorem id');
insert into users (email, first_name, last_name, password, dietary_restrictions, accommodations) values ('rfayer49@netlog.com', 'Roderigo', 'Fayer', '$2a$04$LAw22CTymulrCzOY5qviruwTDzn1IGqTlxFAI5gpf66E7NY7vukG.', 'pretium iaculis diam erat fermentum justo', 'lorem vitae mattis nibh ligula nec sem');
insert into users (email, first_name, last_name, password, dietary_restrictions, accommodations) values ('lmarmion4a@economist.com', 'Lorna', 'Marmion', '$2a$04$g4HkcTgyc3kJhr768NAl/.v5uRDVU0cauFqchtcfrfoQKhFomA.UK', 'justo aliquam quis turpis eget elit sodales scelerisque mauris sit', 'in faucibus orci luctus et ultrices posuere cubilia curae duis');
insert into users (email, first_name, last_name, password, dietary_restrictions, accommodations) values ('gohalleghane4b@timesonline.co.uk', 'Gawen', 'O''Halleghane', '$2a$04$NYkn2lV4eCe6aBTfo.dv8u7La7FVcP87qs5h/P.RcupgRMPXnWh5W', 'luctus tincidunt nulla mollis molestie lorem', 'amet sapien dignissim vestibulum vestibulum ante');
insert into users (email, first_name, last_name, password, dietary_restrictions, accommodations) values ('mwhiles4c@networksolutions.com', 'Marian', 'Whiles', '$2a$04$A162sNRUYt/k0rhwhrRQieUrI23LVDSGCXqV.xz2gzdz6z.3rn9fa', 'morbi sem mauris laoreet ut rhoncus', 'volutpat in congue etiam justo etiam pretium iaculis');
insert into users (email, first_name, last_name, password, dietary_restrictions, accommodations) values ('rbaseley4d@paypal.com', 'Ring', 'Baseley', '$2a$04$IskS1UuYGKAmz/AxJmQfFOzIAcwnh8jdwOtQ6E3OFzmn.tt9y9wda', 'in imperdiet et commodo vulputate', 'donec pharetra magna vestibulum aliquet ultrices erat tortor sollicitudin');
insert into users (email, first_name, last_name, password, dietary_restrictions, accommodations) values ('treace4e@cnn.com', 'Tessi', 'Reace', '$2a$04$BIFLUMtQtiP2cLSCQ/m01uDe9CTT1C2NsCE2a9J4j/gQDtzbtVwN6', 'amet sapien dignissim vestibulum vestibulum ante ipsum primis', 'lacus at turpis donec posuere metus vitae ipsum aliquam');
insert into users (email, first_name, last_name, password, dietary_restrictions, accommodations) values ('speschmann4f@bizjournals.com', 'Stearn', 'Peschmann', '$2a$04$v.Q73xlZX01sGo2Fr7TS/ueou/MtbfnKh.eWMZgFGTxw6xx2/GL2.', 'dictumst morbi vestibulum velit id pretium iaculis diam', 'pede ullamcorper augue a suscipit nulla');
insert into users (email, first_name, last_name, password, dietary_restrictions, accommodations) values ('hgodmar4g@nbcnews.com', 'Hartley', 'Godmar', '$2a$04$dPh1JCK5gzQKvv58pauPrO.QtD.iJzhTIO4g7TpRv8LpI3UBTxA5a', 'adipiscing elit proin risus praesent lectus vestibulum quam sapien', 'bibendum imperdiet nullam orci pede venenatis non sodales sed tincidunt');
insert into users (email, first_name, last_name, password, dietary_restrictions, accommodations) values ('aterrans4h@diigo.com', 'Aldwin', 'Terrans', '$2a$04$dnyDINK6Ym7n4tTFo3YuWODXoUBwClZQ0N6TW0J/PLm.FEeWsv1Ba', 'non ligula pellentesque ultrices phasellus id', 'tellus nisi eu orci mauris lacinia sapien quis');
insert into users (email, first_name, last_name, password, dietary_restrictions, accommodations) values ('hnorthedge4i@census.gov', 'Hans', 'Northedge', '$2a$04$xoe9gCuqidWrqHXKEemNx.lsBqHAPa9DNKg3McmiK.lAuIrWGbDyC', 'eros elementum pellentesque quisque porta', 'orci luctus et ultrices posuere cubilia curae donec pharetra magna');
insert into users (email, first_name, last_name, password, dietary_restrictions, accommodations) values ('btremblay4j@epa.gov', 'Bonni', 'Tremblay', '$2a$04$AQLVPbz.GJ9Vek3eRIN8IOVULCxCN4YiR9F7csJ8J7/A2Es4Dy90W', 'massa donec dapibus duis at velit eu', 'phasellus sit amet erat nulla tempus vivamus in felis');
insert into users (email, first_name, last_name, password, dietary_restrictions, accommodations) values ('sconkey4k@seesaa.net', 'Samson', 'Conkey', '$2a$04$mBUzFmzZBbR9Ylkvo8ml7eJ6NXfRCVaBRGqTKWddFLf3qKk8BfkAC', 'luctus cum sociis natoque penatibus et', 'vulputate vitae nisl aenean lectus pellentesque eget nunc');
insert into users (email, first_name, last_name, password, dietary_restrictions, accommodations) values ('hmerryweather4l@craigslist.org', 'Herculie', 'Merryweather', '$2a$04$DlImoea.2ZsrDl3xgx4DnOg.Mdc8d/YVkUi001l7exH46oAxvfZea', 'cras non velit nec nisi vulputate nonummy maecenas tincidunt lacus', 'sit amet eleifend pede libero');
insert into users (email, first_name, last_name, password, dietary_restrictions, accommodations) values ('wblogg4m@flavors.me', 'Wilburt', 'Blogg', '$2a$04$T84l9IEJ5bvf3PQo5tnhnOTsJHy/I3ziMzj/ZFPvGwXF43xR2DMoG', 'ultrices posuere cubilia curae donec pharetra magna vestibulum aliquet', 'nunc purus phasellus in felis donec semper sapien a');
insert into users (email, first_name, last_name, password, dietary_restrictions, accommodations) values ('ckerton4n@thetimes.co.uk', 'Chas', 'Kerton', '$2a$04$/9FYxYhr7sFCiOaeEyTe9.2we5gIDbQDDPc7J50yqs37MFGODMExK', 'faucibus accumsan odio curabitur convallis', 'ut nulla sed accumsan felis ut at dolor');
insert into users (email, first_name, last_name, password, dietary_restrictions, accommodations) values ('kdeighan4o@so-net.ne.jp', 'Karalynn', 'Deighan', '$2a$04$CF1KY2nhX7T6LEFDSfrjYedaSC5QPYB/SXvYWsVzoE6BUfXnjQpGS', 'eget eros elementum pellentesque quisque', 'sem praesent id massa id nisl venenatis');
insert into users (email, first_name, last_name, password, dietary_restrictions, accommodations) values ('rmabley4p@senate.gov', 'Roby', 'Mabley', '$2a$04$ziE2SNRG./wKbqPNEr3CN..in4KQi4eQ3dgwEB7CbJurMnJ52URP.', 'ipsum primis in faucibus orci', 'nibh in hac habitasse platea dictumst');
insert into users (email, first_name, last_name, password, dietary_restrictions, accommodations) values ('cbannon4q@ted.com', 'Clair', 'Bannon', '$2a$04$C477S8eoo6A/B1eVOXf4UOfV5KWyeCMhVMLi5Df55d/AjHbtAsuI.', 'turpis enim blandit mi in porttitor pede justo eu massa', 'tempus vivamus in felis eu sapien');
insert into users (email, first_name, last_name, password, dietary_restrictions, accommodations) values ('chonsch4r@phoca.cz', 'Conrade', 'Honsch', '$2a$04$0iS4JMYsWqI4cJmGdfSlMuszAPQD84dtvfM1rVHuqNELlfuIUE/re', 'ac lobortis vel dapibus at', 'sapien cursus vestibulum proin eu mi nulla');
insert into users (email, first_name, last_name, password, dietary_restrictions, accommodations) values ('fkleeborn4s@unesco.org', 'Fifi', 'Kleeborn', '$2a$04$Hza8XtBCWO2vwHp8jDqXnO8kxbR5SjkEZPULtGS0WF/40pA39B4g2', 'consequat ut nulla sed accumsan felis ut at dolor', 'massa tempor convallis nulla neque libero');
insert into users (email, first_name, last_name, password, dietary_restrictions, accommodations) values ('arives4t@technorati.com', 'Andeee', 'Rives', '$2a$04$gK7GZ7Fe99QlrF7lH3DO8ONvjjNTXwzXrO1uQz8bxl8qEzkTkgGhu', 'augue quam sollicitudin vitae consectetuer eget rutrum at', 'consequat ut nulla sed accumsan felis ut at dolor');
insert into users (email, first_name, last_name, password, dietary_restrictions, accommodations) values ('cpanyer4u@usatoday.com', 'Callie', 'Panyer', '$2a$04$6.XjpICQUI0Tdlu/EYLHq.8sB4D1a5YXM8l3D.GGFZHKtJKINhz4u', 'pretium quis lectus suspendisse potenti in eleifend quam', 'duis ac nibh fusce lacus');
insert into users (email, first_name, last_name, password, dietary_restrictions, accommodations) values ('amackin4v@amazon.co.jp', 'Allsun', 'Mackin', '$2a$04$KV.Dpi6QDRcB1uTOWQqz7.vjbucFKjFLIO1HMn6tH0J5NpTZkOgPa', 'id massa id nisl venenatis lacinia', 'hac habitasse platea dictumst morbi vestibulum velit id pretium iaculis');
insert into users (email, first_name, last_name, password, dietary_restrictions, accommodations) values ('rlees4w@scientificamerican.com', 'Rubia', 'Lees', '$2a$04$tApqIhxitSTMa1gm6Kx3Xex6CKC8CNlZtmMqniLA.TLtdNeVTWba6', 'arcu libero rutrum ac lobortis vel dapibus at', 'eget tincidunt eget tempus vel pede morbi porttitor lorem id');
insert into users (email, first_name, last_name, password, dietary_restrictions, accommodations) values ('sbeckenham4x@google.co.uk', 'Steffane', 'Beckenham', '$2a$04$TWVNCMQbQLrMVZZwfpWEYOBpcRgBVDqu7a6S.nsMe2KTdN4vkT1Ry', 'curabitur convallis duis consequat dui nec nisi volutpat', 'eu interdum eu tincidunt in leo maecenas');
insert into users (email, first_name, last_name, password, dietary_restrictions, accommodations) values ('ccaple4y@furl.net', 'Cris', 'Caple', '$2a$04$PBT3XCihps5/f9sYqMyB/O6eZaY2lUXvOsblgE8BnQkRhccVGDZTS', 'ultrices erat tortor sollicitudin mi sit amet lobortis sapien sapien', 'primis in faucibus orci luctus et ultrices posuere cubilia');
insert into users (email, first_name, last_name, password, dietary_restrictions, accommodations) values ('xlutwidge4z@amazon.de', 'Xenos', 'Lutwidge', '$2a$04$3.qGr4Z7mL3m7VT1gWvR5.G5cIA5KA2Gy4zdF0cxrW8pqly7wgZmK', 'at velit eu est congue elementum in hac habitasse platea', 'a libero nam dui proin leo odio porttitor id consequat');
insert into users (email, first_name, last_name, password, dietary_restrictions, accommodations) values ('arosenauer50@google.com', 'Angie', 'Rosenauer', '$2a$04$WUDyiIPzx5zVk.Cw70AEzO61fx/QcmCMqVYup37zjCjpsioi8pi32', 'venenatis turpis enim blandit mi in porttitor pede justo', 'eget elit sodales scelerisque mauris sit amet eros');
insert into users (email, first_name, last_name, password, dietary_restrictions, accommodations) values ('fbrownlow51@jimdo.com', 'Fielding', 'Brownlow', '$2a$04$2n8h1NIQ3kyVQX.x4kvXKOXvWQsHVuW1vGskajy5FY9YGYuLJ72Va', 'sapien dignissim vestibulum vestibulum ante ipsum primis', 'in porttitor pede justo eu massa donec dapibus duis');
insert into users (email, first_name, last_name, password, dietary_restrictions, accommodations) values ('lvern52@adobe.com', 'Lonna', 'Vern', '$2a$04$FegBB3oyPCI5GhN9xl24Lei8dWvpqpUMswYL0WMrWFZFfDGPosWoa', 'aliquet maecenas leo odio condimentum id luctus', 'at velit eu est congue elementum in hac');
insert into users (email, first_name, last_name, password, dietary_restrictions, accommodations) values ('mvertigan53@1688.com', 'Myrah', 'Vertigan', '$2a$04$jEUSTyer2J7Qy5rxPFFEhuosQMWyTLJz6lyE3eD0c.EYakwwvAagm', 'mi nulla ac enim in tempor turpis nec', 'facilisi cras non velit nec nisi vulputate nonummy maecenas');
insert into users (email, first_name, last_name, password, dietary_restrictions, accommodations) values ('khaggleton54@wired.com', 'Ky', 'Haggleton', '$2a$04$Mx.0dSNwlo89f7gPQa8e3.4ehgk4IxszCy4v2lPKhDxtNHFRD4c.K', 'integer tincidunt ante vel ipsum praesent', 'urna pretium nisl ut volutpat');
insert into users (email, first_name, last_name, password, dietary_restrictions, accommodations) values ('dlismer55@umich.edu', 'Danny', 'Lismer', '$2a$04$tuQEt44raFUw5OmA4F0JBudfjjNCT9Ql0mC0S664GrRwdsIQ2XPZC', 'duis consequat dui nec nisi volutpat eleifend donec ut dolor', 'sed vel enim sit amet nunc viverra dapibus nulla suscipit');
insert into users (email, first_name, last_name, password, dietary_restrictions, accommodations) values ('dleghorn56@51.la', 'Darby', 'Leghorn', '$2a$04$teVM8czH3ehMA/zCZ26FmuuAcbxuKIto2P35f0ku1WK4tqKoqpAM.', 'congue risus semper porta volutpat quam pede lobortis', 'enim leo rhoncus sed vestibulum sit amet cursus id turpis');
insert into users (email, first_name, last_name, password, dietary_restrictions, accommodations) values ('bharniman57@acquirethisname.com', 'Bette-ann', 'Harniman', '$2a$04$FFiiaNhWxp9X6cRYcHvS5.qqADu9F/E7NiUQrKdYQ58ohrd3gn/FO', 'quam pede lobortis ligula sit amet', 'eget semper rutrum nulla nunc purus');
insert into users (email, first_name, last_name, password, dietary_restrictions, accommodations) values ('cdennerley58@stanford.edu', 'Catha', 'Dennerley', '$2a$04$WosaO5M5zuyWo1FMZSc/0uGn.rcrvtVnRGCm9BVRXl.9hLksAKGGa', 'erat id mauris vulputate elementum nullam varius nulla facilisi', 'turpis a pede posuere nonummy integer');
insert into users (email, first_name, last_name, password, dietary_restrictions, accommodations) values ('lschuster59@themeforest.net', 'Lucho', 'Schuster', '$2a$04$2g77F5Iwibd.0g.nZLR5j.F1BO.gmXs5ML45ICI6jrRuMyfEnKQ5O', 'volutpat eleifend donec ut dolor', 'justo maecenas rhoncus aliquam lacus morbi quis tortor');
insert into users (email, first_name, last_name, password, dietary_restrictions, accommodations) values ('mgloyens5a@elegantthemes.com', 'Marj', 'Gloyens', '$2a$04$8xPgdQD4u/FZ7p3/P7pIf.vzIqhr9pfYNYZrog4/vnDG2Qmin0rU6', 'eu orci mauris lacinia sapien quis libero', 'pellentesque ultrices phasellus id sapien in sapien');
insert into users (email, first_name, last_name, password, dietary_restrictions, accommodations) values ('bcoogan5b@bing.com', 'Bertram', 'Coogan', '$2a$04$.98V/IgKj0QrBoCBJ5kgkeorM0hGSx5rGygrGg4MfzDt3JkdSG2LG', 'eu est congue elementum in', 'eget eleifend luctus ultricies eu nibh quisque id');
insert into users (email, first_name, last_name, password, dietary_restrictions, accommodations) values ('rfeldklein5c@123-reg.co.uk', 'Reyna', 'Feldklein', '$2a$04$FaNrepiZDCOtlNzqy7ZFQOyuqMthXqAMFyXcml0OqdUkhVgUmGZjq', 'ipsum aliquam non mauris morbi non lectus aliquam', 'in purus eu magna vulputate luctus cum sociis natoque penatibus');
insert into users (email, first_name, last_name, password, dietary_restrictions, accommodations) values ('sabrahamson5d@yellowpages.com', 'Stanislas', 'Abrahamson', '$2a$04$pixi176jM.AvSo5my07Bg.xfpJY/w57rEGCFc8oKVDZldXkOHlrKS', 'viverra dapibus nulla suscipit ligula in lacus curabitur at ipsum', 'porttitor lacus at turpis donec');
insert into users (email, first_name, last_name, password, dietary_restrictions, accommodations) values ('saughtie5e@intel.com', 'Shaylynn', 'Aughtie', '$2a$04$XtTpIVi91hHlGltgq4Yj8uPlIhFrWmY3aL6wM2R/kC5ErXwaeYbX.', 'pede justo eu massa donec dapibus', 'neque libero convallis eget eleifend luctus ultricies eu nibh');
insert into users (email, first_name, last_name, password, dietary_restrictions, accommodations) values ('ebeardow5f@pbs.org', 'Emilie', 'Beardow', '$2a$04$zHLMnrr4tKge4sRKNWA5YumeC0xBMMakAFnl3GbapM1C0nYXDW1FO', 'in est risus auctor sed tristique in tempus', 'vestibulum quam sapien varius ut blandit non interdum in');
insert into users (email, first_name, last_name, password, dietary_restrictions, accommodations) values ('aharold5g@digg.com', 'Abigail', 'Harold', '$2a$04$uu.9Li5T6IW6En9EwvlbIufc4/WNdEcONL7iy39VwvqwPL6plv4Wu', 'convallis duis consequat dui nec nisi volutpat eleifend donec ut', 'turpis nec euismod scelerisque quam turpis');
insert into users (email, first_name, last_name, password, dietary_restrictions, accommodations) values ('wmurrey5h@fotki.com', 'Wilhelmina', 'Murrey', '$2a$04$QfyrNDQSA.Ru1qmLclvySuIefBkQmllyCBFRTMX.wu7H5T.PGUwyy', 'in lacus curabitur at ipsum ac tellus semper interdum mauris', 'pellentesque quisque porta volutpat erat quisque');
insert into users (email, first_name, last_name, password, dietary_restrictions, accommodations) values ('ibrosius5i@sfgate.com', 'Isabel', 'Brosius', '$2a$04$sEC8V0Hout8gNB9wpma9pONVDcxySoIJKhz8EtwVpzELToggHDchm', 'sit amet nunc viverra dapibus', 'odio elementum eu interdum eu tincidunt in leo maecenas pulvinar');
insert into users (email, first_name, last_name, password, dietary_restrictions, accommodations) values ('creary5j@e-recht24.de', 'Cedric', 'Reary', '$2a$04$haP067.TIgwATYndYa4oL.xPtfDvOL6GqgWZeMfJ5YLcLGIdut7Bi', 'ut erat curabitur gravida nisi at', 'sapien cursus vestibulum proin eu mi');
insert into users (email, first_name, last_name, password, dietary_restrictions, accommodations) values ('nmumbray5k@domainmarket.com', 'Nonah', 'Mumbray', '$2a$04$kvYURSU4jzeOSSEDXcYYD.JSyZaJFGcfAipKFgJ5TKzrRgLmo8R/K', 'odio curabitur convallis duis consequat dui nec nisi volutpat eleifend', 'primis in faucibus orci luctus et ultrices');
insert into users (email, first_name, last_name, password, dietary_restrictions, accommodations) values ('fbarnet5l@whitehouse.gov', 'Felipe', 'Barnet', '$2a$04$PlLTIRhg1FZ3J8Og3sxecexEzJvYUJTWRflKkGWuj/Gqg53Mjog4m', 'molestie hendrerit at vulputate vitae nisl', 'lacinia nisi venenatis tristique fusce congue diam id ornare imperdiet');
insert into users (email, first_name, last_name, password, dietary_restrictions, accommodations) values ('cklaffs5m@amazon.de', 'Cristin', 'Klaffs', '$2a$04$Ci5apizzutTfKJ2y0nMNg.9/sWhHUlN8g9LWRD4OGoKFBUHYuZ4iO', 'venenatis non sodales sed tincidunt eu felis fusce', 'velit eu est congue elementum in hac habitasse platea');
insert into users (email, first_name, last_name, password, dietary_restrictions, accommodations) values ('hschwandermann5n@exblog.jp', 'Haslett', 'Schwandermann', '$2a$04$f0BGPkAj2F0UZd3b6YFKEe36DLr.ms2k/psM9GFwraHzAtYjHQte2', 'auctor sed tristique in tempus sit amet sem', 'ipsum integer a nibh in quis');
insert into users (email, first_name, last_name, password, dietary_restrictions, accommodations) values ('icowperthwaite5o@woothemes.com', 'Irv', 'Cowperthwaite', '$2a$04$iRb33h3lQVdSXjv4v3DIn.sVhsuV9KZTiWz9m27AMbok3wmRIvSBu', 'est lacinia nisi venenatis tristique fusce congue diam id', 'eros viverra eget congue eget semper rutrum nulla nunc purus');
insert into users (email, first_name, last_name, password, dietary_restrictions, accommodations) values ('cpoe5p@mashable.com', 'Carmelia', 'Poe', '$2a$04$r0wb6vqdH.LtvyeoQi01RuB/SY3ww9E6BbFrgzxBLtvEpjuLcom.u', 'et ultrices posuere cubilia curae nulla dapibus', 'dui maecenas tristique est et tempus semper est quam');
insert into users (email, first_name, last_name, password, dietary_restrictions, accommodations) values ('cprimett5q@squidoo.com', 'Cariotta', 'Primett', '$2a$04$Avduj.UZVeryTvODf7tn4.s92IzKw15GiTE.2wxjgxjTcWZvsH422', 'nulla eget eros elementum pellentesque', 'tellus in sagittis dui vel nisl duis');
insert into users (email, first_name, last_name, password, dietary_restrictions, accommodations) values ('gworster5r@simplemachines.org', 'Grier', 'Worster', '$2a$04$zWA.dcfJ9O4UliohMNtmWuWpPAtBG..3q0pqZTZWu2AsMPyPPx75i', 'quis turpis sed ante vivamus tortor duis mattis', 'ultrices posuere cubilia curae mauris viverra diam');
insert into users (email, first_name, last_name, password, dietary_restrictions, accommodations) values ('fpinchback5s@google.com', 'Francene', 'Pinchback', '$2a$04$4euVx.4ZjTbOdlXFSD8jHuTuYgqForLz/MKVFUV70aILMzt8lCNUq', 'consequat in consequat ut nulla sed accumsan felis ut', 'justo maecenas rhoncus aliquam lacus morbi quis');
insert into users (email, first_name, last_name, password, dietary_restrictions, accommodations) values ('mchritchlow5t@imdb.com', 'Marie', 'Chritchlow', '$2a$04$NP.QF8ENHdcYSy.SCwAB1.SPJ6Gf5v4jOUyIVcBwVfyTjXWr.pA4y', 'erat nulla tempus vivamus in felis eu', 'dolor morbi vel lectus in');
insert into users (email, first_name, last_name, password, dietary_restrictions, accommodations) values ('dguitonneau5u@mozilla.org', 'Donalt', 'Guitonneau', '$2a$04$Rl/91LYuSXcUyFGDfca2duhY0zBGTJwbDE96/FF1ypihawozJrQ3.', 'dolor vel est donec odio justo sollicitudin ut', 'luctus et ultrices posuere cubilia curae duis faucibus');
insert into users (email, first_name, last_name, password, dietary_restrictions, accommodations) values ('ggian5v@cbc.ca', 'Gallard', 'Gian', '$2a$04$7RVaqNx9yEz9f6M3S3d6fucqLB2.YbkcNgXrOBkj/NtHoAjRkOfbi', 'vehicula consequat morbi a ipsum integer a nibh', 'condimentum neque sapien placerat ante nulla');
insert into users (email, first_name, last_name, password, dietary_restrictions, accommodations) values ('tbelshaw5w@phoca.cz', 'Terrye', 'Belshaw', '$2a$04$/CFaG5BwjlZ5evYH.nUOAOECpUcDiN0O/w.sKwtam.50c.BQYv.xS', 'augue quam sollicitudin vitae consectetuer eget rutrum at lorem integer', 'hac habitasse platea dictumst morbi vestibulum velit id pretium iaculis');
insert into users (email, first_name, last_name, password, dietary_restrictions, accommodations) values ('nhooke5x@surveymonkey.com', 'Niels', 'Hooke', '$2a$04$IcZr2bZoItJ0Ph8gy4g9N.SSbvnLv/YDp6xptj78dDP1vqfcuVfSW', 'urna ut tellus nulla ut erat id mauris', 'pede libero quis orci nullam molestie nibh in lectus');
insert into users (email, first_name, last_name, password, dietary_restrictions, accommodations) values ('edeferraris5y@sfgate.com', 'Elfreda', 'De Ferraris', '$2a$04$rRAMfTv1mPrWQ2ynCm7Vkur.MtlUNVcarsAlwnn2ZNdSm0AXMnJp6', 'venenatis lacinia aenean sit amet', 'natoque penatibus et magnis dis parturient montes nascetur ridiculus');
insert into users (email, first_name, last_name, password, dietary_restrictions, accommodations) values ('jmutton5z@drupal.org', 'Jemimah', 'Mutton', '$2a$04$yxX83aGElIJkf2dw5oPz/ecqDt9w3rhLZ.BRpJOtQwuWxgh0AcMai', 'a suscipit nulla elit ac nulla sed vel', 'id mauris vulputate elementum nullam');
insert into users (email, first_name, last_name, password, dietary_restrictions, accommodations) values ('mcrumpton60@nytimes.com', 'Merle', 'Crumpton', '$2a$04$AQKv/zKM8azhjeIvUDT7ae4NoNZcf6wSe7vGKpBfmDuv201eKx5K.', 'sit amet sem fusce consequat nulla nisl nunc nisl duis', 'habitasse platea dictumst etiam faucibus cursus urna ut');
insert into users (email, first_name, last_name, password, dietary_restrictions, accommodations) values ('kismead61@ustream.tv', 'Karolina', 'Ismead', '$2a$04$hBp6eJYAuozneuoOiQJ3vuv27DRdUbDg.un/Pv.bKAWC4fEbGo7bi', 'non lectus aliquam sit amet diam in magna', 'ipsum primis in faucibus orci');
insert into users (email, first_name, last_name, password, dietary_restrictions, accommodations) values ('btreske62@wisc.edu', 'Bethanne', 'Treske', '$2a$04$4Ss48.LTUJXr8abX0hOZQ.lOJuy4Mk1Vdc7jc8stXnpswXhfUnwni', 'consequat ut nulla sed accumsan felis ut at dolor', 'imperdiet nullam orci pede venenatis');
insert into users (email, first_name, last_name, password, dietary_restrictions, accommodations) values ('btirte63@nytimes.com', 'Bogart', 'Tirte', '$2a$04$cDYYNyKjN3u1.g0auvAH4uXSqVeqbnhe42jFasM9QEJYQyF69ZKFq', 'non quam nec dui luctus rutrum nulla tellus in sagittis', 'odio elementum eu interdum eu tincidunt in leo maecenas pulvinar');
insert into users (email, first_name, last_name, password, dietary_restrictions, accommodations) values ('livakhno64@cam.ac.uk', 'Linnea', 'Ivakhno', '$2a$04$aCbfc2NbRRTDgJTVUO6ztOlXHf7P7MdZ2/BuWt39LM2VxCcVv7I9O', 'mollis molestie lorem quisque ut', 'bibendum imperdiet nullam orci pede');
insert into users (email, first_name, last_name, password, dietary_restrictions, accommodations) values ('smaccathay65@domainmarket.com', 'Shani', 'MacCathay', '$2a$04$o9jgrtKh2Qoxp8rjskFMqOkf2ZKGqK3TUUNuwNtMIW.K48ongpb3K', 'convallis eget eleifend luctus ultricies eu', 'orci mauris lacinia sapien quis libero nullam');
insert into users (email, first_name, last_name, password, dietary_restrictions, accommodations) values ('aalflatt66@technorati.com', 'Aldous', 'Alflatt', '$2a$04$GqHWC2NhBV9VrVUL54rzFOfRQed2t5zwIF6SmVSxqjEvSBKPlOQOa', 'in tempus sit amet sem fusce consequat nulla nisl', 'nunc purus phasellus in felis donec');
insert into users (email, first_name, last_name, password, dietary_restrictions, accommodations) values ('cscatcher67@cbslocal.com', 'Cathrine', 'Scatcher', '$2a$04$IQy6MSF4TisgftmuMUqBeOMY/kcsJdYGcd97YvmrmMneh/NHTQ1GO', 'neque aenean auctor gravida sem', 'eget congue eget semper rutrum nulla nunc purus phasellus');
insert into users (email, first_name, last_name, password, dietary_restrictions, accommodations) values ('aleedal68@latimes.com', 'Agnella', 'Leedal', '$2a$04$OP0UBISO4x4SGVsRxGsr8OVWna//cK85ZnzkaBhN5qHQUFLvLCfdi', 'ipsum dolor sit amet consectetuer adipiscing elit proin', 'libero quis orci nullam molestie nibh');
insert into users (email, first_name, last_name, password, dietary_restrictions, accommodations) values ('obooley69@wsj.com', 'Olva', 'Booley', '$2a$04$3o.YDaE5y1JaxG0nU9v.ienupKKRGSwW31BLsMrcQGdAKiMQLOrVe', 'vestibulum sit amet cursus id turpis integer aliquet massa', 'lorem ipsum dolor sit amet consectetuer');
insert into users (email, first_name, last_name, password, dietary_restrictions, accommodations) values ('ethurling6a@dailymail.co.uk', 'Elna', 'Thurling', '$2a$04$my/rkpGG6pEoS3/sU.piwOhhvoLxmMFV02KtBC2z1PIwlTkFIjApq', 'leo odio porttitor id consequat in', 'non quam nec dui luctus rutrum');
insert into users (email, first_name, last_name, password, dietary_restrictions, accommodations) values ('gbatho6b@delicious.com', 'Gordon', 'Batho', '$2a$04$TgUbMx.5kG1vp.ophH8AJ.ZacGKKqCms33PAijAycbA.5AYVVvNgq', 'scelerisque quam turpis adipiscing lorem vitae mattis nibh', 'lacus at turpis donec posuere metus vitae ipsum');
insert into users (email, first_name, last_name, password, dietary_restrictions, accommodations) values ('eschmidt6c@usatoday.com', 'Etti', 'Schmidt', '$2a$04$T.jakSWvzRMp6DGx87KpDOOGgsNa1kYQSoCClGqIB4xBemGaPKvea', 'in hac habitasse platea dictumst maecenas', 'ut massa quis augue luctus tincidunt');
insert into users (email, first_name, last_name, password, dietary_restrictions, accommodations) values ('ppendry6d@stumbleupon.com', 'Priscilla', 'Pendry', '$2a$04$5ovsgEv8IsNZ5C616gRoZ.rVxbDfBEAjYXXOCjdIH1yTiTXUtpMLG', 'nulla suscipit ligula in lacus curabitur', 'donec vitae nisi nam ultrices libero non');
insert into users (email, first_name, last_name, password, dietary_restrictions, accommodations) values ('cjanuszewski6e@prnewswire.com', 'Carolyn', 'Januszewski', '$2a$04$1EHUCzehsa8fByU6Lbj5l.CkmuRUx7wTq8zlXSSuA5ExxzAiZ2a6W', 'turpis donec posuere metus vitae ipsum aliquam non mauris morbi', 'venenatis tristique fusce congue diam id ornare imperdiet sapien');
insert into users (email, first_name, last_name, password, dietary_restrictions, accommodations) values ('lnealand6f@auda.org.au', 'Lambert', 'Nealand', '$2a$04$qi.aEtnDaK8IrEEetsVfGOojm0uSF9sYIaw5.MllTSkH1hq3dHGlO', 'tellus semper interdum mauris ullamcorper', 'velit donec diam neque vestibulum');
insert into users (email, first_name, last_name, password, dietary_restrictions, accommodations) values ('zellesmere6g@state.tx.us', 'Zondra', 'Ellesmere', '$2a$04$g0tV5B4mI2l.E3n5QjQeYevkA6kML.mhbg18L2y58hmPdgqi6L2Su', 'nibh ligula nec sem duis aliquam convallis nunc', 'morbi porttitor lorem id ligula');
insert into users (email, first_name, last_name, password, dietary_restrictions, accommodations) values ('parling6h@facebook.com', 'Pandora', 'Arling', '$2a$04$D2J6wNNU7.YjN9yvGxHM2.r0bNp8y7yIwbC9yt2Dsrg1crAWFCa2W', 'vulputate justo in blandit ultrices enim lorem', 'quis justo maecenas rhoncus aliquam lacus morbi quis');
insert into users (email, first_name, last_name, password, dietary_restrictions, accommodations) values ('rgariff6i@posterous.com', 'Roxi', 'Gariff', '$2a$04$pcKw1Ou8rTDWonFXdc.tjOHiNwgM6Nn3DAW9iLW/qyGxjDX66UWBi', 'dapibus duis at velit eu est congue elementum in', 'nulla ut erat id mauris vulputate elementum nullam');
insert into users (email, first_name, last_name, password, dietary_restrictions, accommodations) values ('tmacane6j@taobao.com', 'Tiler', 'MacAne', '$2a$04$Ap20JD6XT.XOjDUBqaEsb.xjBk0N9Zt/I5SeWxDo0xAT4LyaYciFa', 'vel augue vestibulum ante ipsum primis in faucibus orci luctus', 'non mattis pulvinar nulla pede ullamcorper augue a suscipit nulla');
insert into users (email, first_name, last_name, password, dietary_restrictions, accommodations) values ('ebernhard6k@goo.ne.jp', 'Emmanuel', 'Bernhard', '$2a$04$CeMQEy6ME7sE/Kft0MStGeSzdp.W/X.lyZNu5jmdefMzaceSDs.5i', 'sed tristique in tempus sit', 'praesent lectus vestibulum quam sapien varius');
insert into users (email, first_name, last_name, password, dietary_restrictions, accommodations) values ('scattanach6l@csmonitor.com', 'Sharlene', 'Cattanach', '$2a$04$.DJ.vccG1dSCAq3hV7BIT.yPb6lvhH8tS6TWTMN6A4sfoVBr5rWKa', 'a feugiat et eros vestibulum ac est lacinia', 'quis augue luctus tincidunt nulla mollis molestie');
insert into users (email, first_name, last_name, password, dietary_restrictions, accommodations) values ('gabrashkov6m@over-blog.com', 'Gayle', 'Abrashkov', '$2a$04$EZsdPjsbwtarxiurFz7rHuQIIvJ3AN2wvs0n3TO6ZCmtVqWDrz.jy', 'sem fusce consequat nulla nisl nunc nisl', 'penatibus et magnis dis parturient montes nascetur');
insert into users (email, first_name, last_name, password, dietary_restrictions, accommodations) values ('hfeighry6n@vk.com', 'Haily', 'Feighry', '$2a$04$dTpnQmMMAjvJWU9gsHOoHu6LuPQfAXFOK/aWTTKjjF6/aryUqSFzu', 'cubilia curae nulla dapibus dolor vel est', 'nec euismod scelerisque quam turpis adipiscing lorem vitae');
insert into users (email, first_name, last_name, password, dietary_restrictions, accommodations) values ('apierri6o@fotki.com', 'Anny', 'Pierri', '$2a$04$FlzJoPAzmtuhfAW8LZC4FOEDVic0nvm/.vl2pn47PK4TUfvHwNrN6', 'morbi a ipsum integer a nibh in', 'quam suspendisse potenti nullam porttitor lacus at');
insert into users (email, first_name, last_name, password, dietary_restrictions, accommodations) values ('nmalenoir6p@washington.edu', 'Nonna', 'Malenoir', '$2a$04$ip5UKJUpB7cCaWQJxygSQOBDyWrgSdiKRTZ3fhsmsgv58XLrKhpI.', 'integer non velit donec diam', 'et ultrices posuere cubilia curae donec pharetra magna vestibulum');
insert into users (email, first_name, last_name, password, dietary_restrictions, accommodations) values ('jsaynor6q@soundcloud.com', 'Justus', 'Saynor', '$2a$04$wsEfSHHsys8.6OO/9BhDqu.SaHwHljH499rXGnrTXN.I3vYbRUY5e', 'phasellus id sapien in sapien iaculis congue', 'nulla nunc purus phasellus in');
insert into users (email, first_name, last_name, password, dietary_restrictions, accommodations) values ('squeenborough6r@histats.com', 'Sydney', 'Queenborough', '$2a$04$Uk5GhxVBAOBoPW56TYCiH.bagbgC/vTbqgMPzjTCom5nG3PKU7bpC', 'libero ut massa volutpat convallis morbi odio', 'purus phasellus in felis donec semper sapien');
insert into users (email, first_name, last_name, password, dietary_restrictions, accommodations) values ('nfitzpayn6s@goodreads.com', 'Noelle', 'Fitzpayn', '$2a$04$sQoOfpfWrF6PfQRXyJWEm.zBzF4Btyuoq6Tp1ugLsJbDwH2Tm6fHK', 'sit amet consectetuer adipiscing elit proin', 'ultrices vel augue vestibulum ante ipsum primis in');
insert into users (email, first_name, last_name, password, dietary_restrictions, accommodations) values ('llanceter6t@google.com.br', 'Lacy', 'Lanceter', '$2a$04$jxnbcKPSJH/BvLgLN6Pgd.2GBrRR.MIjhYBxVOsSg1d69uaqDdZHm', 'ipsum dolor sit amet consectetuer adipiscing elit proin', 'arcu libero rutrum ac lobortis vel dapibus at diam nam');
insert into users (email, first_name, last_name, password, dietary_restrictions, accommodations) values ('mcouve6u@wikipedia.org', 'Michael', 'Couve', '$2a$04$y4FN/Os3C3VQhGf.iI/d..gjyTioA.h7kvTnppYIpYcVSaWDCk2Yu', 'eget eros elementum pellentesque quisque porta volutpat erat quisque', 'iaculis justo in hac habitasse platea');
insert into users (email, first_name, last_name, password, dietary_restrictions, accommodations) values ('mmarczyk6v@howstuffworks.com', 'Moreen', 'Marczyk', '$2a$04$.py0BWh4e6ONC7Ut9emJz.WoLUxMZTXjbTgdLNuw7roleUeVGqyJm', 'rutrum nulla tellus in sagittis dui vel nisl duis', 'commodo vulputate justo in blandit ultrices');
insert into users (email, first_name, last_name, password, dietary_restrictions, accommodations) values ('tferrotti6w@hubpages.com', 'Talbot', 'Ferrotti', '$2a$04$gdtWhEM/a3qyqH.iWifQK.bKtWR98bY.CR4RYhDR1RNMKfB5vqn.e', 'et magnis dis parturient montes', 'maecenas tincidunt lacus at velit vivamus');
insert into users (email, first_name, last_name, password, dietary_restrictions, accommodations) values ('ngalloway6x@twitpic.com', 'Natka', 'Galloway', '$2a$04$BqjXQA2OWwL2aR17xpJdwesG01pjXPNrgZW1Te8hb4kgnmftPLHjW', 'lectus aliquam sit amet diam in magna bibendum', 'donec posuere metus vitae ipsum aliquam');
insert into users (email, first_name, last_name, password, dietary_restrictions, accommodations) values ('knettleship6y@cam.ac.uk', 'Kermit', 'Nettleship', '$2a$04$8Exggst5I17U3tTTN6EqseecZcCOwB5EpCw4RJqigsatXr43aATkq', 'ipsum primis in faucibus orci luctus et', 'luctus nec molestie sed justo pellentesque viverra pede');
insert into users (email, first_name, last_name, password, dietary_restrictions, accommodations) values ('jkirsch6z@apple.com', 'Juli', 'Kirsch', '$2a$04$pO4bO/ukxpIL/1Jkh1hTxeSMp6a.KztamnIQcqiLKoGt5449ronx.', 'fermentum donec ut mauris eget massa tempor', 'interdum venenatis turpis enim blandit mi');
insert into users (email, first_name, last_name, password, dietary_restrictions, accommodations) values ('fchavrin70@gnu.org', 'Filippa', 'Chavrin', '$2a$04$te5snmCEgiC6Yj0YwGie8uOiHf41jFn7qTLk20k5Gr9oTmV9mr7Yy', 'placerat praesent blandit nam nulla integer', 'elementum nullam varius nulla facilisi');
insert into users (email, first_name, last_name, password, dietary_restrictions, accommodations) values ('aberkeley71@nymag.com', 'Agretha', 'Berkeley', '$2a$04$hiaSTXLdSNAq1TT5cJ/aHuoUpWeldN/IMLJOyS3AG8L/OidC8j4Qm', 'lectus in est risus auctor sed tristique in', 'vitae nisi nam ultrices libero non mattis');
insert into users (email, first_name, last_name, password, dietary_restrictions, accommodations) values ('beede72@whitehouse.gov', 'Brook', 'Eede', '$2a$04$QiRUDc47RzlVQ6B0M1czAewBFSxA5z.EI9vxvACLC0tMC8r1XK.qa', 'faucibus orci luctus et ultrices posuere cubilia curae', 'luctus et ultrices posuere cubilia curae');
insert into users (email, first_name, last_name, password, dietary_restrictions, accommodations) values ('mdmitrovic73@mail.ru', 'Mil', 'Dmitrovic', '$2a$04$gUuXui1t3szqYW.f3vNHje6185q3Q7YNvwMgTb98VPZDxuonQWk.e', 'maecenas pulvinar lobortis est phasellus sit amet erat', 'nunc donec quis orci eget');
insert into users (email, first_name, last_name, password, dietary_restrictions, accommodations) values ('ndruitt74@cocolog-nifty.com', 'Norris', 'Druitt', '$2a$04$Xk/cmrQgpLW0s6dNgZAbtel1ORe9/Q/pqpWyejriUceGqU.pRZj5u', 'viverra eget congue eget semper rutrum nulla nunc purus', 'sollicitudin mi sit amet lobortis sapien');
insert into users (email, first_name, last_name, password, dietary_restrictions, accommodations) values ('lfissenden75@cbc.ca', 'Letizia', 'Fissenden', '$2a$04$Tx5rqj8HP/WOPMO0zJU2QORIjoP3tx08W9ksPfU10ERNEIc9Rlpqm', 'pellentesque quisque porta volutpat erat quisque erat eros', 'a pede posuere nonummy integer non velit donec');
insert into users (email, first_name, last_name, password, dietary_restrictions, accommodations) values ('bzecchinelli76@bravesites.com', 'Barby', 'Zecchinelli', '$2a$04$uaSfW8I.s1UFYuLvw7HDJuf1yzIWam6/a2IVQS8K.5mGs6nmDdjra', 'praesent lectus vestibulum quam sapien varius', 'dictumst aliquam augue quam sollicitudin vitae consectetuer eget');
insert into users (email, first_name, last_name, password, dietary_restrictions, accommodations) values ('pmoen77@123-reg.co.uk', 'Pippy', 'Moen', '$2a$04$ixaYp.XIyNT7j5otRoxdVeBjr6rWqlx3xp2cOnymjJHPva2mffLBW', 'phasellus sit amet erat nulla tempus vivamus in felis eu', 'enim lorem ipsum dolor sit amet consectetuer adipiscing elit proin');
insert into users (email, first_name, last_name, password, dietary_restrictions, accommodations) values ('mhastelow78@ted.com', 'Micaela', 'Hastelow', '$2a$04$0T5mh0bW.9gOqPZe4LihnuDpi9/kKb1A1J/CO8M5bvNqcaD5WNB/q', 'vestibulum velit id pretium iaculis', 'vestibulum eget vulputate ut ultrices vel augue vestibulum ante ipsum');
insert into users (email, first_name, last_name, password, dietary_restrictions, accommodations) values ('gdurrand79@vimeo.com', 'Gannie', 'Durrand', '$2a$04$Z8.gkIAPy0wvUFikxtOfDOsRmBVynwemsS2kihjQXe93d5HMpthh2', 'nonummy maecenas tincidunt lacus at velit vivamus', 'primis in faucibus orci luctus et ultrices posuere cubilia');
insert into users (email, first_name, last_name, password, dietary_restrictions, accommodations) values ('cgoodale7a@cafepress.com', 'Clerissa', 'Goodale', '$2a$04$rf/5YEnVWLpoOcW71VKqmOPWwXtdhr22jfQw7tFDW1Z/4FW.WgMW.', 'orci vehicula condimentum curabitur in libero ut massa volutpat convallis', 'a nibh in quis justo maecenas rhoncus aliquam');
insert into users (email, first_name, last_name, password, dietary_restrictions, accommodations) values ('pmosedall7b@seattletimes.com', 'Phebe', 'Mosedall', '$2a$04$AZ1j9JnWi7UDWCyV9hOrDut7qWAEaQ7ws4hwkcqYYIyWYt6Icy4M6', 'rutrum rutrum neque aenean auctor', 'nunc vestibulum ante ipsum primis in');
insert into users (email, first_name, last_name, password, dietary_restrictions, accommodations) values ('rbannard7c@patch.com', 'Rouvin', 'Bannard', '$2a$04$ugjdzsZajhZ.tEi7yeyLs.SiUS9dp.RacKkJHDWZQb6DC/Tln34Qu', 'purus eu magna vulputate luctus cum sociis natoque penatibus', 'purus eu magna vulputate luctus cum');
insert into users (email, first_name, last_name, password, dietary_restrictions, accommodations) values ('liggalden7d@irs.gov', 'Lay', 'Iggalden', '$2a$04$Mrn8aDJipEL38zjcR6vx4eQ3o5.MZeK8zyf9XUIgNNozKKCumI4ua', 'dictumst aliquam augue quam sollicitudin vitae', 'tristique in tempus sit amet');
insert into users (email, first_name, last_name, password, dietary_restrictions, accommodations) values ('dbegbie7e@yahoo.co.jp', 'Donetta', 'Begbie', '$2a$04$nEKmv61nJytridc6R5RAjeFCpE6FSXw4ZDWFA1eBWfb5FweT9HjE.', 'quam suspendisse potenti nullam porttitor lacus at turpis donec posuere', 'tortor id nulla ultrices aliquet maecenas leo odio');
insert into users (email, first_name, last_name, password, dietary_restrictions, accommodations) values ('bjoerning7f@tripadvisor.com', 'Barry', 'Joerning', '$2a$04$4dV9WtMVDURQDQ6p0B78..s6/AtZtyDlD5WOpDaWNi8frn3VXOmaK', 'dictumst etiam faucibus cursus urna ut', 'tempus vel pede morbi porttitor lorem id ligula suspendisse');
insert into users (email, first_name, last_name, password, dietary_restrictions, accommodations) values ('adobeson7g@netscape.com', 'Ann-marie', 'Dobeson', '$2a$04$Rmolrhr770Xta0yzxxaI..2Sh4rMj7q8J8RO/fj0UTjEu2.Eex1ka', 'vel ipsum praesent blandit lacinia', 'primis in faucibus orci luctus');
insert into users (email, first_name, last_name, password, dietary_restrictions, accommodations) values ('bcarder7h@cpanel.net', 'Benedetto', 'Carder', '$2a$04$hRraTIjIqdmn.2VYSsV5KustMhMb3NG1NcM2PWk/HTWL9No3knv1u', 'aenean lectus pellentesque eget nunc donec quis', 'iaculis diam erat fermentum justo nec condimentum');
insert into users (email, first_name, last_name, password, dietary_restrictions, accommodations) values ('jbiford7i@wikimedia.org', 'Jaine', 'Biford', '$2a$04$9sMqNFfejqCU7SwuFVNWxuohMxuv/Io67rHUW5jqqG9.tSZMIU4CS', 'ultrices posuere cubilia curae mauris', 'eros suspendisse accumsan tortor quis turpis sed ante vivamus');
insert into users (email, first_name, last_name, password, dietary_restrictions, accommodations) values ('sbrazil7j@myspace.com', 'Spenser', 'Brazil', '$2a$04$o3QL86KxpPyJo2JTJNDTxeyGPpJDgW9qkGpWBADBiQicUaV1.kVuq', 'enim blandit mi in porttitor pede justo', 'cras pellentesque volutpat dui maecenas tristique est et tempus semper');
insert into users (email, first_name, last_name, password, dietary_restrictions, accommodations) values ('atott7k@blinklist.com', 'Archer', 'Tott', '$2a$04$TihNuWvDZ8HGRKFFUUIgeucoi/xaPAJbXAz.egpdzWOsACNMSn8X6', 'praesent blandit nam nulla integer pede justo lacinia eget', 'adipiscing molestie hendrerit at vulputate vitae nisl aenean lectus pellentesque');
insert into users (email, first_name, last_name, password, dietary_restrictions, accommodations) values ('fpreddle7l@sourceforge.net', 'Farrell', 'Preddle', '$2a$04$MSIcG8ZGb9.x37GYpLe.uOWPRHGgpn1uiEphPRHab5da5ylxUFLkK', 'blandit lacinia erat vestibulum sed magna at nunc commodo placerat', 'iaculis congue vivamus metus arcu adipiscing');
insert into users (email, first_name, last_name, password, dietary_restrictions, accommodations) values ('ddalton7m@virginia.edu', 'Dalston', 'Dalton', '$2a$04$KlrDGtU3OTX5b.k8JDSB6.U0osELNnsxIPfCaoQ4av7kenwvMJgMu', 'sit amet consectetuer adipiscing elit proin', 'tincidunt eget tempus vel pede morbi porttitor lorem id');
insert into users (email, first_name, last_name, password, dietary_restrictions, accommodations) values ('cempleton7n@washington.edu', 'Cissiee', 'Empleton', '$2a$04$.A1xwLJIXB30yf9HclNJD.1phtZFMIgK/5OIdm4Bcmyuy3kXAv7K6', 'feugiat non pretium quis lectus suspendisse potenti', 'cras non velit nec nisi vulputate nonummy maecenas tincidunt lacus');
insert into users (email, first_name, last_name, password, dietary_restrictions, accommodations) values ('leverton7o@so-net.ne.jp', 'Linoel', 'Everton', '$2a$04$NAuWZztwhII5AL487gLwqOhEwlA2gWqXG6NS0nuF3cn18aCJKeAsu', 'eleifend pede libero quis orci nullam molestie nibh in', 'tempor convallis nulla neque libero convallis eget eleifend luctus');
insert into users (email, first_name, last_name, password, dietary_restrictions, accommodations) values ('ltrout7p@typepad.com', 'Leonerd', 'Trout', '$2a$04$h18v7Z4LOWZwhaMdspgVDuPb.E1HfHHLWupPb/qlJ0e.QQ6uOGGnS', 'erat vestibulum sed magna at nunc', 'faucibus orci luctus et ultrices posuere cubilia curae');
insert into users (email, first_name, last_name, password, dietary_restrictions, accommodations) values ('seck7q@sun.com', 'Serene', 'Eck', '$2a$04$vnEdwCqgXP6sJfCeDb1u8uoSikvU1X/U4elbPr4I5GMi5r.bVn/5S', 'ut erat curabitur gravida nisi', 'lectus aliquam sit amet diam in magna bibendum');
insert into users (email, first_name, last_name, password, dietary_restrictions, accommodations) values ('fsnasel7r@admin.ch', 'Fay', 'Snasel', '$2a$04$xsf0TsvphMhYn6rxs5z2u./3gGtoKCkc705IIYn.Lh7k/dp8vNDma', 'amet diam in magna bibendum imperdiet nullam', 'tempus sit amet sem fusce consequat nulla nisl nunc nisl');
insert into users (email, first_name, last_name, password, dietary_restrictions, accommodations) values ('cdurnan7s@wordpress.com', 'Corena', 'Durnan', '$2a$04$l9iqhTTPVRg/lv6seUNbzuhddazUXNOKy.v72zgqgBF5bekDGwleG', 'curabitur at ipsum ac tellus semper', 'sed justo pellentesque viverra pede ac diam cras');
insert into users (email, first_name, last_name, password, dietary_restrictions, accommodations) values ('adixie7t@google.it', 'Annmarie', 'Dixie', '$2a$04$URQ72Xu.SwFrb.TfvDPul.BQLMj61LEy2m9maJZbZjchHwqXsjf9y', 'eget eros elementum pellentesque quisque porta volutpat erat quisque erat', 'turpis nec euismod scelerisque quam turpis adipiscing lorem vitae');
insert into users (email, first_name, last_name, password, dietary_restrictions, accommodations) values ('nsodor7u@narod.ru', 'Nessi', 'Sodor', '$2a$04$fDxsbjhzxBCtGdgg7lDF8e8A3N9I7y4yM6pWhZn4o0gP0WZJVJjTW', 'nunc vestibulum ante ipsum primis in faucibus', 'semper rutrum nulla nunc purus phasellus in felis donec');
insert into users (email, first_name, last_name, password, dietary_restrictions, accommodations) values ('crough7v@nps.gov', 'Caleb', 'Rough', '$2a$04$vs/hvVo05jMhJZAB7zhHS.JnVfAtqO7kMbRmg3l9O1e2zXSJHQu/m', 'elementum in hac habitasse platea', 'augue aliquam erat volutpat in congue etiam justo etiam');
insert into users (email, first_name, last_name, password, dietary_restrictions, accommodations) values ('aerrichelli7w@t.co', 'Arnuad', 'Errichelli', '$2a$04$MQC7vDbnoWG3WGNr8FQZs.2Ny3/uCQ5Dt5tqSxgnVk66fq1jw8rW2', 'felis sed interdum venenatis turpis enim blandit mi', 'ipsum ac tellus semper interdum mauris ullamcorper purus sit');
insert into users (email, first_name, last_name, password, dietary_restrictions, accommodations) values ('wbackman7x@elegantthemes.com', 'Wenda', 'Backman', '$2a$04$zrUlC3EJnmlCk/EKz0DTnu4MjNvTSjHwW8Iu/Q7Jit4RWzMKQil0G', 'fusce consequat nulla nisl nunc nisl', 'rhoncus mauris enim leo rhoncus sed vestibulum sit amet');
insert into users (email, first_name, last_name, password, dietary_restrictions, accommodations) values ('ktanzer7y@goo.ne.jp', 'Kalie', 'Tanzer', '$2a$04$zjghCJIrn.8R3mdBu4k0EuHRIWUbW.1srCc.BA3rgTJslK3OLALb2', 'bibendum morbi non quam nec dui', 'eget tincidunt eget tempus vel pede morbi porttitor lorem id');
insert into users (email, first_name, last_name, password, dietary_restrictions, accommodations) values ('rdensey7z@state.tx.us', 'Read', 'Densey', '$2a$04$Hfd7W.oaVeaQ5IpQzVA6FepuBE/4pCUwoqSfAknHO8hEa6bA0Olhe', 'pellentesque viverra pede ac diam cras pellentesque volutpat dui maecenas', 'ut mauris eget massa tempor convallis nulla neque libero convallis');
insert into users (email, first_name, last_name, password, dietary_restrictions, accommodations) values ('ltorr80@mayoclinic.com', 'Luciana', 'Torr', '$2a$04$o7SkpO.RRc7wgiYZAAY/lu0lcdbLBAqnblnc.rsT5LF4GrC0uiwhK', 'vulputate vitae nisl aenean lectus pellentesque', 'nullam molestie nibh in lectus pellentesque at');
insert into users (email, first_name, last_name, password, dietary_restrictions, accommodations) values ('fthuillier81@desdev.cn', 'Filip', 'Thuillier', '$2a$04$TtGLV55c4eve3NuzkGRpZOHfvcIpY1bSSY.5ex10zdchoFk0J.L6K', 'aenean fermentum donec ut mauris', 'quam pharetra magna ac consequat metus sapien ut');
insert into users (email, first_name, last_name, password, dietary_restrictions, accommodations) values ('searwaker82@live.com', 'Sheppard', 'Earwaker', '$2a$04$gg1kIi.ryzgrdjEHfP45EuHpeyDBgM67E0ccbKcyJNzGJsosaCPsS', 'eget massa tempor convallis nulla', 'eleifend quam a odio in hac');
insert into users (email, first_name, last_name, password, dietary_restrictions, accommodations) values ('abaudou83@cnn.com', 'Alessandra', 'Baudou', '$2a$04$uUtFnbIZWWIHev1XGrCGceKiAJW1Gc2TqGUi0Q3ZucoFc/umKACxi', 'aliquet massa id lobortis convallis tortor risus dapibus augue', 'odio in hac habitasse platea dictumst maecenas ut');
insert into users (email, first_name, last_name, password, dietary_restrictions, accommodations) values ('rbilsborrow84@bing.com', 'Reynold', 'Bilsborrow', '$2a$04$t8j3YuzCogXWxcPOS4JPwODtandBiq6MU2R1Qmxt6Q4C1.RRwnPVO', 'suscipit nulla elit ac nulla sed', 'nam dui proin leo odio porttitor id');
insert into users (email, first_name, last_name, password, dietary_restrictions, accommodations) values ('omaile85@gnu.org', 'Orion', 'Maile', '$2a$04$vGGQLTdhH1EXlPrMmm0cxOxI5Xxb.tO5LVQSadxzjIUGnTdh24jWy', 'odio odio elementum eu interdum eu tincidunt in', 'et ultrices posuere cubilia curae duis faucibus accumsan');
insert into users (email, first_name, last_name, password, dietary_restrictions, accommodations) values ('dboyne86@who.int', 'Deane', 'Boyne', '$2a$04$uSoSL7z3xQcap33dDS7fKOsX22D7XhYKwuh7it7yNSIU.zfXq55Fa', 'potenti in eleifend quam a odio in hac', 'in faucibus orci luctus et ultrices posuere');
insert into users (email, first_name, last_name, password, dietary_restrictions, accommodations) values ('fmacnucator87@europa.eu', 'Felicia', 'MacNucator', '$2a$04$Rn6lLLDLhUo7cyXQqjiACOmdjoqSszE5sUwsprzkqKM63OHBaqdNa', 'vivamus tortor duis mattis egestas metus aenean fermentum donec', 'orci luctus et ultrices posuere cubilia curae duis faucibus');
insert into users (email, first_name, last_name, password, dietary_restrictions, accommodations) values ('lstobbe88@freewebs.com', 'Lillis', 'Stobbe', '$2a$04$xiMwSb197eiqSH8QTQOwIOwsnEe.Vc63KyDUW/kDl00Es2GNPwxwa', 'ullamcorper purus sit amet nulla quisque arcu libero', 'sit amet consectetuer adipiscing elit proin interdum mauris');
insert into users (email, first_name, last_name, password, dietary_restrictions, accommodations) values ('kdillon89@auda.org.au', 'Konstanze', 'Dillon', '$2a$04$oSZryVThysWv51A958du1.kIl5OFclY2EU9R3z9VY5bSj3Za3KReq', 'et ultrices posuere cubilia curae duis', 'pede justo eu massa donec');
insert into users (email, first_name, last_name, password, dietary_restrictions, accommodations) values ('kparkman8a@businessinsider.com', 'Korney', 'Parkman', '$2a$04$guLesN2K4.U/WWdZpPY6Oe2VnAmF5QWaGMIIapmxjxbWemnFZpcmm', 'purus aliquet at feugiat non pretium', 'neque vestibulum eget vulputate ut ultrices vel augue vestibulum');
insert into users (email, first_name, last_name, password, dietary_restrictions, accommodations) values ('gswedeland8b@tripadvisor.com', 'Gavin', 'Swedeland', '$2a$04$fV3f/TNCXjmHIG1JFI27vOupso1PEsSkzwCrD23Qll.UuxKKA4XK.', 'morbi quis tortor id nulla ultrices aliquet maecenas leo odio', 'dolor quis odio consequat varius integer ac');
insert into users (email, first_name, last_name, password, dietary_restrictions, accommodations) values ('jeighteen8c@sina.com.cn', 'Jordain', 'Eighteen', '$2a$04$Cc9ay3e4.g8Cr.UxmCGEfuclKzo/act4iD.Pd4x201dcTMCBQ06zq', 'nulla suscipit ligula in lacus curabitur at', 'lacinia eget tincidunt eget tempus');
insert into users (email, first_name, last_name, password, dietary_restrictions, accommodations) values ('sgawthrop8d@163.com', 'Sidonnie', 'Gawthrop', '$2a$04$DaZ2zyGMMIMhbZ02Fr4ocudTqZWEKmO8w5tpO2ToNNSpQgprf0j0i', 'at feugiat non pretium quis', 'justo morbi ut odio cras mi pede malesuada');
insert into users (email, first_name, last_name, password, dietary_restrictions, accommodations) values ('ibase8e@t-online.de', 'Ivar', 'Base', '$2a$04$fpxr25bxREr302V8NIIF9upJFGMjZ862btk54pXwku0NyO4Du7FJ.', 'pharetra magna vestibulum aliquet ultrices erat tortor sollicitudin mi', 'ultrices mattis odio donec vitae nisi nam ultrices');
insert into users (email, first_name, last_name, password, dietary_restrictions, accommodations) values ('skettlesting8f@wordpress.org', 'Scot', 'Kettlesting', '$2a$04$K.wDLVVtoYrXpoxALDvFquT4yse4EfKImFUvKNR2BY9u41mW/wuEy', 'adipiscing lorem vitae mattis nibh ligula nec sem duis', 'congue elementum in hac habitasse platea dictumst morbi vestibulum velit');
insert into users (email, first_name, last_name, password, dietary_restrictions, accommodations) values ('apentycost8g@reddit.com', 'Adolphus', 'Pentycost', '$2a$04$Zfewzenu2nS3mCshXH4Y5ODI/eXeV8BkckBJrKQVxlxdt048XTRFG', 'maecenas ut massa quis augue', 'ligula pellentesque ultrices phasellus id');
insert into users (email, first_name, last_name, password, dietary_restrictions, accommodations) values ('lbiermatowicz8h@latimes.com', 'Leola', 'Biermatowicz', '$2a$04$xmVPNZvWG1WGT3TS6e2Km.5Y1sKeNF1UJlQJglME0/h4SAFhz3KA6', 'luctus et ultrices posuere cubilia curae mauris viverra diam vitae', 'consequat metus sapien ut nunc vestibulum');
insert into users (email, first_name, last_name, password, dietary_restrictions, accommodations) values ('ltomkins8i@blogs.com', 'Linc', 'Tomkins', '$2a$04$pVI4UUAUObL326ciDukUQOJHplDZRc/H0wH0N1HniQb9KOs84cfiK', 'faucibus orci luctus et ultrices posuere cubilia curae', 'varius integer ac leo pellentesque ultrices mattis odio donec vitae');
insert into users (email, first_name, last_name, password, dietary_restrictions, accommodations) values ('omaleham8j@rakuten.co.jp', 'Odelinda', 'Maleham', '$2a$04$6NfR1Bx1EFrDf/ECjWuZNu65TQGHYIzvbEm5zuiqN8Hh/SEZ2xLsa', 'adipiscing molestie hendrerit at vulputate', 'montes nascetur ridiculus mus vivamus vestibulum sagittis sapien cum sociis');
insert into users (email, first_name, last_name, password, dietary_restrictions, accommodations) values ('ngoodwill8k@paypal.com', 'Nappie', 'Goodwill', '$2a$04$aIIBk72Hr9mMFJtMzKgSIe2IWQ.ZGvb6JcIIYjW/bW5dmmi4Cc2UO', 'tortor id nulla ultrices aliquet maecenas leo', 'parturient montes nascetur ridiculus mus etiam vel augue vestibulum rutrum');
insert into users (email, first_name, last_name, password, dietary_restrictions, accommodations) values ('jfitzsymonds8l@home.pl', 'Jodee', 'Fitzsymonds', '$2a$04$5HlTf.MQ/cZljCIZqn8AsOftH/GxuJK/vgeIa2gFkTspAQIHBB.wS', 'morbi quis tortor id nulla ultrices aliquet maecenas leo odio', 'massa donec dapibus duis at velit eu');
insert into users (email, first_name, last_name, password, dietary_restrictions, accommodations) values ('jwinckworth8m@imdb.com', 'Juliann', 'Winckworth', '$2a$04$6eVLzuyZC0tQ2W3tv4f1O.FdcCEPLk8m1wXs6oJXDiL1gRGuhGPzu', 'ultricies eu nibh quisque id justo sit amet', 'proin eu mi nulla ac enim in tempor turpis');
insert into users (email, first_name, last_name, password, dietary_restrictions, accommodations) values ('nbroxap8n@kickstarter.com', 'Nealy', 'Broxap', '$2a$04$QJc9PF3FAeoKRdmxe5qKE.JucRd1ScLUv0OGJX.v3/G9aODxKmyvy', 'enim blandit mi in porttitor pede justo eu massa', 'cras in purus eu magna vulputate luctus cum sociis natoque');
insert into users (email, first_name, last_name, password, dietary_restrictions, accommodations) values ('pmalek8o@mit.edu', 'Prudi', 'Malek', '$2a$04$AF//rF9QSIegh9codqm3seAW3BI/x6nzrY4lw8T1ao9xitAk.27Da', 'nibh in hac habitasse platea dictumst aliquam augue', 'ut ultrices vel augue vestibulum ante ipsum');
insert into users (email, first_name, last_name, password, dietary_restrictions, accommodations) values ('kayrton8p@opera.com', 'Kellen', 'Ayrton', '$2a$04$U3vYlm2jKM9N.yqDE/tzGu1p41pvVm1WbEbTNtjxlk39Ee0PhzjJu', 'nullam porttitor lacus at turpis donec posuere metus vitae ipsum', 'eros viverra eget congue eget semper');
insert into users (email, first_name, last_name, password, dietary_restrictions, accommodations) values ('kstaning8q@booking.com', 'Kathy', 'Staning', '$2a$04$2NX8wN7GjWmC9sEelBhsIeVnnXO/BwSBsNg/IDrqM8JNRJXMfcIP2', 'purus sit amet nulla quisque arcu', 'libero nam dui proin leo odio porttitor id consequat in');
insert into users (email, first_name, last_name, password, dietary_restrictions, accommodations) values ('jlambrechts8r@diigo.com', 'Jaynell', 'Lambrechts', '$2a$04$Bder2pwKZ5ka3lhkdIQjNemRwhYxAm6COfeegguPx9tEQXhFMCVRO', 'pulvinar sed nisl nunc rhoncus dui vel sem sed sagittis', 'vivamus in felis eu sapien cursus vestibulum proin eu');
insert into users (email, first_name, last_name, password, dietary_restrictions, accommodations) values ('lsimoncini8s@ucoz.com', 'Lowrance', 'Simoncini', '$2a$04$rxiEnGZF4/STSln8dGtlY.abswpVtSXErrOyqXBtTtGij2.0XGiRG', 'consectetuer eget rutrum at lorem integer tincidunt ante vel ipsum', 'nec nisi vulputate nonummy maecenas tincidunt lacus');
insert into users (email, first_name, last_name, password, dietary_restrictions, accommodations) values ('ariley8t@hud.gov', 'Arluene', 'Riley', '$2a$04$Pno75VwVr5JTvQRyUXhrfOh8yoQ3QtclaIhOIcMs.za6vuatkQRSO', 'rutrum rutrum neque aenean auctor gravida sem praesent', 'phasellus id sapien in sapien');
insert into users (email, first_name, last_name, password, dietary_restrictions, accommodations) values ('sbaudts8u@soundcloud.com', 'Solly', 'Baudts', '$2a$04$AwkpilGwh7R2wUTdXWDWZe7V8GEggMRO.eqhWp6IPSr3Go/2mPO1q', 'aenean fermentum donec ut mauris eget massa tempor', 'vel nulla eget eros elementum pellentesque quisque porta volutpat erat');
insert into users (email, first_name, last_name, password, dietary_restrictions, accommodations) values ('rlovart8v@geocities.jp', 'Rowena', 'Lovart', '$2a$04$zDW64Ycwv2qmb.fJkJi.puMfzMhaI6gHQkHsyMLpXxsa2wo1b6n.S', 'phasellus id sapien in sapien', 'dolor sit amet consectetuer adipiscing');
insert into users (email, first_name, last_name, password, dietary_restrictions, accommodations) values ('rmcarthur8w@canalblog.com', 'Rudd', 'McArthur', '$2a$04$qz9Syr2k8f3cK8mT0CmXJetIPUVC6iQVG5xAW2sjNGuloaVOuyk8a', 'erat quisque erat eros viverra eget congue eget', 'cursus vestibulum proin eu mi nulla ac enim in tempor');
insert into users (email, first_name, last_name, password, dietary_restrictions, accommodations) values ('rpudding8x@ca.gov', 'Raye', 'Pudding', '$2a$04$HimCKzfyQFLkfwtVo8CcO.DqvqfLX8yiP0Cpl75xt2zkvcl3a2dPW', 'sed magna at nunc commodo placerat', 'justo in hac habitasse platea dictumst etiam faucibus cursus');
insert into users (email, first_name, last_name, password, dietary_restrictions, accommodations) values ('bwoodger8y@taobao.com', 'Bel', 'Woodger', '$2a$04$B87xKSplR/yDH8UXJlVrE.c5YhnfLXE.utTOYxU1q30TS9/hpNVkK', 'a ipsum integer a nibh in quis justo maecenas', 'pretium nisl ut volutpat sapien arcu');
insert into users (email, first_name, last_name, password, dietary_restrictions, accommodations) values ('jameerbeg8z@berkeley.edu', 'Janel', 'Ameer-Beg', '$2a$04$nD2f.dMCpPF1WJsPJtSLH.kDxb6S11TufIoVh1wVQB8ppQT9.h6ga', 'pulvinar lobortis est phasellus sit amet erat nulla tempus', 'pellentesque ultrices phasellus id sapien');
insert into users (email, first_name, last_name, password, dietary_restrictions, accommodations) values ('edighton90@jiathis.com', 'Ephrem', 'Dighton', '$2a$04$FB2GQfzF3J6sYIgSSz2MduXN/DLPxpk.bnAhNdP7TZUOGzYS2w/82', 'in faucibus orci luctus et ultrices posuere', 'faucibus orci luctus et ultrices posuere cubilia');
insert into users (email, first_name, last_name, password, dietary_restrictions, accommodations) values ('slindell91@about.me', 'Susy', 'Lindell', '$2a$04$wPQ1Xm3XYG2UUr9Xo6qS1.II.q/vp2hLapxEx2ZjLbWbMJcN.48HC', 'odio odio elementum eu interdum eu tincidunt in', 'enim leo rhoncus sed vestibulum sit amet');
insert into users (email, first_name, last_name, password, dietary_restrictions, accommodations) values ('rhoyle92@ibm.com', 'Ricki', 'Hoyle', '$2a$04$4wmVdG3f2Sadgtwy/pQoducz4SMsr2v2AX0OpOCXYdXOhzX0xFAoa', 'sapien non mi integer ac neque duis bibendum morbi', 'at turpis a pede posuere nonummy integer non');
insert into users (email, first_name, last_name, password, dietary_restrictions, accommodations) values ('nvennart93@nydailynews.com', 'Natividad', 'Vennart', '$2a$04$OzEGG0ND6I6BAnW.GzQOLuA5D8K6Rl30lcAYOmiSQ7MFpq4MLP/16', 'mattis egestas metus aenean fermentum donec ut mauris eget', 'curabitur convallis duis consequat dui nec nisi');
insert into users (email, first_name, last_name, password, dietary_restrictions, accommodations) values ('brisborough94@wikipedia.org', 'Brendis', 'Risborough', '$2a$04$IPn29fXW8fytS0kVrnjnxe5wU4hQXHqutdT/QeHQECWePKHuJB.SC', 'in consequat ut nulla sed accumsan', 'ut nulla sed accumsan felis ut at');
insert into users (email, first_name, last_name, password, dietary_restrictions, accommodations) values ('lsibley95@digg.com', 'Leodora', 'Sibley', '$2a$04$GOUqrnOXHGH9MO4NEp7h9ubPX7DMZ4zt/Uic5MiL2y8X8ozSTFZoO', 'gravida sem praesent id massa id nisl venenatis lacinia', 'justo sollicitudin ut suscipit a feugiat et eros');
insert into users (email, first_name, last_name, password, dietary_restrictions, accommodations) values ('tandrock96@instagram.com', 'Tatum', 'Androck', '$2a$04$uypsl/eDsostLtUoP0cMMO.pinHysRrOisWa0wGLLT3EXiC3ekdr.', 'aliquet at feugiat non pretium', 'sagittis sapien cum sociis natoque');
insert into users (email, first_name, last_name, password, dietary_restrictions, accommodations) values ('rharesnaip97@abc.net.au', 'Rozanne', 'Haresnaip', '$2a$04$PpMwa5WXuAQGsp8QNO140e6Q9kwnwapS6Abn2BL419rfvzLnoruou', 'lobortis convallis tortor risus dapibus augue vel accumsan tellus nisi', 'ornare consequat lectus in est risus auctor sed tristique');
insert into users (email, first_name, last_name, password, dietary_restrictions, accommodations) values ('klias98@github.com', 'Kat', 'Lias', '$2a$04$2i0cLajxV45jPvNW3g266OWDrB2zx8WB/GPZz5mFg/D.r8rMVMTuK', 'eu mi nulla ac enim in tempor turpis', 'tellus nisi eu orci mauris lacinia sapien quis libero');
insert into users (email, first_name, last_name, password, dietary_restrictions, accommodations) values ('vshortall99@rambler.ru', 'Verene', 'Shortall', '$2a$04$JBrKxw.FXCIFOaG4EychN.uW.WNNTC0AiDQyzA9hxFpU.C2YMd1XO', 'dui maecenas tristique est et tempus', 'sit amet eros suspendisse accumsan tortor quis turpis');
insert into users (email, first_name, last_name, password, dietary_restrictions, accommodations) values ('fgradwell9a@netlog.com', 'Farlee', 'Gradwell', '$2a$04$Whw/F4h56gM6eiLXMDNonuOaltN4XoPo/8zhSkC2qwq7OyrfAbNYG', 'venenatis turpis enim blandit mi in porttitor pede', 'a feugiat et eros vestibulum ac');
insert into users (email, first_name, last_name, password, dietary_restrictions, accommodations) values ('lmckennan9b@nationalgeographic.com', 'Lenka', 'McKennan', '$2a$04$3IaoZRhG6tPUx51icDK6luhPP.J8/DvvIta6uTqkdhYA5LZRpuN3W', 'in hac habitasse platea dictumst', 'euismod scelerisque quam turpis adipiscing lorem vitae');
insert into users (email, first_name, last_name, password, dietary_restrictions, accommodations) values ('lsarll9c@spotify.com', 'Larisa', 'Sarll', '$2a$04$oCURWrXflJHMl/uQ1aGyou79rBzxuXT6Wv../EaGHn8PkfiMEjqOy', 'donec odio justo sollicitudin ut suscipit a', 'turpis integer aliquet massa id lobortis convallis tortor');
insert into users (email, first_name, last_name, password, dietary_restrictions, accommodations) values ('lguilliland9d@google.cn', 'Lorin', 'Guilliland', '$2a$04$7HkxKXuSPa7Ro6Cahe2ujOP4ksB6vj7Smrp5nhSNmtoeXNF92zT7m', 'scelerisque quam turpis adipiscing lorem vitae mattis nibh ligula', 'id pretium iaculis diam erat fermentum justo nec condimentum');
insert into users (email, first_name, last_name, password, dietary_restrictions, accommodations) values ('hproudley9e@aol.com', 'Hugibert', 'Proudley', '$2a$04$ar/Xe5cYa7IZYGZyim5Q2efGpZQ9CNlDN65bzFgviH8.AQhhM4C2u', 'a libero nam dui proin', 'ut dolor morbi vel lectus in quam fringilla rhoncus mauris');
insert into users (email, first_name, last_name, password, dietary_restrictions, accommodations) values ('vwaddington9f@cbc.ca', 'Vassily', 'Waddington', '$2a$04$Yy4cQCmlUo0iXb9nUrQw6.fS4L/xP6bNBMPdAM8e/5mKOzjGDaoyS', 'lacus curabitur at ipsum ac tellus semper', 'tincidunt lacus at velit vivamus vel nulla');
insert into users (email, first_name, last_name, password, dietary_restrictions, accommodations) values ('mpetrolli9g@printfriendly.com', 'Munmro', 'Petrolli', '$2a$04$/gTm.2YXRzGBPsJgpZrvj.Z0HrMcHC7nk92qJJTK8emI46BmBWiz.', 'quis odio consequat varius integer ac leo pellentesque ultrices', 'curabitur at ipsum ac tellus');
insert into users (email, first_name, last_name, password, dietary_restrictions, accommodations) values ('emordin9h@istockphoto.com', 'Engelbert', 'Mordin', '$2a$04$pxGcyvIAe83bu6mzXZGq4ud2C5Ob7OVfWoY3z5InnXCHZKoInvdEC', 'nisi volutpat eleifend donec ut dolor morbi vel lectus', 'in faucibus orci luctus et ultrices posuere cubilia curae nulla');
insert into users (email, first_name, last_name, password, dietary_restrictions, accommodations) values ('rciraldo9i@blogs.com', 'Rosalia', 'Ciraldo', '$2a$04$02LgrHf4KsYpVHFCHUBOBOgxmRDxmUKQJ8Wjle5E5RSMluh4qFam2', 'ipsum primis in faucibus orci luctus et ultrices posuere', 'sapien a libero nam dui proin');
insert into users (email, first_name, last_name, password, dietary_restrictions, accommodations) values ('cworling9j@china.com.cn', 'Clim', 'Worling', '$2a$04$z25CR3Q9K0/zkgHDqXubtuZdZrNIeNHulSsDiN0wYlNOqHr3TfAnK', 'libero ut massa volutpat convallis', 'mauris ullamcorper purus sit amet nulla quisque arcu');
insert into users (email, first_name, last_name, password, dietary_restrictions, accommodations) values ('tbremen9k@buzzfeed.com', 'Tracey', 'Bremen', '$2a$04$3e1UsTCyFW.753BF63O9n.wtSN/XbEaUTQb2rDiEvfLWIzwcEfnrq', 'ipsum integer a nibh in quis justo', 'curabitur gravida nisi at nibh in hac habitasse');
insert into users (email, first_name, last_name, password, dietary_restrictions, accommodations) values ('docrigan9l@bloomberg.com', 'Devina', 'O''Crigan', '$2a$04$.m3v9H1QvGRh/N308QrXW.kwbTnTnuwAYSf3pUYrttVqQV8sKKaYy', 'justo nec condimentum neque sapien placerat ante', 'ante ipsum primis in faucibus orci luctus et');
insert into users (email, first_name, last_name, password, dietary_restrictions, accommodations) values ('ksneezum9m@cnn.com', 'Kimberlee', 'Sneezum', '$2a$04$RmK5hDbqlYDj0XgnYqgKzOLEcqBixubUcMjmUiOuDXorWQ.mH6fSa', 'convallis eget eleifend luctus ultricies eu nibh quisque id justo', 'euismod scelerisque quam turpis adipiscing lorem vitae');
insert into users (email, first_name, last_name, password, dietary_restrictions, accommodations) values ('pdunks9n@baidu.com', 'Pavel', 'Dunks', '$2a$04$/4l7.qDDErfll1xWzmK0l.tcoLRpJS.lDtNdLpZRuU4p4H19ZeCoW', 'sed vel enim sit amet nunc viverra', 'in felis donec semper sapien a libero');
insert into users (email, first_name, last_name, password, dietary_restrictions, accommodations) values ('jorcas9o@naver.com', 'Joshua', 'Orcas', '$2a$04$z9LM2ydNzP0p2XhXpCbpZ.D6jEOecLkaDDx3VjH2ujLasl/45FGHO', 'accumsan tortor quis turpis sed ante', 'lobortis ligula sit amet eleifend pede libero quis orci');
insert into users (email, first_name, last_name, password, dietary_restrictions, accommodations) values ('dmayger9p@ft.com', 'Dagny', 'Mayger', '$2a$04$hG0mELH9Y9g.t3PekQZW5OIj8kDUJ5EICB.6dZCdswifZi5u6Ow1u', 'ante vivamus tortor duis mattis egestas metus aenean', 'ut odio cras mi pede malesuada');
insert into users (email, first_name, last_name, password, dietary_restrictions, accommodations) values ('abrute9q@hud.gov', 'Atalanta', 'Brute', '$2a$04$xSoRqcp4kNTAtjb14HGlLOAyZu2dhuUtz6cp2OX.Iwh5hUsOhs9A2', 'vehicula consequat morbi a ipsum', 'massa quis augue luctus tincidunt nulla');
insert into users (email, first_name, last_name, password, dietary_restrictions, accommodations) values ('wzealey9r@tumblr.com', 'Woodrow', 'Zealey', '$2a$04$xlyWOW9edqBnJcqPJq5wduxI0rnRfQPsdCxSmnBUVdEE2kn1lzlLW', 'eu tincidunt in leo maecenas pulvinar', 'in tempus sit amet sem fusce consequat nulla nisl');
insert into users (email, first_name, last_name, password, dietary_restrictions, accommodations) values ('hparkyn9s@usgs.gov', 'Horatia', 'Parkyn', '$2a$04$CWPeRzjDnkkaQbR5pRGJieFlWFZcqEZGLuBKBl4YuNANkHLFbw7fu', 'elit sodales scelerisque mauris sit amet eros', 'sapien placerat ante nulla justo aliquam quis');
insert into users (email, first_name, last_name, password, dietary_restrictions, accommodations) values ('pcorringham9t@clickbank.net', 'Patty', 'Corringham', '$2a$04$qQN/iW34Ozw8ibun3QJudeJ3BGFlaReSBKkw/ayP0gb7xuL1y55Nm', 'imperdiet et commodo vulputate justo in blandit ultrices', 'curabitur in libero ut massa');
insert into users (email, first_name, last_name, password, dietary_restrictions, accommodations) values ('lraison9u@devhub.com', 'Linzy', 'Raison', '$2a$04$fvonmqkCcsXESm98cAmpWOOUStKxLWPf.Ol9Xda3am45B79T8lnoS', 'platea dictumst maecenas ut massa quis', 'ultricies eu nibh quisque id justo sit amet sapien');
insert into users (email, first_name, last_name, password, dietary_restrictions, accommodations) values ('bcaudell9v@odnoklassniki.ru', 'Blanca', 'Caudell', '$2a$04$djOGzL3bNEjSljbQH36zVOvM3jjR3nF3db6Qbk9uFrd76W2ucM.LG', 'ante ipsum primis in faucibus orci luctus', 'sapien quis libero nullam sit amet');
insert into users (email, first_name, last_name, password, dietary_restrictions, accommodations) values ('gbeeton9w@imageshack.us', 'Gerty', 'Beeton', '$2a$04$amfNw.uiuQ3EbDIvAbC3zeXs7dago7wuSOscwPURpOJIEHVA1hJC.', 'nec dui luctus rutrum nulla tellus in', 'in leo maecenas pulvinar lobortis');
insert into users (email, first_name, last_name, password, dietary_restrictions, accommodations) values ('soconnell9x@va.gov', 'Shawna', 'O'' Connell', '$2a$04$Qq1jPZgs03PDvMlCxmUl3udple5GEmqfrffOUsEJTsMPuChsHHtK6', 'libero nam dui proin leo odio porttitor', 'vestibulum aliquet ultrices erat tortor sollicitudin mi sit');
insert into users (email, first_name, last_name, password, dietary_restrictions, accommodations) values ('vwynn9y@blogtalkradio.com', 'Vernon', 'Wynn', '$2a$04$YqKV1puwRkozYY.l8fxKAuGTixhmR6Qpzsqp9O0hMq/floDrik3lW', 'erat nulla tempus vivamus in felis eu sapien cursus', 'ultrices posuere cubilia curae mauris viverra diam vitae quam');
insert into users (email, first_name, last_name, password, dietary_restrictions, accommodations) values ('ncaughey9z@alibaba.com', 'Nial', 'Caughey', '$2a$04$TynqXVbZB00j/Mwz3sLb2uy43oip8KIECBHIHNAtkuCpeSC3thbc6', 'mauris viverra diam vitae quam suspendisse potenti', 'justo sollicitudin ut suscipit a feugiat');
insert into users (email, first_name, last_name, password, dietary_restrictions, accommodations) values ('hsyfaxa0@bloglovin.com', 'Harriette', 'Syfax', '$2a$04$Ksk6LKD9AsoQOzNguKz8q.RI9nlYbp66H4w1Hxz8omt7aUfzHlcEK', 'auctor gravida sem praesent id', 'lacinia eget tincidunt eget tempus vel pede');
insert into users (email, first_name, last_name, password, dietary_restrictions, accommodations) values ('sbaddowa1@addthis.com', 'Sky', 'Baddow', '$2a$04$M9Ebv.4jnoLKDSCV7iT8t.BTWSWJeQGI/IgqTQnCy3E/l0w5lVBBW', 'turpis a pede posuere nonummy integer non velit', 'posuere metus vitae ipsum aliquam non mauris morbi non');
insert into users (email, first_name, last_name, password, dietary_restrictions, accommodations) values ('skarpea2@toplist.cz', 'Sean', 'Karpe', '$2a$04$hCPVgZIucxLA1OD2d/hU6OZldUIsMeqJG.9jWb8IizKpDrSzUpL7W', 'hac habitasse platea dictumst morbi vestibulum velit id', 'aliquet ultrices erat tortor sollicitudin mi sit amet lobortis');
insert into users (email, first_name, last_name, password, dietary_restrictions, accommodations) values ('ebantocka3@netvibes.com', 'Erinn', 'Bantock', '$2a$04$GBQpp3IGRUy3mDsTuicrbu/pW6kfxSeAOWFJnmqJmp84nqKlA0osG', 'non quam nec dui luctus rutrum', 'nec condimentum neque sapien placerat');
insert into users (email, first_name, last_name, password, dietary_restrictions, accommodations) values ('blingwooda4@youtu.be', 'Baldwin', 'Lingwood', '$2a$04$UP.9GBWVb4DCyWaepkbspetp564MFPCgXlaHyIh0XBtRgjq94Ekky', 'tristique in tempus sit amet sem', 'mauris non ligula pellentesque ultrices phasellus id sapien');
insert into users (email, first_name, last_name, password, dietary_restrictions, accommodations) values ('ktschirschkya5@npr.org', 'Karel', 'Tschirschky', '$2a$04$t.0DHPdNLz4dmmzD08lPnu5nT/HjE0Q9HnZLNKRX4qiwZ.MFT1.Ry', 'aliquam convallis nunc proin at', 'faucibus orci luctus et ultrices posuere cubilia');
insert into users (email, first_name, last_name, password, dietary_restrictions, accommodations) values ('tmcgurna6@cmu.edu', 'Tatiana', 'McGurn', '$2a$04$YyfAxI109fxgra8pbWlfGOi.GMf8cQUxMcC2GvNyMZbomy2thbNPu', 'eget tempus vel pede morbi porttitor lorem id ligula suspendisse', 'non velit nec nisi vulputate nonummy maecenas tincidunt lacus');
insert into users (email, first_name, last_name, password, dietary_restrictions, accommodations) values ('dbraneya7@msn.com', 'Daria', 'Braney', '$2a$04$LY0NXlq.IMFpFq2iEcNGo.y2GHaWiAVhLmsbW3mCNX9wFWw0nd2Mu', 'consectetuer adipiscing elit proin risus praesent lectus vestibulum quam', 'sapien dignissim vestibulum vestibulum ante ipsum primis in faucibus');
insert into users (email, first_name, last_name, password, dietary_restrictions, accommodations) values ('msouthorna8@comcast.net', 'Mora', 'Southorn', '$2a$04$cXAh04.5OGsJA0lNhsBfcOQC0RyqGNIlBEyWmtYgqMq8NuDbU0wNy', 'ipsum ac tellus semper interdum mauris', 'pharetra magna vestibulum aliquet ultrices erat tortor sollicitudin mi');
insert into users (email, first_name, last_name, password, dietary_restrictions, accommodations) values ('tcounsella9@t-online.de', 'Tara', 'Counsell', '$2a$04$89KtHJq7DOOSTKS3tK5HTewCMKIVpQhbRc/.zuEC/YIjJ5vQ825sK', 'dis parturient montes nascetur ridiculus mus etiam vel augue vestibulum', 'magna vulputate luctus cum sociis');
insert into users (email, first_name, last_name, password, dietary_restrictions, accommodations) values ('npalaaa@friendfeed.com', 'Nanice', 'Pala', '$2a$04$7Ak3sI65f7a43mc2kzNVCOBCHs0EeWoiWnz06idTyu/ZsA0M4DY5S', 'sed tristique in tempus sit amet sem', 'est donec odio justo sollicitudin ut suscipit a');
insert into users (email, first_name, last_name, password, dietary_restrictions, accommodations) values ('ebangerab@fc2.com', 'Ema', 'Banger', '$2a$04$E2wYtti7fEhgLXy/eeD.QO/OKSGbaPrZGf3xVrXRGBwkenDD6MXo.', 'eu orci mauris lacinia sapien quis libero nullam', 'nulla ac enim in tempor turpis nec euismod');
insert into users (email, first_name, last_name, password, dietary_restrictions, accommodations) values ('etinseyac@pcworld.com', 'Edie', 'Tinsey', '$2a$04$ys4Cxe5yc8ksr01ZF6l/xeAla5e2PeyekW4LqepVKQZhNxEQSgeeO', 'ultricies eu nibh quisque id', 'quam pede lobortis ligula sit amet eleifend pede libero quis');
insert into users (email, first_name, last_name, password, dietary_restrictions, accommodations) values ('mroiznad@xrea.com', 'Meredith', 'Roizn', '$2a$04$sWa1S85MqccwuDH4igKtvOGxoWYDiyGZGSLeeAchn3NWw6sgq8f9y', 'vel accumsan tellus nisi eu orci', 'eget elit sodales scelerisque mauris sit amet eros suspendisse');
insert into users (email, first_name, last_name, password, dietary_restrictions, accommodations) values ('tkennifickae@patch.com', 'Teressa', 'Kennifick', '$2a$04$ybzc5faWey6kS5KiDGFF7es5x/p2qDKYspKaSQxRrzr101c19hIK6', 'fusce posuere felis sed lacus morbi sem mauris laoreet', 'urna pretium nisl ut volutpat sapien arcu sed');
insert into users (email, first_name, last_name, password, dietary_restrictions, accommodations) values ('egullamaf@mashable.com', 'Eben', 'Gullam', '$2a$04$aMQ7q6ShOGD609iU4e5LIuft66jFbCS9oOqp.yQ0aiOlRus.jF9k.', 'nulla neque libero convallis eget eleifend luctus ultricies', 'varius nulla facilisi cras non velit');
insert into users (email, first_name, last_name, password, dietary_restrictions, accommodations) values ('fprosekag@netvibes.com', 'Fonsie', 'Prosek', '$2a$04$Mx7LanIbAFzaBI3pofIrFeyhI64gdt7pbvLjjJtmoq6JB2ZwV8iza', 'at velit vivamus vel nulla eget', 'eleifend donec ut dolor morbi vel');
insert into users (email, first_name, last_name, password, dietary_restrictions, accommodations) values ('lburrowah@wired.com', 'Lurette', 'Burrow', '$2a$04$ifYmagqHmqPXVDcnPKSuf.4MxyuF9F3NScj0wPVToL8fBgZysb6sG', 'faucibus orci luctus et ultrices posuere cubilia curae mauris', 'sapien cursus vestibulum proin eu mi');
insert into users (email, first_name, last_name, password, dietary_restrictions, accommodations) values ('mfreemantleai@sfgate.com', 'Morry', 'Freemantle', '$2a$04$wAKiTGWb1SKCvrhWmfO52.Nd9cX26yJwMftOwXfpwogCRmnB2VVg6', 'duis ac nibh fusce lacus purus', 'hac habitasse platea dictumst aliquam');
insert into users (email, first_name, last_name, password, dietary_restrictions, accommodations) values ('tmarymanaj@java.com', 'Titus', 'Maryman', '$2a$04$M8hC4tXAD1rEFhiKxVXjDOEEZhYpUrvvYwP3eM75XtD5cnK7/MGoy', 'in est risus auctor sed tristique', 'justo sit amet sapien dignissim vestibulum vestibulum ante ipsum primis');
insert into users (email, first_name, last_name, password, dietary_restrictions, accommodations) values ('ttellenbachak@usatoday.com', 'Trish', 'Tellenbach', '$2a$04$pURIhmLdcg0Z6dTf55OoNuXD5GwxyQZkEUY2Y4xBoZ8jjUPJNumCK', 'ligula vehicula consequat morbi a ipsum integer', 'nisi at nibh in hac habitasse platea dictumst');
insert into users (email, first_name, last_name, password, dietary_restrictions, accommodations) values ('tlandonal@yellowbook.com', 'Torrie', 'Landon', '$2a$04$B0gxapnLN.ZFfJBKw00tROVJYRFRPeCYivQhfoIuTyew6y2EvjDaK', 'consequat ut nulla sed accumsan felis', 'in hac habitasse platea dictumst etiam faucibus cursus');
insert into users (email, first_name, last_name, password, dietary_restrictions, accommodations) values ('brampleyam@bing.com', 'Bendite', 'Rampley', '$2a$04$mg0lr5xu9lq6lNB0Lg/9heiWX9qSKAC0MCzIxq7oLacnscuExSKDe', 'nunc viverra dapibus nulla suscipit ligula in lacus', 'sapien urna pretium nisl ut volutpat');
insert into users (email, first_name, last_name, password, dietary_restrictions, accommodations) values ('rslessaran@cocolog-nifty.com', 'Rachael', 'Slessar', '$2a$04$DkrEF2t4PyS3fSaODwComumT6CO1YktJPvDCoLfh5yW7sMMRKatGu', 'nulla nunc purus phasellus in felis donec', 'ut massa quis augue luctus tincidunt');
insert into users (email, first_name, last_name, password, dietary_restrictions, accommodations) values ('lnoyeao@hatena.ne.jp', 'Lindie', 'Noye', '$2a$04$huMEg20GYmqTczh9ixuGKOIYr6U2xD3Y1TDHDyRUPZOqi0i0Y.IQq', 'amet nunc viverra dapibus nulla suscipit ligula in', 'volutpat quam pede lobortis ligula sit');
insert into users (email, first_name, last_name, password, dietary_restrictions, accommodations) values ('hleaseap@china.com.cn', 'Hildegarde', 'Lease', '$2a$04$z2YkbM1HXmMcegcE2XuWkurzRdE0iuZGKgJkL/.fx3BhvD2xb4lZO', 'sem duis aliquam convallis nunc', 'vitae consectetuer eget rutrum at lorem');
insert into users (email, first_name, last_name, password, dietary_restrictions, accommodations) values ('ssambrookaq@newyorker.com', 'Say', 'Sambrook', '$2a$04$fEmkWi/iIt75jKJu4wqaJuUd33G2mjG0moKWrNpazM6P7AnY41GwG', 'diam in magna bibendum imperdiet', 'odio curabitur convallis duis consequat dui nec');
insert into users (email, first_name, last_name, password, dietary_restrictions, accommodations) values ('jbillingsleyar@hatena.ne.jp', 'Jaclin', 'Billingsley', '$2a$04$JN.PX.8bE58m8MoW00FMW.p41YSLvs3jF.hgiDCRKSIDUqe.aV4KS', 'donec pharetra magna vestibulum aliquet ultrices erat tortor sollicitudin mi', 'sit amet diam in magna bibendum imperdiet nullam orci pede');
insert into users (email, first_name, last_name, password, dietary_restrictions, accommodations) values ('hmoonas@ameblo.jp', 'Holly', 'Moon', '$2a$04$liTZO2dM5AJiPZjsgdkz7.hEV6TNZUx9tE7ar/QVbuI0BYVNrJpGe', 'varius integer ac leo pellentesque ultrices', 'volutpat eleifend donec ut dolor morbi');
insert into users (email, first_name, last_name, password, dietary_restrictions, accommodations) values ('pleveretat@flickr.com', 'Paco', 'Leveret', '$2a$04$ZjfHpEIz/i9jetmpifGnAOv1vktf/0gGopGvhG2.GTzkZ/AOUYu3u', 'lacus at turpis donec posuere metus vitae ipsum', 'nec nisi vulputate nonummy maecenas tincidunt lacus at');
insert into users (email, first_name, last_name, password, dietary_restrictions, accommodations) values ('rbelamyau@ustream.tv', 'Reinaldo', 'Belamy', '$2a$04$Elr8VhnT1iXB4zEj2PUYb.lNnjWjcwX0Rfjjx6Ovp/Nta8l6ntYt2', 'blandit lacinia erat vestibulum sed magna at', 'suspendisse potenti cras in purus');
insert into users (email, first_name, last_name, password, dietary_restrictions, accommodations) values ('bgraberav@diigo.com', 'Barris', 'Graber', '$2a$04$8vkcpKcnr16o.Bvw7NGk8OxqBLkI7AuCNrulKvueOqxZNiLpCv5x.', 'parturient montes nascetur ridiculus mus etiam vel augue vestibulum rutrum', 'lacinia eget tincidunt eget tempus vel pede morbi porttitor lorem');
insert into users (email, first_name, last_name, password, dietary_restrictions, accommodations) values ('atomaselloaw@dagondesign.com', 'Alric', 'Tomasello', '$2a$04$3t/5T8LylTtkthOdyddgBuyFlPhEp7qJbgHcil9OC5QxHN7Vo1hZa', 'eu orci mauris lacinia sapien quis libero', 'semper rutrum nulla nunc purus phasellus in felis donec');
insert into users (email, first_name, last_name, password, dietary_restrictions, accommodations) values ('cvoseax@slideshare.net', 'Caprice', 'Vose', '$2a$04$i8j0u68ZtAZgzRwjF/.56OFAJoIzqq.UrLgpbewat5burY12c0kLW', 'eget nunc donec quis orci eget', 'tincidunt eu felis fusce posuere felis sed');
insert into users (email, first_name, last_name, password, dietary_restrictions, accommodations) values ('blightenay@google.com', 'Bertrand', 'Lighten', '$2a$04$PM1c6DPZ90NpIJr.C6lM3eJH5xAOKYFPQTo57gH0A.Z9.vhXPLQLq', 'sollicitudin mi sit amet lobortis sapien sapien non mi integer', 'ultrices enim lorem ipsum dolor sit amet consectetuer adipiscing');
insert into users (email, first_name, last_name, password, dietary_restrictions, accommodations) values ('edooheraz@com.com', 'Elwood', 'Dooher', '$2a$04$SMaenycHUKaiS9VJXiqvNeYnTFYwaBkVtvlRkuLNNUUJSjeakklFW', 'cubilia curae donec pharetra magna vestibulum', 'luctus ultricies eu nibh quisque id justo sit amet');
insert into users (email, first_name, last_name, password, dietary_restrictions, accommodations) values ('tewingb0@g.co', 'Thomas', 'Ewing', '$2a$04$174XEBQnF4cmdZFVHvOQH.71ZTmsEFmLpzR/AVJbwZ3xdmNUu0chq', 'sed vestibulum sit amet cursus id turpis integer aliquet', 'dictumst etiam faucibus cursus urna ut tellus');
insert into users (email, first_name, last_name, password, dietary_restrictions, accommodations) values ('dperezb1@amazonaws.com', 'Demetria', 'Perez', '$2a$04$WSBxPtkTcPilQmhCxtS49erV1/8APgNiPMCyq06CvUKS4XD9Do02C', 'molestie hendrerit at vulputate vitae nisl aenean lectus pellentesque', 'hac habitasse platea dictumst etiam faucibus cursus urna ut');
insert into users (email, first_name, last_name, password, dietary_restrictions, accommodations) values ('ebrandib2@businessweek.com', 'Ennis', 'Brandi', '$2a$04$mPTzgxGyF0/r91JRkhxif.YNv7bOVV8cH4uyP1XR49TNpZDMRUspS', 'libero convallis eget eleifend luctus ultricies', 'lectus vestibulum quam sapien varius');
insert into users (email, first_name, last_name, password, dietary_restrictions, accommodations) values ('ctofaninib3@yelp.com', 'Charin', 'Tofanini', '$2a$04$ripLfbxYUdn9LjeujC8FROz3A.rpbezklwpncV2oJtQBNW/R2ulx.', 'turpis eget elit sodales scelerisque mauris sit amet', 'maecenas pulvinar lobortis est phasellus sit');
insert into users (email, first_name, last_name, password, dietary_restrictions, accommodations) values ('ktamburob4@devhub.com', 'Kaylil', 'Tamburo', '$2a$04$Ku2IaKRCgpy0HUYr4VKMW.xSJQ0zgTwZiT1UGQXIuVQgBj85K.f6i', 'ante ipsum primis in faucibus', 'vivamus vel nulla eget eros elementum pellentesque');
insert into users (email, first_name, last_name, password, dietary_restrictions, accommodations) values ('aeverillb5@acquirethisname.com', 'Andre', 'Everill', '$2a$04$w.noOGa9mdt9a6Yur/25DubMdOz.8F7RUWjKirhqDtIXExTmwnd9q', 'et commodo vulputate justo in blandit', 'nisi at nibh in hac');
insert into users (email, first_name, last_name, password, dietary_restrictions, accommodations) values ('triddockb6@netvibes.com', 'Trudy', 'Riddock', '$2a$04$xeZdJ2ctzItUkigDdmbKPujWSHJFHKh3lpL6P1Srq1uloD/AcMZIu', 'penatibus et magnis dis parturient montes nascetur ridiculus', 'adipiscing elit proin interdum mauris non ligula pellentesque ultrices');
insert into users (email, first_name, last_name, password, dietary_restrictions, accommodations) values ('akeaseyb7@un.org', 'Antonella', 'Keasey', '$2a$04$5YcHVoJwtafR8fW14UNb0.JqpG9lvplszjXzpIFzaFOLZQ/xu3UdK', 'tincidunt in leo maecenas pulvinar', 'elit ac nulla sed vel enim sit amet nunc viverra');
insert into users (email, first_name, last_name, password, dietary_restrictions, accommodations) values ('jdowseb8@livejournal.com', 'Joaquin', 'Dowse', '$2a$04$DOgqJc.JiWEYPvGFBDP1WeKgvLOu1X.9ZpoCO8JN.WzfHiAgCwOR.', 'tortor duis mattis egestas metus aenean fermentum donec', 'orci luctus et ultrices posuere');
insert into users (email, first_name, last_name, password, dietary_restrictions, accommodations) values ('jlacroutsb9@blog.com', 'Jamie', 'Lacrouts', '$2a$04$gZF.z7iWpHPrKwfaDETd9.OKIQP//hI9lyTEh1mw3OvLiJL7evB2e', 'pede libero quis orci nullam molestie nibh in lectus pellentesque', 'vivamus in felis eu sapien');
insert into users (email, first_name, last_name, password, dietary_restrictions, accommodations) values ('kcluelowba@blog.com', 'Kari', 'Cluelow', '$2a$04$BygGpjV36iYCoy3zHlzsHezkgi31Jb7N5EaHaooVORjWTkr78BnEG', 'curabitur convallis duis consequat dui nec nisi volutpat eleifend donec', 'sit amet lobortis sapien sapien non mi');
insert into users (email, first_name, last_name, password, dietary_restrictions, accommodations) values ('kmaynebb@google.fr', 'Kort', 'Mayne', '$2a$04$nFQZQ2axqLAuFhxTswhKLeEos5BJPK431xb7raw97x.4bHfM84BJC', 'ligula vehicula consequat morbi a ipsum integer', 'magna at nunc commodo placerat praesent blandit nam');
insert into users (email, first_name, last_name, password, dietary_restrictions, accommodations) values ('kkarbybc@columbia.edu', 'Kacy', 'Karby', '$2a$04$h2xvFZq7DTPtUUg3UeolYOvyeGK4nqZOztxQ/DycdJg6SxH4ZplGK', 'ante ipsum primis in faucibus orci luctus', 'risus praesent lectus vestibulum quam sapien varius ut blandit');
insert into users (email, first_name, last_name, password, dietary_restrictions, accommodations) values ('gkelwaybd@bluehost.com', 'Giff', 'Kelway', '$2a$04$yeVI0w48fM9gVjJPpYYddO9VKRyZSVl/br7bCjw83BF/Ca7lLtgDG', 'amet justo morbi ut odio', 'varius ut blandit non interdum in ante');
insert into users (email, first_name, last_name, password, dietary_restrictions, accommodations) values ('fkleinhausbe@smh.com.au', 'Flora', 'Kleinhaus', '$2a$04$B5msCSEAZlLUOO0dvcmUdu.NzsTATIzfTfhx8teUGh9fOyUtCDbJa', 'elit ac nulla sed vel enim sit amet', 'curae nulla dapibus dolor vel est donec');
insert into users (email, first_name, last_name, password, dietary_restrictions, accommodations) values ('charfleetbf@i2i.jp', 'Cherilynn', 'Harfleet', '$2a$04$NRVWL1VO1GZsppXfyg8ZFutl4FnLfSJJYutxhlqM4vb4T29uwvD/y', 'odio donec vitae nisi nam ultrices libero non mattis', 'rutrum nulla nunc purus phasellus in felis donec semper');
insert into users (email, first_name, last_name, password, dietary_restrictions, accommodations) values ('ndudillbg@netvibes.com', 'Noble', 'Dudill', '$2a$04$NnbLSY1SBbk0GU4LGIX.feHfIzmnboTwFCTeQgFrzta2B6S.2yg/W', 'justo etiam pretium iaculis justo in hac habitasse', 'ut volutpat sapien arcu sed augue aliquam erat volutpat in');
insert into users (email, first_name, last_name, password, dietary_restrictions, accommodations) values ('rlylesbh@cisco.com', 'Riordan', 'Lyles', '$2a$04$UNAuFE4KUQLoPb4jIyAXbOUnZN9O1q096GQ1uqDjzi7HSBVPjkctK', 'quis justo maecenas rhoncus aliquam lacus morbi', 'vel pede morbi porttitor lorem id ligula suspendisse ornare consequat');
insert into users (email, first_name, last_name, password, dietary_restrictions, accommodations) values ('cdagonbi@lulu.com', 'Clo', 'Dagon', '$2a$04$Gf6h9LLEZ4UOCvHG2mBAHOa2e386ZvDN0UvsXfN0dnTM9blXGm2Y.', 'sociis natoque penatibus et magnis dis', 'ultrices erat tortor sollicitudin mi sit amet lobortis');
insert into users (email, first_name, last_name, password, dietary_restrictions, accommodations) values ('mcarbettbj@google.com.hk', 'Martica', 'Carbett', '$2a$04$bOew/X09wXmknAImlbkIyepWbgClo3NEjkE3.OJPitIj53ZssYxAO', 'at nulla suspendisse potenti cras in purus', 'in hac habitasse platea dictumst maecenas ut massa quis');
insert into users (email, first_name, last_name, password, dietary_restrictions, accommodations) values ('jscimonebk@rambler.ru', 'Jackie', 'Scimone', '$2a$04$lkpQwTGLLwM71yka74nk2OY6ethqO70xKoJVkIVd5ny559CLbwloq', 'sapien cum sociis natoque penatibus et magnis dis parturient', 'aliquam sit amet diam in magna bibendum imperdiet nullam orci');
insert into users (email, first_name, last_name, password, dietary_restrictions, accommodations) values ('hjasperbl@furl.net', 'Harold', 'Jasper', '$2a$04$WRKI/pOqJHyrdNZFAAwHi.7KFqJavVvQoBGTM7DFGxnDoK1uh9dU6', 'justo sit amet sapien dignissim vestibulum vestibulum ante', 'hac habitasse platea dictumst morbi vestibulum velit id pretium iaculis');
insert into users (email, first_name, last_name, password, dietary_restrictions, accommodations) values ('cdebrokebm@godaddy.com', 'Christabella', 'de Broke', '$2a$04$ggH147Vmz3aLMbXMcE6LjuvVYhFTMaAaePX0g/mkyMVWNzZk2dmLa', 'a pede posuere nonummy integer non velit', 'sit amet diam in magna bibendum imperdiet nullam orci');
insert into users (email, first_name, last_name, password, dietary_restrictions, accommodations) values ('rgisbeybn@biglobe.ne.jp', 'Rosemary', 'Gisbey', '$2a$04$3KC1kj9ToomPxGmHyyTjguFWeBmhpEANgryVwAIPTv.IhRcXVBNkq', 'gravida nisi at nibh in hac habitasse', 'in felis donec semper sapien a libero nam dui');
insert into users (email, first_name, last_name, password, dietary_restrictions, accommodations) values ('kheamsbo@de.vu', 'Karylin', 'Heams', '$2a$04$4tsmgbk6pWFwmXEEo3lKGOrD3tXWU9CsRyxXU6kcmG1CG0rL5P.T.', 'nulla dapibus dolor vel est donec', 'duis consequat dui nec nisi volutpat eleifend donec');
insert into users (email, first_name, last_name, password, dietary_restrictions, accommodations) values ('dlindenboimbp@fda.gov', 'Desi', 'Lindenboim', '$2a$04$a74PTR8P0yNjyNvtVKJMe.IP34ryRpVZsy41vaceq9Mtqw5B0LmTi', 'felis eu sapien cursus vestibulum proin eu mi nulla', 'donec ut dolor morbi vel lectus in quam fringilla rhoncus');
insert into users (email, first_name, last_name, password, dietary_restrictions, accommodations) values ('nyeseninbq@geocities.jp', 'Nanette', 'Yesenin', '$2a$04$dF0.Vf.J9my7db323t215OSitWJt.vwTr2Mgqp022ZZKwY8oAjABW', 'morbi vel lectus in quam fringilla rhoncus mauris enim', 'auctor gravida sem praesent id massa id');
insert into users (email, first_name, last_name, password, dietary_restrictions, accommodations) values ('cceyssenbr@blinklist.com', 'Cristobal', 'Ceyssen', '$2a$04$1n5uFDWgicbCPiZLH5q00OH2IWak0uErxYsIyiJcMivoVH6C1Ycru', 'nonummy integer non velit donec', 'ante ipsum primis in faucibus orci luctus et ultrices');
insert into users (email, first_name, last_name, password, dietary_restrictions, accommodations) values ('bblenkinbs@cnn.com', 'Byrom', 'Blenkin', '$2a$04$VmWn6ID7DyCSOJJfw5R8jesC1PaZjFSYZtn/lgFLUeLdWXZdwMNtG', 'in tempus sit amet sem fusce consequat', 'fusce lacus purus aliquet at feugiat non pretium quis');
insert into users (email, first_name, last_name, password, dietary_restrictions, accommodations) values ('ddellatorrebt@nyu.edu', 'Dollie', 'Dellatorre', '$2a$04$MgH6G5WYVlvJ3v8057Ry2eRaq1PYabBKgMPdp/KRy4pItlLjh6nKi', 'turpis integer aliquet massa id', 'sapien ut nunc vestibulum ante ipsum primis');
insert into users (email, first_name, last_name, password, dietary_restrictions, accommodations) values ('rrichbu@cafepress.com', 'Rycca', 'Rich', '$2a$04$z9YGlfp5537o.3rILLu3.eYZpDwo/9HiUYMxkx4s9jRRuYzO.Xx3a', 'donec ut mauris eget massa tempor convallis', 'sapien placerat ante nulla justo aliquam quis');
insert into users (email, first_name, last_name, password, dietary_restrictions, accommodations) values ('cwigelsworthbv@ning.com', 'Chic', 'Wigelsworth', '$2a$04$kZTFFk9aVgJeT4h3.Y4qAuU6b3MMk40FrAaH.ja9Sgtp24TUfolC.', 'magnis dis parturient montes nascetur', 'quam pede lobortis ligula sit amet eleifend pede libero quis');
insert into users (email, first_name, last_name, password, dietary_restrictions, accommodations) values ('gfernanandobw@amazon.co.uk', 'Gottfried', 'Fernanando', '$2a$04$DHjIZvxvcZLbfZKcZ5q/8u3U3Ai4dOJMh9uQpnqlL0Mdtaw7YKxzC', 'ipsum primis in faucibus orci luctus et ultrices posuere', 'primis in faucibus orci luctus et ultrices posuere');
insert into users (email, first_name, last_name, password, dietary_restrictions, accommodations) values ('aantoshinbx@columbia.edu', 'Allyce', 'Antoshin', '$2a$04$UPw6eWN.7uUUTi3Hd4rK0OfrI0R0.nWL3E8bJqIEdHegI1kQG/GUi', 'placerat praesent blandit nam nulla integer', 'at turpis a pede posuere');
insert into users (email, first_name, last_name, password, dietary_restrictions, accommodations) values ('epacheby@blogs.com', 'Ella', 'Pache', '$2a$04$r1QQVTT1t156W73K04ajv.83WEv8VQv2qIa0VhtToPgwpA8ycMiPK', 'pretium quis lectus suspendisse potenti', 'nam dui proin leo odio porttitor id');
insert into users (email, first_name, last_name, password, dietary_restrictions, accommodations) values ('rhindgebz@usa.gov', 'Raff', 'Hindge', '$2a$04$/u3Hvt6y/JejdT/RRdBclel7URaBe8iax1kDYIRIKCskScSO1QO02', 'integer ac leo pellentesque ultrices mattis', 'amet consectetuer adipiscing elit proin risus praesent lectus vestibulum');
insert into users (email, first_name, last_name, password, dietary_restrictions, accommodations) values ('odixeyc0@devhub.com', 'Orel', 'Dixey', '$2a$04$SKpxWzXdd6h5I4rpSRv0lO11c..loQ80e10G4JCrZAMAQvIIP7C.G', 'metus aenean fermentum donec ut mauris', 'posuere nonummy integer non velit donec');
insert into users (email, first_name, last_name, password, dietary_restrictions, accommodations) values ('fharnerc1@youku.com', 'Friederike', 'Harner', '$2a$04$XS8O9mmBHjxU8Go4s3ideOblJVaA9Fz1T9wYAz0vVSEL82bhst.s.', 'lectus aliquam sit amet diam in magna bibendum imperdiet', 'primis in faucibus orci luctus et ultrices');
insert into users (email, first_name, last_name, password, dietary_restrictions, accommodations) values ('fdimmackc2@goodreads.com', 'Ferdinande', 'Dimmack', '$2a$04$zQYoGWjDZFcoBXWrIkkBD.xoMQ6VZN86ADWQ6od5JkRXyUZ5Pq0fy', 'sit amet eleifend pede libero quis orci nullam molestie nibh', 'dui luctus rutrum nulla tellus in sagittis dui vel');
insert into users (email, first_name, last_name, password, dietary_restrictions, accommodations) values ('gbeartupc3@rediff.com', 'Glenna', 'Beartup', '$2a$04$UFGQU01Vwrxi0hAF4z0st.Maw.y8dX5ForhRH1poC.smP07o5traW', 'rhoncus sed vestibulum sit amet cursus id turpis integer', 'natoque penatibus et magnis dis parturient montes nascetur ridiculus');
insert into users (email, first_name, last_name, password, dietary_restrictions, accommodations) values ('bdaintreyc4@ft.com', 'Burtie', 'Daintrey', '$2a$04$S3zrHlSPBRPGP.8qhbBGBOiOuvtOl4ChvGIR8bRFJyFZkOthQuUC2', 'velit nec nisi vulputate nonummy', 'fusce posuere felis sed lacus morbi');
insert into users (email, first_name, last_name, password, dietary_restrictions, accommodations) values ('rstearsc5@phoca.cz', 'Rosanna', 'Stears', '$2a$04$i/FmNVMUt5C5f1/ZUGDyousrVLGIvTHrRGyAi0d2IthLHk5Rr3ftW', 'odio curabitur convallis duis consequat', 'mauris enim leo rhoncus sed vestibulum');
insert into users (email, first_name, last_name, password, dietary_restrictions, accommodations) values ('rtingleyc6@shinystat.com', 'Richard', 'Tingley', '$2a$04$HhC6R1PUcqx936/uVrvfd.xZRJzteszp9v3UDa9VdUBSCLXP.g4c6', 'massa donec dapibus duis at velit eu est congue elementum', 'luctus rutrum nulla tellus in sagittis dui vel');
insert into users (email, first_name, last_name, password, dietary_restrictions, accommodations) values ('arawesc7@wunderground.com', 'Amargo', 'Rawes', '$2a$04$cfJ3As7sVB9oTWo1opG3Me1mTZLzPGNf/X3/LDRR1JTfHK8T08LwO', 'orci luctus et ultrices posuere cubilia curae duis faucibus accumsan', 'eget tincidunt eget tempus vel');
insert into users (email, first_name, last_name, password, dietary_restrictions, accommodations) values ('gdarrachc8@nasa.gov', 'Gerrie', 'Darrach', '$2a$04$dPOvHA9kgLpxzd6yHVg5R.Og7FpZaLCQLzNR/rtN3y99k.rIm6wwS', 'sit amet consectetuer adipiscing elit proin', 'duis faucibus accumsan odio curabitur convallis duis consequat dui nec');
insert into users (email, first_name, last_name, password, dietary_restrictions, accommodations) values ('dpermainc9@wired.com', 'Dierdre', 'Permain', '$2a$04$OytDGFLt8/Ok1As.UAVAj.KD2in6dCYfRAROegwoOmAtSSd4PD1bO', 'mi pede malesuada in imperdiet et commodo vulputate', 'sed magna at nunc commodo placerat praesent');
insert into users (email, first_name, last_name, password, dietary_restrictions, accommodations) values ('pmartindaleca@earthlink.net', 'Phillipe', 'Martindale', '$2a$04$szyv.QaunHOXbjnmX1jNzeqMA7ysXKEHqc6lWKMmqG.1iOBHfyike', 'integer ac leo pellentesque ultrices mattis odio donec vitae nisi', 'quam pede lobortis ligula sit amet eleifend');
insert into users (email, first_name, last_name, password, dietary_restrictions, accommodations) values ('cduttcb@dropbox.com', 'Clementius', 'Dutt', '$2a$04$ApPeR3olrZozjl0l2YobgeRrrWdgfuIrkY.UK11ZS5MHnG9Sxg9ne', 'sociis natoque penatibus et magnis dis parturient montes nascetur', 'in faucibus orci luctus et');
insert into users (email, first_name, last_name, password, dietary_restrictions, accommodations) values ('dearrycc@google.com.br', 'Dall', 'Earry', '$2a$04$Ky5Eu7hNAb/X6b5NOPFb7u9BJzhJrjIM5ERy67H2k2.9P/1RcornO', 'nullam porttitor lacus at turpis donec', 'odio porttitor id consequat in');
insert into users (email, first_name, last_name, password, dietary_restrictions, accommodations) values ('wkickcd@google.com.hk', 'Winna', 'Kick', '$2a$04$phMXFZaZodtrTaYURFLemOIuAiOYMgP3HMqjREhB1PbJZc69uwPDa', 'proin eu mi nulla ac enim', 'sem fusce consequat nulla nisl nunc');
insert into users (email, first_name, last_name, password, dietary_restrictions, accommodations) values ('cpohlsce@bluehost.com', 'Camel', 'Pohls', '$2a$04$rolQ1f6tICChefWAxlaGIerxKVLtnWBULoX5wOTJPC9lUs6XzYeWu', 'in faucibus orci luctus et', 'varius nulla facilisi cras non velit');
insert into users (email, first_name, last_name, password, dietary_restrictions, accommodations) values ('wbeestoncf@dropbox.com', 'Willamina', 'Beeston', '$2a$04$sFkbzX6SyEQHXrEpQzYtleWyw3XS6BEulzOxfi7itHzM.T9M5KMBC', 'aliquet pulvinar sed nisl nunc rhoncus dui vel', 'lorem id ligula suspendisse ornare consequat');
insert into users (email, first_name, last_name, password, dietary_restrictions, accommodations) values ('arosemancg@g.co', 'Arabelle', 'Roseman', '$2a$04$5m1Vo.uVI6WIMuDXEEi8uexpSLFYrxySZ3eNfIt1Ap0ylVjD1AOVC', 'amet cursus id turpis integer', 'morbi quis tortor id nulla ultrices aliquet maecenas');
insert into users (email, first_name, last_name, password, dietary_restrictions, accommodations) values ('dbiggerdikech@rediff.com', 'Dalila', 'Biggerdike', '$2a$04$M41pEUSmMaYNoHRnB4jjweAh3BWmD0bmqoJ..l1IVFfGj6Fsx0Ne6', 'sapien cursus vestibulum proin eu mi nulla ac enim', 'lectus aliquam sit amet diam in magna bibendum imperdiet nullam');
insert into users (email, first_name, last_name, password, dietary_restrictions, accommodations) values ('tmccallci@about.com', 'Tillie', 'McCall', '$2a$04$aTHL5JHeR4C562/WuVU/kuFynji3GF3lPkb2o3.w2zvLSbvbTxUya', 'lacus morbi sem mauris laoreet ut rhoncus aliquet pulvinar', 'pellentesque ultrices mattis odio donec vitae nisi');
insert into users (email, first_name, last_name, password, dietary_restrictions, accommodations) values ('eloughmancj@msn.com', 'Evan', 'Loughman', '$2a$04$/2eMOvqIo2/dCWQzshoLXet3p8PlXXAximp8waMedS6grUHWdjtBq', 'sed accumsan felis ut at dolor quis odio', 'ipsum primis in faucibus orci luctus');
insert into users (email, first_name, last_name, password, dietary_restrictions, accommodations) values ('kmarthenck@unc.edu', 'Karyl', 'Marthen', '$2a$04$4yHH2vsVtqo9xKv7KLY9Yuke6jvfo7M8lU17.2fXH31jBaV0jy/mS', 'eget orci vehicula condimentum curabitur in libero ut massa', 'quisque ut erat curabitur gravida nisi at nibh in');
insert into users (email, first_name, last_name, password, dietary_restrictions, accommodations) values ('fbubearcl@google.co.jp', 'Francisca', 'Bubear', '$2a$04$ll/QOiX/xBuv5K9P6oKBTO32R4r8670LqrWUlygSWPrCYVN4s2.Aq', 'feugiat et eros vestibulum ac est lacinia nisi', 'ante ipsum primis in faucibus');
insert into users (email, first_name, last_name, password, dietary_restrictions, accommodations) values ('cmabsoncm@people.com.cn', 'Cora', 'Mabson', '$2a$04$Z6zDfhS0iGHwKLBplzDvjeHjJZp2g7JVxmu7Nz0soSl7Af.q4Lr0G', 'est congue elementum in hac', 'mauris sit amet eros suspendisse accumsan tortor quis');
insert into users (email, first_name, last_name, password, dietary_restrictions, accommodations) values ('lfiandercn@meetup.com', 'Lettie', 'Fiander', '$2a$04$B9ZO6Qc/3P3SAzPNEpb0u.mgQTpXw6Qh3TkR4bz2jHrF8bexQM5Jm', 'sagittis nam congue risus semper porta volutpat quam pede lobortis', 'consequat varius integer ac leo');
insert into users (email, first_name, last_name, password, dietary_restrictions, accommodations) values ('llacrouxco@barnesandnoble.com', 'Livy', 'Lacroux', '$2a$04$e97SnwULwpW0TuZbvcSMte1yUcT2KfcBSmQmnUBfvFIqf4RncqRoK', 'turpis nec euismod scelerisque quam turpis adipiscing', 'pede ac diam cras pellentesque volutpat');
insert into users (email, first_name, last_name, password, dietary_restrictions, accommodations) values ('fhambercp@w3.org', 'Frederigo', 'Hamber', '$2a$04$FB8Xdzh966b5wG7IVl15tOpvxzh5PoaiBiTsW.am39sTp38TUCE6G', 'blandit mi in porttitor pede justo eu massa donec', 'suspendisse accumsan tortor quis turpis sed ante vivamus tortor');
insert into users (email, first_name, last_name, password, dietary_restrictions, accommodations) values ('oelycq@yelp.com', 'Orion', 'Ely', '$2a$04$LnS/U9B2tgBW8enbiQOqjeGATGv5V0tsmLxnzrWL/BiWsiX5SVbJO', 'vulputate justo in blandit ultrices enim lorem ipsum dolor sit', 'nullam sit amet turpis elementum ligula vehicula');
insert into users (email, first_name, last_name, password, dietary_restrictions, accommodations) values ('sclaissecr@quantcast.com', 'Sven', 'Claisse', '$2a$04$jZIwhhd.RhY81ar7c6uP6.5MruGW7yWoR8apV8uVQk36RbAccGzmC', 'sit amet diam in magna', 'interdum in ante vestibulum ante');
insert into users (email, first_name, last_name, password, dietary_restrictions, accommodations) values ('dnehlsencs@discovery.com', 'Daren', 'Nehlsen', '$2a$04$zgZj2Qq2.6/T2Rhb5DMV7uHzhDrLBU6RSWNEJR7w79QiQYfeBVVu6', 'quam suspendisse potenti nullam porttitor lacus', 'molestie hendrerit at vulputate vitae');
insert into users (email, first_name, last_name, password, dietary_restrictions, accommodations) values ('jdunbabinct@pagesperso-orange.fr', 'Janith', 'Dunbabin', '$2a$04$ehdV/A9qYTOyp6Odne..9uY8Azus2tvAJTF05obJ5GHaxJDaFZ5/a', 'purus phasellus in felis donec semper sapien a libero', 'nibh fusce lacus purus aliquet');
insert into users (email, first_name, last_name, password, dietary_restrictions, accommodations) values ('cjickellscu@cdbaby.com', 'Charmane', 'Jickells', '$2a$04$puiB3aeHyW1qfpi2PrBh5OptX3aGthLJZ58JQSB.qjvnGBdRLS6Ve', 'in hac habitasse platea dictumst etiam faucibus', 'tortor quis turpis sed ante vivamus tortor duis mattis');
insert into users (email, first_name, last_name, password, dietary_restrictions, accommodations) values ('otemplarcv@goodreads.com', 'Odo', 'Templar', '$2a$04$wrbDasZccaBM9cGPvFxncODW9T4SfKfYBR3VG21sLqbzsYau5mpVW', 'viverra eget congue eget semper rutrum', 'potenti nullam porttitor lacus at turpis donec posuere metus');
insert into users (email, first_name, last_name, password, dietary_restrictions, accommodations) values ('lscrutoncw@about.com', 'Lenora', 'Scruton', '$2a$04$jyvWIDp9uxMZFHKYme5H3.K0OIDs99vj4Yk1PVAvJBKk0nR3Kfc32', 'odio consequat varius integer ac', 'turpis elementum ligula vehicula consequat morbi');
insert into users (email, first_name, last_name, password, dietary_restrictions, accommodations) values ('aplayfaircx@technorati.com', 'Ashlin', 'Playfair', '$2a$04$Oa9NirL1mzp8YmvW/JWYpOpokDk04h90uFvcnkXkyHfUfk47fypKu', 'quis orci nullam molestie nibh in lectus pellentesque at nulla', 'ac est lacinia nisi venenatis tristique fusce congue diam id');
insert into users (email, first_name, last_name, password, dietary_restrictions, accommodations) values ('gmaccafferkycy@harvard.edu', 'Gar', 'MacCafferky', '$2a$04$wopgpTt1H46eIwebduqwieUP4VizjfQQ2RndJj/NtEBMnGhGFTsXW', 'pretium iaculis justo in hac habitasse platea dictumst', 'vitae nisl aenean lectus pellentesque');
insert into users (email, first_name, last_name, password, dietary_restrictions, accommodations) values ('acoyettcz@about.me', 'Akim', 'Coyett', '$2a$04$qFd7YTEh/HM37tHnnrqWve02rvsaseTpf6dzwcq77PR9937SwoYWu', 'ante vel ipsum praesent blandit', 'eget vulputate ut ultrices vel augue vestibulum ante ipsum');
insert into users (email, first_name, last_name, password, dietary_restrictions, accommodations) values ('rclendinningd0@netlog.com', 'Rebecka', 'Clendinning', '$2a$04$SyaQExkRxvSZCHMyF2tLguGFjLvG4rPWqzFKpXggTzh4Xsg6fzqFC', 'imperdiet sapien urna pretium nisl ut', 'enim blandit mi in porttitor pede justo eu');
insert into users (email, first_name, last_name, password, dietary_restrictions, accommodations) values ('brobertsd1@jimdo.com', 'Barney', 'Roberts', '$2a$04$mCZ2Qlw/XKTBg0C7ikN3A.7zwkL74lJ0onODP6HksfWQ5JdIs87s6', 'ipsum primis in faucibus orci luctus', 'sed ante vivamus tortor duis mattis egestas metus aenean fermentum');
insert into users (email, first_name, last_name, password, dietary_restrictions, accommodations) values ('jhurrand2@foxnews.com', 'Joachim', 'Hurran', '$2a$04$km9TixwHXSjeSzq9imyZ4eSe1BZ3VmU.KU0beXf/8PVObbOJPo4Q.', 'eu mi nulla ac enim', 'accumsan odio curabitur convallis duis');
insert into users (email, first_name, last_name, password, dietary_restrictions, accommodations) values ('kchristofed3@sogou.com', 'Keven', 'Christofe', '$2a$04$iWLMPvspDYtlJdtuj2Xps.gK0etIIftN9za7h9HffvmDu8lwdM8u.', 'blandit non interdum in ante vestibulum ante', 'ligula suspendisse ornare consequat lectus in');
insert into users (email, first_name, last_name, password, dietary_restrictions, accommodations) values ('edallond4@blogspot.com', 'Eldridge', 'Dallon', '$2a$04$xJR2pDtFPU7t73ThxB4f7.vhS.E1YiS.Zd/U1z0tyet/hfH4mLdWO', 'nec nisi volutpat eleifend donec ut', 'erat curabitur gravida nisi at nibh in hac');
insert into users (email, first_name, last_name, password, dietary_restrictions, accommodations) values ('ghayleyd5@cpanel.net', 'Guy', 'Hayley', '$2a$04$KkHoFqGe9y8y167T26HXD.d9CMw7wu2yvUxinf3r7DAgiQND4gm.i', 'et magnis dis parturient montes', 'risus praesent lectus vestibulum quam sapien varius');
insert into users (email, first_name, last_name, password, dietary_restrictions, accommodations) values ('lbraybrooksd6@imgur.com', 'Liza', 'Braybrooks', '$2a$04$oqLjPwlvW6DAamjEz8BFVOQnFIuaOD2sTrzxdYxyPau413.o3feli', 'eget congue eget semper rutrum nulla nunc', 'donec ut mauris eget massa tempor');
insert into users (email, first_name, last_name, password, dietary_restrictions, accommodations) values ('bcharlotd7@gov.uk', 'Bernadette', 'Charlot', '$2a$04$mm7uMZTPE6dSqJiRaenlUOqNlHc6qQoQrl5Ll4A0n4ItBH3LBg5Uq', 'sit amet eleifend pede libero quis orci nullam molestie nibh', 'pede ac diam cras pellentesque volutpat dui maecenas tristique est');
insert into users (email, first_name, last_name, password, dietary_restrictions, accommodations) values ('abullened8@addthis.com', 'Allx', 'Bullene', '$2a$04$KbHejcljkyZOqRGOi/5XpeTh.qUJQ2oJQD00tSOkZFwhTS97c1mKy', 'dui vel sem sed sagittis', 'faucibus orci luctus et ultrices posuere cubilia curae donec pharetra');
insert into users (email, first_name, last_name, password, dietary_restrictions, accommodations) values ('kdevoted9@sciencedaily.com', 'Karil', 'Devote', '$2a$04$HdJeybSxsLBrqv0rMJL18ewHbhYaCU6WCQEbXf3DgTvfvNKHhcm3u', 'neque libero convallis eget eleifend luctus', 'lectus in est risus auctor sed');
insert into users (email, first_name, last_name, password, dietary_restrictions, accommodations) values ('steodorida@oakley.com', 'Shepherd', 'Teodori', '$2a$04$qAhEMHCoEYRj2Zb5QT91OOTA8C1K9IRwOMJ9ECS6DtGFVEpqDa32W', 'ultrices posuere cubilia curae nulla dapibus dolor vel est', 'a ipsum integer a nibh in quis justo maecenas rhoncus');
insert into users (email, first_name, last_name, password, dietary_restrictions, accommodations) values ('lgresswooddb@yale.edu', 'Lianna', 'Gresswood', '$2a$04$Zi/x6H9N7jrp7IhfwuoP5OMLktl5Z1wkMawjIr6A8CMPiRL57/Xci', 'lacus curabitur at ipsum ac', 'non ligula pellentesque ultrices phasellus id sapien in');
insert into users (email, first_name, last_name, password, dietary_restrictions, accommodations) values ('ecassleydc@jimdo.com', 'Edik', 'Cassley', '$2a$04$HxnPMwkgDP9SpUrYx/2fO.dztqm2r.k0AR1Vks8NfCWb/SzH1NIdC', 'magna at nunc commodo placerat praesent blandit nam nulla', 'ipsum integer a nibh in');
insert into users (email, first_name, last_name, password, dietary_restrictions, accommodations) values ('vtyrerdd@exblog.jp', 'Valencia', 'Tyrer', '$2a$04$jhDjEAVPDo6.KXyuUpzUmOuoHkLmVGCZKP9IDgcfhzTMc7wP6wBT.', 'justo pellentesque viverra pede ac', 'iaculis congue vivamus metus arcu adipiscing molestie hendrerit');
insert into users (email, first_name, last_name, password, dietary_restrictions, accommodations) values ('szelleyde@boston.com', 'Stephanus', 'Zelley', '$2a$04$20qyIlDRVxnMHkfnFczHiuNeld11Ycd26TO1Gc90.9ELQV9iEOrf2', 'integer ac leo pellentesque ultrices mattis odio', 'phasellus id sapien in sapien iaculis congue vivamus metus');
insert into users (email, first_name, last_name, password, dietary_restrictions, accommodations) values ('uchesondf@jugem.jp', 'Ulrick', 'Cheson', '$2a$04$dLwgAOCnLOfZ3Q4h824PcujK6KEUZs.XouF61DaruavARXGu1Qjki', 'nunc viverra dapibus nulla suscipit ligula in lacus', 'sit amet consectetuer adipiscing elit');
insert into users (email, first_name, last_name, password, dietary_restrictions, accommodations) values ('carltdg@cisco.com', 'Corry', 'Arlt', '$2a$04$.aWdTrt3nNzMuhOJYOoIO.s24ABKwiZ4M3GxIeABDjsfAyGp1jrci', 'suspendisse potenti nullam porttitor lacus at', 'odio consequat varius integer ac leo pellentesque ultrices mattis');
insert into users (email, first_name, last_name, password, dietary_restrictions, accommodations) values ('rwychedh@qq.com', 'Robbie', 'Wyche', '$2a$04$i93EcVc66i8EvRVB6gY/7O8uUGz6cUQfaGl3/pPFji2me3RX.5PjS', 'et ultrices posuere cubilia curae duis faucibus', 'libero nam dui proin leo odio porttitor');
insert into users (email, first_name, last_name, password, dietary_restrictions, accommodations) values ('jbraunthaldi@guardian.co.uk', 'Job', 'Braunthal', '$2a$04$0ZRg9QXZYIaIdpaqDt.3BucM5NVRZyNXVpvBqKZAuG69AOWG515hq', 'elementum in hac habitasse platea dictumst morbi', 'accumsan tellus nisi eu orci mauris lacinia sapien quis libero');
insert into users (email, first_name, last_name, password, dietary_restrictions, accommodations) values ('jstanfielddj@dagondesign.com', 'Jud', 'Stanfield', '$2a$04$l8ptA0XyA06rjCda/jQ1xuwbqdTaQN0K3diopqiv49S5pP2rnKjgW', 'nulla pede ullamcorper augue a', 'mauris ullamcorper purus sit amet nulla quisque');
insert into users (email, first_name, last_name, password, dietary_restrictions, accommodations) values ('easmandk@ask.com', 'Edvard', 'Asman', '$2a$04$j/9bk/z6O3eOKHe6ypdIkOuFCBjxrciPkVHJSxdKwtGH30YHuWqtC', 'ut tellus nulla ut erat id', 'amet nunc viverra dapibus nulla suscipit ligula in lacus curabitur');
insert into users (email, first_name, last_name, password, dietary_restrictions, accommodations) values ('grosendahldl@technorati.com', 'Gwenni', 'Rosendahl', '$2a$04$ZqHNwGMGpimq0cb.wjZeYOmM1aCifdmYJhV4.PffdfW6//wZ.nlNi', 'ac consequat metus sapien ut nunc vestibulum ante', 'vivamus metus arcu adipiscing molestie hendrerit at vulputate');
insert into users (email, first_name, last_name, password, dietary_restrictions, accommodations) values ('gboaterdm@github.com', 'Georgeta', 'Boater', '$2a$04$jDYIFkfxwb5gTzdSWF6O4OPPnhYsCd6ZPgaulj87Zsovw75B8g7cG', 'magna vulputate luctus cum sociis natoque', 'justo in blandit ultrices enim lorem ipsum');
insert into users (email, first_name, last_name, password, dietary_restrictions, accommodations) values ('rflatmandn@webnode.com', 'Rafaello', 'Flatman', '$2a$04$sGGsGxFiXI6Z1X7r.1c4gucv6iAVCmtx521ns1g7P/VhH1uB3gB8K', 'condimentum id luctus nec molestie sed justo', 'pellentesque ultrices phasellus id sapien in sapien');
insert into users (email, first_name, last_name, password, dietary_restrictions, accommodations) values ('ocowperdo@engadget.com', 'Orelle', 'Cowper', '$2a$04$KRwdSeWesoQw1aoObmGVoOdabHmCRSM5UyIYZQeu0nrquycDJGDOm', 'sapien quis libero nullam sit amet', 'suspendisse ornare consequat lectus in est risus auctor sed');
insert into users (email, first_name, last_name, password, dietary_restrictions, accommodations) values ('wduferiedp@trellian.com', 'Wallace', 'Duferie', '$2a$04$91FWXf6X0RPM3ldvXmv3JOWzazPHN.YDsQwzVZoSJ6S/43j8woRVm', 'vivamus metus arcu adipiscing molestie', 'mi pede malesuada in imperdiet et commodo vulputate justo in');
insert into users (email, first_name, last_name, password, dietary_restrictions, accommodations) values ('ljordisondq@gov.uk', 'Ludvig', 'Jordison', '$2a$04$96aGcwK0V36d6n4CFxWHWu5Py7dbO3GHhfQ23h9/fR9NNrmJKgcCK', 'quis turpis eget elit sodales scelerisque mauris sit', 'potenti nullam porttitor lacus at turpis');
insert into users (email, first_name, last_name, password, dietary_restrictions, accommodations) values ('aeynalddr@artisteer.com', 'Aurelea', 'Eynald', '$2a$04$gXqT1p6abLqbKEloWINPlu2rOySMywfvUQ2MUDIAXNuL5lQ0jjWTW', 'adipiscing elit proin interdum mauris non ligula pellentesque ultrices', 'sit amet eros suspendisse accumsan tortor quis turpis sed');
insert into users (email, first_name, last_name, password, dietary_restrictions, accommodations) values ('bbosmands@jimdo.com', 'Bentley', 'Bosman', '$2a$04$At/B0QDY2VNbapHPHY14YOJdKSBN7NqbfrcfIyeNqIdSF5UZlrsuG', 'quisque arcu libero rutrum ac lobortis vel dapibus', 'vestibulum aliquet ultrices erat tortor sollicitudin mi');
insert into users (email, first_name, last_name, password, dietary_restrictions, accommodations) values ('msimchenkodt@yellowbook.com', 'Mycah', 'Simchenko', '$2a$04$Rviu.IXjtCpyqMwIOsKW/.jbnVtt6mqLPjZzMX4aScgCHinVsghQa', 'at ipsum ac tellus semper interdum mauris', 'lacinia eget tincidunt eget tempus vel pede');
insert into users (email, first_name, last_name, password, dietary_restrictions, accommodations) values ('mmaddiedu@pbs.org', 'Merridie', 'Maddie', '$2a$04$cs6E8KZDnu2dh4S80dCmceuFyxJuvLCOq3Cs49kWSxhl/NWic0bU.', 'accumsan tellus nisi eu orci mauris lacinia sapien quis', 'congue etiam justo etiam pretium iaculis justo in hac');
insert into users (email, first_name, last_name, password, dietary_restrictions, accommodations) values ('spautotdv@yellowpages.com', 'Sylvan', 'Pautot', '$2a$04$MxwvzmcaZZ6/OoSpS6QPZOEFhd5gL0XRZwkdjyQy0cA6Rl4Iq7r6e', 'non sodales sed tincidunt eu felis fusce posuere felis sed', 'pellentesque ultrices phasellus id sapien in sapien iaculis congue');


/* conference data*/
insert into conferences (conference_id, name) values (1, 'Connelly-Hagenes');
insert into conferences (conference_id, name) values (2, 'Boyer and Sons');
insert into conferences (conference_id, name) values (3, 'Strosin-Murazik');
insert into conferences (conference_id, name) values (4, 'Hansen-Koepp');
insert into conferences (conference_id, name) values (5, 'Thiel LLC');
insert into conferences (conference_id, name) values (6, 'Jerde, Altenwerth and Dibbert');
insert into conferences (conference_id, name) values (7, 'Grimes-Rohan');
insert into conferences (conference_id, name) values (8, 'Runolfsson, Kuvalis and Lubowitz');
insert into conferences (conference_id, name) values (9, 'Rippin, Wolf and Simonis');
insert into conferences (conference_id, name) values (10, 'Kirlin Group');
insert into conferences (conference_id, name) values (11, 'Morar, Weissnat and Herzog');
insert into conferences (conference_id, name) values (12, 'White, Johnston and Greenfelder');
insert into conferences (conference_id, name) values (13, 'Parisian and Sons');
insert into conferences (conference_id, name) values (14, 'Thompson, Morissette and Russel');
insert into conferences (conference_id, name) values (15, 'Steuber Inc');
insert into conferences (conference_id, name) values (16, 'Fahey and Sons');
insert into conferences (conference_id, name) values (17, 'Keebler, Bernier and Bashirian');
insert into conferences (conference_id, name) values (18, 'Hayes, Halvorson and Nienow');
insert into conferences (conference_id, name) values (19, 'Ferry-Gleason');
insert into conferences (conference_id, name) values (20, 'Fay-Glover');
insert into conferences (conference_id, name) values (21, 'Lubowitz, Conroy and Raynor');
insert into conferences (conference_id, name) values (22, 'Mayert-MacGyver');
insert into conferences (conference_id, name) values (23, 'Hessel LLC');
insert into conferences (conference_id, name) values (24, 'Deckow, Hyatt and Hilpert');
insert into conferences (conference_id, name) values (25, 'Kuhlman, Kris and Zemlak');
insert into conferences (conference_id, name) values (26, 'Daugherty-Reichert');
insert into conferences (conference_id, name) values (27, 'Stiedemann, Doyle and Schmitt');
insert into conferences (conference_id, name) values (28, 'Harber-Mann');
insert into conferences (conference_id, name) values (29, 'Paucek LLC');
insert into conferences (conference_id, name) values (30, 'Auer-O''Connell');
insert into conferences (conference_id, name) values (31, 'DuBuque, Dietrich and Dickens');
insert into conferences (conference_id, name) values (32, 'Brekke, Schamberger and Wehner');
insert into conferences (conference_id, name) values (33, 'Macejkovic Inc');
insert into conferences (conference_id, name) values (34, 'Bechtelar, Pfannerstill and Morar');
insert into conferences (conference_id, name) values (35, 'Schinner, Brown and Rempel');
insert into conferences (conference_id, name) values (36, 'Conroy, Mante and Hudson');
insert into conferences (conference_id, name) values (37, 'O''Conner-Hickle');
insert into conferences (conference_id, name) values (38, 'Bernhard, Kessler and Thiel');
insert into conferences (conference_id, name) values (39, 'Abshire-Nader');
insert into conferences (conference_id, name) values (40, 'Okuneva, Pouros and Larkin');
insert into conferences (conference_id, name) values (41, 'Hirthe-Jerde');
insert into conferences (conference_id, name) values (42, 'Kunze-Hagenes');
insert into conferences (conference_id, name) values (43, 'Barton Inc');
insert into conferences (conference_id, name) values (44, 'Bahringer and Sons');
insert into conferences (conference_id, name) values (45, 'Heller, Keebler and Rau');
insert into conferences (conference_id, name) values (46, 'Maggio, Block and Schuster');
insert into conferences (conference_id, name) values (47, 'Botsford-Crooks');
insert into conferences (conference_id, name) values (48, 'Krajcik-Armstrong');
insert into conferences (conference_id, name) values (49, 'Boehm-Botsford');
insert into conferences (conference_id, name) values (50, 'Muller, Bednar and Kuhic');
insert into conferences (conference_id, name) values (51, 'Lehner and Sons');
insert into conferences (conference_id, name) values (52, 'Heaney Inc');
insert into conferences (conference_id, name) values (53, 'Jacobson and Sons');
insert into conferences (conference_id, name) values (54, 'O''Kon, Prohaska and Schaefer');
insert into conferences (conference_id, name) values (55, 'Will-Wisozk');
insert into conferences (conference_id, name) values (56, 'King-Ratke');
insert into conferences (conference_id, name) values (57, 'Gislason, Kassulke and Considine');
insert into conferences (conference_id, name) values (58, 'Bartoletti, Altenwerth and Zemlak');
insert into conferences (conference_id, name) values (59, 'Sporer, Block and Leuschke');
insert into conferences (conference_id, name) values (60, 'Farrell-Sanford');
insert into conferences (conference_id, name) values (61, 'Heidenreich LLC');
insert into conferences (conference_id, name) values (62, 'Stamm-Okuneva');
insert into conferences (conference_id, name) values (63, 'Hintz Inc');
insert into conferences (conference_id, name) values (64, 'Champlin-Schimmel');
insert into conferences (conference_id, name) values (65, 'Flatley, Jakubowski and Haag');
insert into conferences (conference_id, name) values (66, 'McClure-Conroy');
insert into conferences (conference_id, name) values (67, 'Lebsack, Conn and Kuhlman');
insert into conferences (conference_id, name) values (68, 'Boehm, Adams and Morissette');
insert into conferences (conference_id, name) values (69, 'Goldner-Wunsch');
insert into conferences (conference_id, name) values (70, 'Runolfsson Group');
insert into conferences (conference_id, name) values (71, 'Leffler LLC');
insert into conferences (conference_id, name) values (72, 'Johns, Batz and Powlowski');
insert into conferences (conference_id, name) values (73, 'Schimmel, Daniel and Deckow');
insert into conferences (conference_id, name) values (74, 'Carter, Bergstrom and Barton');
insert into conferences (conference_id, name) values (75, 'Gutkowski, Goyette and DuBuque');
insert into conferences (conference_id, name) values (76, 'Runolfsson and Sons');
insert into conferences (conference_id, name) values (77, 'Haag and Sons');
insert into conferences (conference_id, name) values (78, 'Parker-Ondricka');
insert into conferences (conference_id, name) values (79, 'Bode-Bosco');
insert into conferences (conference_id, name) values (80, 'Hilpert, Hagenes and Dickinson');
insert into conferences (conference_id, name) values (81, 'Stroman, Wilkinson and Erdman');
insert into conferences (conference_id, name) values (82, 'Grimes and Sons');
insert into conferences (conference_id, name) values (83, 'Willms Group');
insert into conferences (conference_id, name) values (84, 'Schmitt Inc');
insert into conferences (conference_id, name) values (85, 'Ondricka, Heathcote and Hackett');
insert into conferences (conference_id, name) values (86, 'Koch, Lindgren and Ondricka');
insert into conferences (conference_id, name) values (87, 'Schowalter, Sporer and Wolf');
insert into conferences (conference_id, name) values (88, 'Leannon, Christiansen and Bogan');
insert into conferences (conference_id, name) values (89, 'Hintz, Pollich and Jakubowski');
insert into conferences (conference_id, name) values (90, 'Schuppe-Pfeffer');
insert into conferences (conference_id, name) values (91, 'Schoen Group');
insert into conferences (conference_id, name) values (92, 'Hettinger LLC');
insert into conferences (conference_id, name) values (93, 'Lowe LLC');
insert into conferences (conference_id, name) values (94, 'Rau, Swift and Hermann');
insert into conferences (conference_id, name) values (95, 'West-Bruen');
insert into conferences (conference_id, name) values (96, 'Monahan Inc');
insert into conferences (conference_id, name) values (97, 'Wolf Inc');
insert into conferences (conference_id, name) values (98, 'Sipes-Feil');
insert into conferences (conference_id, name) values (99, 'Steuber-Pouros');
insert into conferences (conference_id, name) values (100, 'Flatley, Hartmann and Mohr');

/*events data*/
insert into events (event_id, conference_id, first_date, last_date) values (1, 41, '08/19/2023', '12/25/2022');
insert into events (event_id, conference_id, first_date, last_date) values (2, 38, '03/10/2023', '03/02/2023');
insert into events (event_id, conference_id, first_date, last_date) values (3, 96, '11/17/2022', '02/05/2023');
insert into events (event_id, conference_id, first_date, last_date) values (4, 46, '10/05/2023', '11/25/2022');
insert into events (event_id, conference_id, first_date, last_date) values (5, 34, '04/07/2023', '01/14/2023');
insert into events (event_id, conference_id, first_date, last_date) values (6, 76, '03/02/2023', '07/13/2023');
insert into events (event_id, conference_id, first_date, last_date) values (7, 1, '07/07/2023', '04/23/2023');
insert into events (event_id, conference_id, first_date, last_date) values (8, 5, '07/31/2023', '04/10/2023');
insert into events (event_id, conference_id, first_date, last_date) values (9, 14, '02/20/2023', '04/22/2023');
insert into events (event_id, conference_id, first_date, last_date) values (10, 23, '06/30/2023', '01/28/2023');
insert into events (event_id, conference_id, first_date, last_date) values (11, 56, '02/09/2023', '11/23/2022');
insert into events (event_id, conference_id, first_date, last_date) values (12, 2, '07/05/2023', '09/09/2023');
insert into events (event_id, conference_id, first_date, last_date) values (13, 65, '09/01/2023', '06/12/2023');
insert into events (event_id, conference_id, first_date, last_date) values (14, 52, '08/27/2023', '04/17/2023');
insert into events (event_id, conference_id, first_date, last_date) values (15, 33, '12/23/2022', '01/03/2023');
insert into events (event_id, conference_id, first_date, last_date) values (16, 1, '03/03/2023', '08/14/2023');
insert into events (event_id, conference_id, first_date, last_date) values (17, 22, '12/30/2022', '03/16/2023');
insert into events (event_id, conference_id, first_date, last_date) values (18, 43, '01/11/2023', '12/03/2022');
insert into events (event_id, conference_id, first_date, last_date) values (19, 4, '11/26/2022', '09/24/2023');
insert into events (event_id, conference_id, first_date, last_date) values (20, 86, '01/26/2023', '12/20/2022');
insert into events (event_id, conference_id, first_date, last_date) values (21, 27, '11/18/2022', '11/27/2022');
insert into events (event_id, conference_id, first_date, last_date) values (22, 46, '06/01/2023', '07/24/2023');
insert into events (event_id, conference_id, first_date, last_date) values (23, 68, '06/05/2023', '04/17/2023');
insert into events (event_id, conference_id, first_date, last_date) values (24, 13, '06/20/2023', '03/09/2023');
insert into events (event_id, conference_id, first_date, last_date) values (25, 52, '09/18/2023', '03/31/2023');
insert into events (event_id, conference_id, first_date, last_date) values (26, 71, '10/02/2023', '03/06/2023');
insert into events (event_id, conference_id, first_date, last_date) values (27, 45, '07/25/2023', '05/28/2023');
insert into events (event_id, conference_id, first_date, last_date) values (28, 12, '03/16/2023', '02/04/2023');
insert into events (event_id, conference_id, first_date, last_date) values (29, 79, '07/17/2023', '07/20/2023');
insert into events (event_id, conference_id, first_date, last_date) values (30, 99, '12/07/2022', '09/14/2023');
insert into events (event_id, conference_id, first_date, last_date) values (31, 94, '06/23/2023', '01/10/2023');
insert into events (event_id, conference_id, first_date, last_date) values (32, 33, '11/02/2022', '09/15/2023');
insert into events (event_id, conference_id, first_date, last_date) values (33, 71, '03/10/2023', '04/26/2023');
insert into events (event_id, conference_id, first_date, last_date) values (34, 47, '10/29/2022', '08/09/2023');
insert into events (event_id, conference_id, first_date, last_date) values (35, 74, '10/10/2023', '08/27/2023');
insert into events (event_id, conference_id, first_date, last_date) values (36, 46, '09/07/2023', '11/03/2022');
insert into events (event_id, conference_id, first_date, last_date) values (37, 56, '10/21/2023', '10/20/2023');
insert into events (event_id, conference_id, first_date, last_date) values (38, 20, '10/30/2022', '03/31/2023');
insert into events (event_id, conference_id, first_date, last_date) values (39, 91, '10/10/2023', '11/17/2022');
insert into events (event_id, conference_id, first_date, last_date) values (40, 8, '12/06/2022', '10/13/2023');
insert into events (event_id, conference_id, first_date, last_date) values (41, 61, '02/18/2023', '08/05/2023');
insert into events (event_id, conference_id, first_date, last_date) values (42, 82, '08/02/2023', '02/22/2023');
insert into events (event_id, conference_id, first_date, last_date) values (43, 75, '08/11/2023', '11/25/2022');
insert into events (event_id, conference_id, first_date, last_date) values (44, 3, '04/17/2023', '08/30/2023');
insert into events (event_id, conference_id, first_date, last_date) values (45, 87, '02/08/2023', '07/15/2023');
insert into events (event_id, conference_id, first_date, last_date) values (46, 28, '12/01/2022', '01/06/2023');
insert into events (event_id, conference_id, first_date, last_date) values (47, 59, '10/16/2023', '12/15/2022');
insert into events (event_id, conference_id, first_date, last_date) values (48, 56, '05/28/2023', '04/12/2023');
insert into events (event_id, conference_id, first_date, last_date) values (49, 34, '12/03/2022', '07/09/2023');
insert into events (event_id, conference_id, first_date, last_date) values (50, 38, '05/11/2023', '07/01/2023');
insert into events (event_id, conference_id, first_date, last_date) values (51, 23, '04/18/2023', '04/29/2023');
insert into events (event_id, conference_id, first_date, last_date) values (52, 33, '02/02/2023', '03/18/2023');
insert into events (event_id, conference_id, first_date, last_date) values (53, 14, '08/05/2023', '05/03/2023');
insert into events (event_id, conference_id, first_date, last_date) values (54, 63, '03/14/2023', '10/06/2023');
insert into events (event_id, conference_id, first_date, last_date) values (55, 58, '06/05/2023', '08/17/2023');
insert into events (event_id, conference_id, first_date, last_date) values (56, 84, '03/07/2023', '06/13/2023');
insert into events (event_id, conference_id, first_date, last_date) values (57, 51, '01/21/2023', '07/17/2023');
insert into events (event_id, conference_id, first_date, last_date) values (58, 62, '01/27/2023', '12/28/2022');
insert into events (event_id, conference_id, first_date, last_date) values (59, 28, '09/05/2023', '08/03/2023');
insert into events (event_id, conference_id, first_date, last_date) values (60, 41, '06/05/2023', '07/12/2023');
insert into events (event_id, conference_id, first_date, last_date) values (61, 56, '09/18/2023', '08/03/2023');
insert into events (event_id, conference_id, first_date, last_date) values (62, 33, '07/06/2023', '11/15/2022');
insert into events (event_id, conference_id, first_date, last_date) values (63, 52, '10/06/2023', '10/13/2023');
insert into events (event_id, conference_id, first_date, last_date) values (64, 67, '08/24/2023', '02/28/2023');
insert into events (event_id, conference_id, first_date, last_date) values (65, 59, '04/03/2023', '08/03/2023');
insert into events (event_id, conference_id, first_date, last_date) values (66, 66, '08/08/2023', '07/04/2023');
insert into events (event_id, conference_id, first_date, last_date) values (67, 96, '08/28/2023', '12/13/2022');
insert into events (event_id, conference_id, first_date, last_date) values (68, 52, '09/16/2023', '12/26/2022');
insert into events (event_id, conference_id, first_date, last_date) values (69, 22, '03/04/2023', '05/14/2023');
insert into events (event_id, conference_id, first_date, last_date) values (70, 31, '04/27/2023', '12/07/2022');
insert into events (event_id, conference_id, first_date, last_date) values (71, 31, '04/17/2023', '07/06/2023');
insert into events (event_id, conference_id, first_date, last_date) values (72, 49, '03/18/2023', '11/30/2022');
insert into events (event_id, conference_id, first_date, last_date) values (73, 10, '11/20/2022', '12/04/2022');
insert into events (event_id, conference_id, first_date, last_date) values (74, 10, '08/25/2023', '06/22/2023');
insert into events (event_id, conference_id, first_date, last_date) values (75, 42, '12/12/2022', '09/16/2023');
insert into events (event_id, conference_id, first_date, last_date) values (76, 100, '07/29/2023', '08/28/2023');
insert into events (event_id, conference_id, first_date, last_date) values (77, 26, '04/13/2023', '02/14/2023');
insert into events (event_id, conference_id, first_date, last_date) values (78, 73, '05/25/2023', '03/15/2023');
insert into events (event_id, conference_id, first_date, last_date) values (79, 25, '03/21/2023', '10/13/2023');
insert into events (event_id, conference_id, first_date, last_date) values (80, 59, '09/06/2023', '08/25/2023');
insert into events (event_id, conference_id, first_date, last_date) values (81, 90, '12/14/2022', '05/20/2023');
insert into events (event_id, conference_id, first_date, last_date) values (82, 29, '05/09/2023', '03/25/2023');
insert into events (event_id, conference_id, first_date, last_date) values (83, 62, '04/05/2023', '10/29/2022');
insert into events (event_id, conference_id, first_date, last_date) values (84, 61, '01/10/2023', '06/27/2023');
insert into events (event_id, conference_id, first_date, last_date) values (85, 74, '07/25/2023', '02/18/2023');
insert into events (event_id, conference_id, first_date, last_date) values (86, 40, '12/24/2022', '12/16/2022');
insert into events (event_id, conference_id, first_date, last_date) values (87, 84, '08/22/2023', '09/23/2023');
insert into events (event_id, conference_id, first_date, last_date) values (88, 15, '02/13/2023', '01/28/2023');
insert into events (event_id, conference_id, first_date, last_date) values (89, 8, '06/14/2023', '04/02/2023');
insert into events (event_id, conference_id, first_date, last_date) values (90, 87, '09/28/2023', '07/01/2023');
insert into events (event_id, conference_id, first_date, last_date) values (91, 5, '01/06/2023', '01/14/2023');
insert into events (event_id, conference_id, first_date, last_date) values (92, 48, '04/05/2023', '05/15/2023');
insert into events (event_id, conference_id, first_date, last_date) values (93, 82, '04/23/2023', '08/18/2023');
insert into events (event_id, conference_id, first_date, last_date) values (94, 56, '11/15/2022', '12/20/2022');
insert into events (event_id, conference_id, first_date, last_date) values (95, 73, '10/30/2022', '06/17/2023');
insert into events (event_id, conference_id, first_date, last_date) values (96, 77, '03/23/2023', '03/11/2023');
insert into events (event_id, conference_id, first_date, last_date) values (97, 22, '05/07/2023', '07/23/2023');
insert into events (event_id, conference_id, first_date, last_date) values (98, 65, '07/31/2023', '02/09/2023');
insert into events (event_id, conference_id, first_date, last_date) values (99, 92, '04/06/2023', '12/17/2022');
insert into events (event_id, conference_id, first_date, last_date) values (100, 2, '01/06/2023', '05/05/2023');

/*Presentation Data*/
insert into presentations (presentation_id, presentation_name, authors, abstract, documentation, technical_requirements, presentation_type, accepted) values (1, 'morbi', 'Luzula bulbosa (Alph. Wood) Smyth & Smyth', 'pellentesque volutpat dui maecenas tristique est et tempus semper est quam pharetra magna ac', 'Vestibulum.gif', 'ultrices erat', 'nunc', false);
insert into presentations (presentation_id, presentation_name, authors, abstract, documentation, technical_requirements, presentation_type, accepted) values (2, 'posuere nonummy integer', 'Abronia umbellata Lam. ssp. umbellata', 'aliquet pulvinar sed nisl nunc rhoncus dui vel sem sed sagittis nam congue risus semper', 'ConsequatMetusSapien.avi', '', 'quisque', true);
insert into presentations (presentation_id, presentation_name, authors, abstract, documentation, technical_requirements, presentation_type, accepted) values (3, 'ac diam cras pellentesque', 'Lichenosticta Zopf', 'bibendum imperdiet nullam orci pede venenatis non sodales sed tincidunt', 'Ultrices.mp3', 'odio curabitur', 'sit', false);
insert into presentations (presentation_id, presentation_name, authors, abstract, documentation, technical_requirements, presentation_type, accepted) values (4, 'vel augue vestibulum ante', 'Lupinus westianus Small var. westianus', 'id nulla ultrices aliquet maecenas leo odio condimentum id luctus nec molestie', 'Sagittis.ppt', '', 'ac', true);
insert into presentations (presentation_id, presentation_name, authors, abstract, documentation, technical_requirements, presentation_type, accepted) values (5, 'elit sodales', 'Liriope Lour.', 'est risus auctor sed tristique in tempus sit amet sem fusce', 'Nullam.png', 'vulputate', 'ipsum', true);
insert into presentations (presentation_id, presentation_name, authors, abstract, documentation, technical_requirements, presentation_type, accepted) values (6, 'sapien dignissim vestibulum', 'Arabis furcata S. Watson var. olympica (Piper) Rollins', 'eget semper rutrum nulla nunc purus phasellus in felis donec', 'UtNulla.xls', 'sed justo pellentesque', 'eget', false);
insert into presentations (presentation_id, presentation_name, authors, abstract, documentation, technical_requirements, presentation_type, accepted) values (7, 'in sagittis', 'Callisia micrantha (Torr.) D.R. Hunt', 'velit vivamus vel nulla eget eros elementum pellentesque quisque porta volutpat erat quisque', 'PedeMalesuadaIn.png', 'turpis adipiscing', 'eleifend', false);
insert into presentations (presentation_id, presentation_name, authors, abstract, documentation, technical_requirements, presentation_type, accepted) values (8, 'orci luctus', 'Draba paysonii J.F. Macbr. var. treleasii (O.E. Schulz) C.L. Hitchc.', 'eros suspendisse accumsan tortor quis turpis sed ante vivamus tortor', 'Massa.png', 'vulputate ut ultrices', 'platea', false);
insert into presentations (presentation_id, presentation_name, authors, abstract, documentation, technical_requirements, presentation_type, accepted) values (9, 'vel augue', 'Thunbergia erecta (Benth.) T. Anderson', 'vestibulum quam sapien varius ut blandit non interdum in ante vestibulum', 'Erat.tiff', 'aliquam erat', 'lorem', true);
insert into presentations (presentation_id, presentation_name, authors, abstract, documentation, technical_requirements, presentation_type, accepted) values (10, 'pede ac', 'Acleisanthes wrightii (A. Gray) Benth. & Hook. f. ex Hemsl.', 'vestibulum eget vulputate ut ultrices vel augue vestibulum ante ipsum primis in faucibus orci luctus', 'MaurisUllamcorperPurus.xls', 'massa donec', 'justo', false);
insert into presentations (presentation_id, presentation_name, authors, abstract, documentation, technical_requirements, presentation_type, accepted) values (11, 'justo in', 'Lupinus constancei T.W. Nelson & J.P. Nelson', 'congue elementum in hac habitasse platea dictumst morbi vestibulum velit', 'Posuere.mp3', 'curae duis faucibus accumsan', 'eget', false);
insert into presentations (presentation_id, presentation_name, authors, abstract, documentation, technical_requirements, presentation_type, accepted) values (12, 'diam id ornare', 'Pentachaeta exilis (A. Gray) A. Gray', 'in lectus pellentesque at nulla suspendisse potenti cras in purus eu magna', 'BlanditLacinia.avi', '', 'sapien', false);
insert into presentations (presentation_id, presentation_name, authors, abstract, documentation, technical_requirements, presentation_type, accepted) values (13, 'commodo', 'Sorbus scopulina Greene var. cascadensis (G.N. Jones) C.L. Hitchc.', 'volutpat sapien arcu sed augue aliquam erat volutpat in congue etiam justo etiam pretium iaculis', 'VolutpatQuam.xls', 'nulla eget eros', 'elit', true);
insert into presentations (presentation_id, presentation_name, authors, abstract, documentation, technical_requirements, presentation_type, accepted) values (14, 'eu', 'Comandra Nutt.', 'turpis enim blandit mi in porttitor pede justo eu massa donec', 'In.xls', 'velit vivamus', 'nullam', false);
insert into presentations (presentation_id, presentation_name, authors, abstract, documentation, technical_requirements, presentation_type, accepted) values (15, 'quisque', 'Saxifraga lyallii Engl. ssp. hultenii (Calder & Savile) Calder & Roy L. Taylor', 'aliquam convallis nunc proin at turpis a pede posuere nonummy integer non velit donec diam', 'AugueA.png', 'consectetuer', 'mi', false);
insert into presentations (presentation_id, presentation_name, authors, abstract, documentation, technical_requirements, presentation_type, accepted) values (16, 'eget', 'Quercus berberidifolia Liebm.', 'molestie hendrerit at vulputate vitae nisl aenean lectus pellentesque eget nunc donec quis orci eget', 'Proin.mov', '', 'sed', true);
insert into presentations (presentation_id, presentation_name, authors, abstract, documentation, technical_requirements, presentation_type, accepted) values (17, 'venenatis', 'Calypso bulbosa (L.) Oakes var. occidentalis (Holz.) B. Boivin', 'aenean auctor gravida sem praesent id massa id nisl venenatis lacinia', 'Ante.ppt', '', 'placerat', true);
insert into presentations (presentation_id, presentation_name, authors, abstract, documentation, technical_requirements, presentation_type, accepted) values (18, 'volutpat quam pede', 'Cenchrus biflorus Roxb.', 'augue a suscipit nulla elit ac nulla sed vel enim sit amet', 'VivamusMetusArcu.xls', 'dictumst aliquam augue', 'sit', true);
insert into presentations (presentation_id, presentation_name, authors, abstract, documentation, technical_requirements, presentation_type, accepted) values (19, 'suspendisse potenti nullam', 'Cryptantha sparsiflora (Greene) Greene', 'nisl ut volutpat sapien arcu sed augue aliquam erat volutpat in congue', 'MetusArcuAdipiscing.ppt', 'magna bibendum imperdiet', 'est', true);
insert into presentations (presentation_id, presentation_name, authors, abstract, documentation, technical_requirements, presentation_type, accepted) values (20, 'metus aenean fermentum', 'Splachnum luteum Hedw.', 'in leo maecenas pulvinar lobortis est phasellus sit amet erat', 'EratVestibulum.mp3', 'vel pede morbi', 'eu', true);
insert into presentations (presentation_id, presentation_name, authors, abstract, documentation, technical_requirements, presentation_type, accepted) values (21, 'vulputate elementum', 'Aesculus flava Aiton', 'viverra dapibus nulla suscipit ligula in lacus curabitur at ipsum ac', 'DictumstMaecenasUt.avi', 'eros vestibulum ac est lacinia', 'tempus', false);
insert into presentations (presentation_id, presentation_name, authors, abstract, documentation, technical_requirements, presentation_type, accepted) values (22, 'eleifend', 'Buellia lauricassiae (Fe) Mll. Arg.', 'eleifend luctus ultricies eu nibh quisque id justo sit amet sapien dignissim vestibulum vestibulum', 'Enim.avi', 'nunc', 'tellus', true);
insert into presentations (presentation_id, presentation_name, authors, abstract, documentation, technical_requirements, presentation_type, accepted) values (23, 'id justo', 'Polyblastia cruenta (Krb.) P. James & Swinscow', 'faucibus orci luctus et ultrices posuere cubilia curae donec pharetra', 'CubiliaCuraeNulla.png', 'vel sem', 'neque', true);
insert into presentations (presentation_id, presentation_name, authors, abstract, documentation, technical_requirements, presentation_type, accepted) values (24, 'turpis nec euismod', 'Cerastium diffusum Pers.', 'suscipit a feugiat et eros vestibulum ac est lacinia nisi venenatis tristique fusce congue', 'ElementumEuInterdum.doc', 'in', 'blandit', true);
insert into presentations (presentation_id, presentation_name, authors, abstract, documentation, technical_requirements, presentation_type, accepted) values (25, 'et ultrices posuere', 'Pottia intermedia (Turner) Frnr.', 'habitasse platea dictumst aliquam augue quam sollicitudin vitae consectetuer eget rutrum at lorem integer', 'SemDuisAliquam.jpeg', 'sit', 'venenatis', true);
insert into presentations (presentation_id, presentation_name, authors, abstract, documentation, technical_requirements, presentation_type, accepted) values (26, 'duis bibendum felis', 'Silene parishii S. Watson', 'pede morbi porttitor lorem id ligula suspendisse ornare consequat lectus in est risus', 'InEst.png', 'non lectus aliquam', 'purus', true);
insert into presentations (presentation_id, presentation_name, authors, abstract, documentation, technical_requirements, presentation_type, accepted) values (27, 'quam pede lobortis', 'Ptelea trifoliata L. ssp. pallida (Greene) V. Bailey var. lutescens (Greene) V. Bailey', 'velit eu est congue elementum in hac habitasse platea dictumst morbi vestibulum velit id pretium', 'VitaeMattis.jpeg', 'erat fermentum justo', 'sit', false);
insert into presentations (presentation_id, presentation_name, authors, abstract, documentation, technical_requirements, presentation_type, accepted) values (28, 'curabitur at', 'Synthyris pinnatifida S. Watson var. canescens (Pennell) Cronquist', 'at vulputate vitae nisl aenean lectus pellentesque eget nunc donec quis', 'SapienUrna.ppt', 'varius ut blandit', 'magnis', false);
insert into presentations (presentation_id, presentation_name, authors, abstract, documentation, technical_requirements, presentation_type, accepted) values (29, 'ornare consequat lectus in', 'Asparagus officinalis L.', 'posuere nonummy integer non velit donec diam neque vestibulum eget vulputate ut ultrices vel augue', 'FelisDonec.avi', 'natoque penatibus', 'in', true);
insert into presentations (presentation_id, presentation_name, authors, abstract, documentation, technical_requirements, presentation_type, accepted) values (30, 'sed magna at nunc', 'Schefflera arboricola (Hayata) Merr.', 'ligula nec sem duis aliquam convallis nunc proin at turpis', 'PotentiNullamPorttitor.ppt', 'orci pede venenatis', 'vel', true);
insert into presentations (presentation_id, presentation_name, authors, abstract, documentation, technical_requirements, presentation_type, accepted) values (31, 'et magnis dis', 'Eriochloa acuminata (J. Presl) Kunth var. acuminata', 'donec posuere metus vitae ipsum aliquam non mauris morbi non lectus aliquam sit amet', 'TortorDuis.mpeg', 'metus sapien', 'nulla', true);
insert into presentations (presentation_id, presentation_name, authors, abstract, documentation, technical_requirements, presentation_type, accepted) values (32, 'gravida', 'Githopsis Nutt.', 'etiam pretium iaculis justo in hac habitasse platea dictumst etiam faucibus cursus', 'Elit.mp3', 'posuere cubilia curae duis faucibus', 'neque', false);
insert into presentations (presentation_id, presentation_name, authors, abstract, documentation, technical_requirements, presentation_type, accepted) values (33, 'sagittis', 'Viola lanceolata L. ssp. occidentalis (A. Gray) N.H. Russell', 'sed magna at nunc commodo placerat praesent blandit nam nulla integer pede justo lacinia eget', 'ConvallisMorbi.xls', 'maecenas tincidunt', 'et', false);
insert into presentations (presentation_id, presentation_name, authors, abstract, documentation, technical_requirements, presentation_type, accepted) values (34, 'quis orci', 'Stereocaulon incrustatum Flrke', 'orci vehicula condimentum curabitur in libero ut massa volutpat convallis morbi odio odio elementum', 'Quis.gif', 'lobortis vel dapibus at diam', 'adipiscing', false);
insert into presentations (presentation_id, presentation_name, authors, abstract, documentation, technical_requirements, presentation_type, accepted) values (35, 'diam nam tristique', 'Cirsium japonicum Fisch. ex DC.', 'vulputate elementum nullam varius nulla facilisi cras non velit nec nisi vulputate nonummy', 'VolutpatConvallis.pdf', 'varius nulla facilisi cras non', 'morbi', false);
insert into presentations (presentation_id, presentation_name, authors, abstract, documentation, technical_requirements, presentation_type, accepted) values (36, 'bibendum felis', 'Bambusa multiplex (Lour.) Raeusch. ex Schult. & Schult. f.', 'quis justo maecenas rhoncus aliquam lacus morbi quis tortor id nulla ultrices aliquet maecenas', 'Interdum.mov', 'in', 'orci', false);
insert into presentations (presentation_id, presentation_name, authors, abstract, documentation, technical_requirements, presentation_type, accepted) values (37, 'integer', 'Arthopyrenia minor R.C. Harris', 'montes nascetur ridiculus mus etiam vel augue vestibulum rutrum rutrum neque aenean', 'PrimisInFaucibus.avi', 'ut ultrices vel', 'in', true);
insert into presentations (presentation_id, presentation_name, authors, abstract, documentation, technical_requirements, presentation_type, accepted) values (38, 'arcu libero rutrum', 'Nyctaginia Choisy', 'id ornare imperdiet sapien urna pretium nisl ut volutpat sapien arcu', 'CuraeDuis.gif', 'sem duis aliquam convallis', 'diam', false);
insert into presentations (presentation_id, presentation_name, authors, abstract, documentation, technical_requirements, presentation_type, accepted) values (39, 'nunc vestibulum ante ipsum', 'Salvia vinacea Wooton & Standl.', 'proin at turpis a pede posuere nonummy integer non velit donec diam', 'EtMagnisDis.jpeg', 'nullam sit amet turpis elementum', 'mauris', true);
insert into presentations (presentation_id, presentation_name, authors, abstract, documentation, technical_requirements, presentation_type, accepted) values (40, 'primis in faucibus orci', 'Mohavea confertiflora (A. DC.) A. Heller', 'vel nisl duis ac nibh fusce lacus purus aliquet at feugiat non pretium quis', 'PhasellusIn.tiff', 'fusce consequat nulla nisl nunc', 'bibendum', false);
insert into presentations (presentation_id, presentation_name, authors, abstract, documentation, technical_requirements, presentation_type, accepted) values (41, 'vivamus in felis eu', 'Mammillaria thornberi Orcutt', 'est lacinia nisi venenatis tristique fusce congue diam id ornare imperdiet', 'Nibh.jpeg', 'blandit mi', 'vitae', true);
insert into presentations (presentation_id, presentation_name, authors, abstract, documentation, technical_requirements, presentation_type, accepted) values (42, 'quisque arcu libero', 'Peccania subnigra (de Lesd.) Wetmore', 'massa id lobortis convallis tortor risus dapibus augue vel accumsan tellus nisi eu', 'VivamusInFelis.ppt', '', 'praesent', false);
insert into presentations (presentation_id, presentation_name, authors, abstract, documentation, technical_requirements, presentation_type, accepted) values (43, 'at velit', 'Silene L.', 'quam pede lobortis ligula sit amet eleifend pede libero quis', 'PortaVolutpatQuam.mov', 'enim leo rhoncus', 'ornare', false);
insert into presentations (presentation_id, presentation_name, authors, abstract, documentation, technical_requirements, presentation_type, accepted) values (44, 'molestie', 'Guizotia abyssinica (L. f.) Cass.', 'accumsan felis ut at dolor quis odio consequat varius integer ac leo', 'QuisAugue.jpeg', 'aliquam non mauris', 'nascetur', true);
insert into presentations (presentation_id, presentation_name, authors, abstract, documentation, technical_requirements, presentation_type, accepted) values (45, 'non ligula', 'Bactrospora A. Massal.', 'cras pellentesque volutpat dui maecenas tristique est et tempus semper est quam pharetra magna', 'AnteVivamus.mp3', 'leo', 'at', false);
insert into presentations (presentation_id, presentation_name, authors, abstract, documentation, technical_requirements, presentation_type, accepted) values (46, 'in consequat ut', 'Acacia sieberiana DC. var. woodii (Burtt Davy) Keay & Brenan', 'adipiscing lorem vitae mattis nibh ligula nec sem duis aliquam convallis nunc proin', 'DictumstMaecenas.pdf', 'accumsan', 'ridiculus', false);
insert into presentations (presentation_id, presentation_name, authors, abstract, documentation, technical_requirements, presentation_type, accepted) values (47, 'amet nulla', 'Actinostachys pennula (Sw.) Hook.', 'mauris non ligula pellentesque ultrices phasellus id sapien in sapien iaculis', 'AliquetUltricesErat.jpeg', 'diam neque vestibulum eget', 'a', false);
insert into presentations (presentation_id, presentation_name, authors, abstract, documentation, technical_requirements, presentation_type, accepted) values (48, 'id ligula suspendisse ornare', 'Campylocentrum pachyrrhizum (Rchb. f.) Rolfe', 'montes nascetur ridiculus mus vivamus vestibulum sagittis sapien cum sociis natoque penatibus et magnis dis', 'NonMauris.avi', 'luctus', 'morbi', true);
insert into presentations (presentation_id, presentation_name, authors, abstract, documentation, technical_requirements, presentation_type, accepted) values (49, 'maecenas', 'Carex debilis Michx. var. rudgei L.H. Bailey', 'duis bibendum morbi non quam nec dui luctus rutrum nulla tellus', 'JustoSollicitudin.gif', 'penatibus', 'lorem', true);
insert into presentations (presentation_id, presentation_name, authors, abstract, documentation, technical_requirements, presentation_type, accepted) values (50, 'quisque ut erat curabitur', 'Atriplex joaquinana A. Nelson', 'commodo placerat praesent blandit nam nulla integer pede justo lacinia eget tincidunt', 'SagittisDuiVel.xls', 'tincidunt', 'ultrices', true);
insert into presentations (presentation_id, presentation_name, authors, abstract, documentation, technical_requirements, presentation_type, accepted) values (51, 'a', 'Peperomia degeneri Yunck.', 'nec molestie sed justo pellentesque viverra pede ac diam cras pellentesque', 'IdNislVenenatis.xls', 'posuere felis sed lacus morbi', 'quam', false);
insert into presentations (presentation_id, presentation_name, authors, abstract, documentation, technical_requirements, presentation_type, accepted) values (52, 'donec dapibus', 'Carex basiantha Steud.', 'dapibus augue vel accumsan tellus nisi eu orci mauris lacinia sapien quis libero nullam', 'Natoque.avi', '', 'eget', false);
insert into presentations (presentation_id, presentation_name, authors, abstract, documentation, technical_requirements, presentation_type, accepted) values (53, 'aliquet at', 'Annona squamosa L.', 'placerat praesent blandit nam nulla integer pede justo lacinia eget tincidunt eget', 'NonLigula.txt', 'velit eu est', 'in', true);
insert into presentations (presentation_id, presentation_name, authors, abstract, documentation, technical_requirements, presentation_type, accepted) values (54, 'mauris laoreet ut rhoncus', 'Phyllanthus acuminatus Vahl', 'nisl duis bibendum felis sed interdum venenatis turpis enim blandit mi in porttitor', 'PorttitorPede.gif', 'praesent', 'purus', false);
insert into presentations (presentation_id, presentation_name, authors, abstract, documentation, technical_requirements, presentation_type, accepted) values (55, 'ultrices', 'Botrychium minganense Victorin', 'quis odio consequat varius integer ac leo pellentesque ultrices mattis', 'DiamNamTristique.jpeg', 'montes nascetur ridiculus mus etiam', 'pulvinar', false);
insert into presentations (presentation_id, presentation_name, authors, abstract, documentation, technical_requirements, presentation_type, accepted) values (56, 'sed sagittis nam congue', 'Festuca dasyclada Hack. ex Beal', 'in consequat ut nulla sed accumsan felis ut at dolor quis odio consequat', 'VitaeMattisNibh.mov', '', 'nascetur', false);
insert into presentations (presentation_id, presentation_name, authors, abstract, documentation, technical_requirements, presentation_type, accepted) values (57, 'in congue etiam', 'Micarea incrassata Hedl.', 'potenti cras in purus eu magna vulputate luctus cum sociis natoque penatibus et magnis dis', 'NislAenean.tiff', '', 'nibh', false);
insert into presentations (presentation_id, presentation_name, authors, abstract, documentation, technical_requirements, presentation_type, accepted) values (58, 'lectus in est', 'Pilea krugii Urb.', 'leo maecenas pulvinar lobortis est phasellus sit amet erat nulla tempus vivamus', 'Nec.jpeg', 'porta volutpat', 'dolor', false);
insert into presentations (presentation_id, presentation_name, authors, abstract, documentation, technical_requirements, presentation_type, accepted) values (59, 'tempus vivamus', 'Guillenia lasiophylla (Hook. & Arn.) Greene', 'justo lacinia eget tincidunt eget tempus vel pede morbi porttitor lorem', 'ANibh.xls', 'ullamcorper augue a suscipit', 'ipsum', false);
insert into presentations (presentation_id, presentation_name, authors, abstract, documentation, technical_requirements, presentation_type, accepted) values (60, 'duis mattis egestas metus', 'Rhizocarpon Ramond ex DC.', 'justo in blandit ultrices enim lorem ipsum dolor sit amet consectetuer adipiscing', 'FermentumDonecUt.avi', 'sagittis sapien cum sociis natoque', 'at', true);
insert into presentations (presentation_id, presentation_name, authors, abstract, documentation, technical_requirements, presentation_type, accepted) values (61, 'leo odio', 'Prosartes smithii (Hook.) Utech, Shinwari & Kawano', 'fermentum justo nec condimentum neque sapien placerat ante nulla justo', 'Viverra.xls', 'nulla tempus vivamus in', 'donec', false);
insert into presentations (presentation_id, presentation_name, authors, abstract, documentation, technical_requirements, presentation_type, accepted) values (62, 'magnis', 'Aquilegia chrysantha A. Gray var. rydbergii Munz', 'morbi porttitor lorem id ligula suspendisse ornare consequat lectus in', 'At.xls', '', 'ligula', false);
insert into presentations (presentation_id, presentation_name, authors, abstract, documentation, technical_requirements, presentation_type, accepted) values (63, 'nisl duis', 'Jatropha hernandiifolia Vent. var. hernandiifolia', 'justo maecenas rhoncus aliquam lacus morbi quis tortor id nulla ultrices aliquet maecenas leo odio', 'InFaucibusOrci.ppt', 'lectus suspendisse potenti in eleifend', 'blandit', false);
insert into presentations (presentation_id, presentation_name, authors, abstract, documentation, technical_requirements, presentation_type, accepted) values (64, 'faucibus orci luctus et', 'Mesechites repens (Jacq.) Miers', 'erat fermentum justo nec condimentum neque sapien placerat ante nulla justo aliquam quis turpis eget', 'Sagittis.xls', '', 'tellus', true);
insert into presentations (presentation_id, presentation_name, authors, abstract, documentation, technical_requirements, presentation_type, accepted) values (65, 'a libero nam dui', 'Rubus furtivus L.H. Bailey', 'consequat dui nec nisi volutpat eleifend donec ut dolor morbi vel lectus', 'ElementumPellentesqueQuisque.ppt', 'gravida nisi at nibh in', 'a', true);
insert into presentations (presentation_id, presentation_name, authors, abstract, documentation, technical_requirements, presentation_type, accepted) values (66, 'nullam molestie', 'Eragrostis glutinosa (Sw.) Trin.', 'libero ut massa volutpat convallis morbi odio odio elementum eu interdum eu', 'Aenean.avi', '', 'suscipit', true);
insert into presentations (presentation_id, presentation_name, authors, abstract, documentation, technical_requirements, presentation_type, accepted) values (67, 'dapibus augue vel', 'Gypsophila oldhamiana Miq.', 'congue diam id ornare imperdiet sapien urna pretium nisl ut volutpat sapien', 'Dapibus.txt', '', 'imperdiet', true);
insert into presentations (presentation_id, presentation_name, authors, abstract, documentation, technical_requirements, presentation_type, accepted) values (68, 'nisi', 'Muhlenbergia peruviana (P. Beauv.) Steud.', 'aliquet ultrices erat tortor sollicitudin mi sit amet lobortis sapien sapien non', 'OdioIn.mov', 'donec', 'posuere', false);
insert into presentations (presentation_id, presentation_name, authors, abstract, documentation, technical_requirements, presentation_type, accepted) values (69, 'nisl', 'Saxifraga sibirica L.', 'arcu libero rutrum ac lobortis vel dapibus at diam nam tristique tortor eu', 'SociisNatoque.txt', 'lobortis', 'libero', false);
insert into presentations (presentation_id, presentation_name, authors, abstract, documentation, technical_requirements, presentation_type, accepted) values (70, 'turpis', 'Hesperevax sparsiflora (A. Gray) Greene var. sparsiflora', 'vestibulum rutrum rutrum neque aenean auctor gravida sem praesent id massa id', 'AliquamNonMauris.avi', 'sed ante vivamus tortor', 'erat', true);
insert into presentations (presentation_id, presentation_name, authors, abstract, documentation, technical_requirements, presentation_type, accepted) values (71, 'blandit', 'Brodiaea kinkiensis Niehaus', 'blandit mi in porttitor pede justo eu massa donec dapibus duis at', 'Nulla.jpeg', 'non mauris morbi non lectus', 'sapien', true);
insert into presentations (presentation_id, presentation_name, authors, abstract, documentation, technical_requirements, presentation_type, accepted) values (72, 'bibendum imperdiet', 'Amorpha nana Nutt.', 'in purus eu magna vulputate luctus cum sociis natoque penatibus et magnis dis parturient montes', 'RutrumAt.mp3', 'velit nec', 'nisl', false);
insert into presentations (presentation_id, presentation_name, authors, abstract, documentation, technical_requirements, presentation_type, accepted) values (73, 'ultrices aliquet maecenas', 'Rubus odoratus L. var. columbianus Millsp.', 'luctus cum sociis natoque penatibus et magnis dis parturient montes nascetur ridiculus', 'Fermentum.tiff', 'luctus et', 'vivamus', false);
insert into presentations (presentation_id, presentation_name, authors, abstract, documentation, technical_requirements, presentation_type, accepted) values (74, 'neque duis bibendum morbi', 'Philadelphus confusus Piper', 'ligula suspendisse ornare consequat lectus in est risus auctor sed', 'Amet.png', 'donec', 'convallis', true);
insert into presentations (presentation_id, presentation_name, authors, abstract, documentation, technical_requirements, presentation_type, accepted) values (75, 'hendrerit at', 'Gillenia trifoliata (L.) Moench', 'odio elementum eu interdum eu tincidunt in leo maecenas pulvinar lobortis est', 'Placerat.avi', 'id turpis integer aliquet', 'eu', false);
insert into presentations (presentation_id, presentation_name, authors, abstract, documentation, technical_requirements, presentation_type, accepted) values (76, 'libero nullam sit', 'Primula nutans Georgi', 'enim blandit mi in porttitor pede justo eu massa donec dapibus duis at velit', 'In.xls', 'ante ipsum primis in faucibus', 'libero', false);
insert into presentations (presentation_id, presentation_name, authors, abstract, documentation, technical_requirements, presentation_type, accepted) values (77, 'tempus', 'Wigandia urens (Ruiz & Pav.) Kunth var. caracasana (Kunth) D. Gibson', 'purus phasellus in felis donec semper sapien a libero nam dui proin', 'Dui.ppt', 'in quam fringilla rhoncus', 'in', true);
insert into presentations (presentation_id, presentation_name, authors, abstract, documentation, technical_requirements, presentation_type, accepted) values (78, 'odio porttitor', 'Brachythecium frigidum (Mll. Hal.) Besch.', 'porttitor pede justo eu massa donec dapibus duis at velit eu', 'CubiliaCurae.avi', '', 'nibh', true);
insert into presentations (presentation_id, presentation_name, authors, abstract, documentation, technical_requirements, presentation_type, accepted) values (79, 'leo maecenas', 'Cressa L.', 'nisi volutpat eleifend donec ut dolor morbi vel lectus in quam', 'Vel.mp3', 'sapien ut nunc', 'odio', true);
insert into presentations (presentation_id, presentation_name, authors, abstract, documentation, technical_requirements, presentation_type, accepted) values (80, 'phasellus in felis donec', 'Nymphaea tetragona Georgi', 'tortor risus dapibus augue vel accumsan tellus nisi eu orci mauris lacinia', 'MalesuadaInImperdiet.avi', '', 'rhoncus', false);
insert into presentations (presentation_id, presentation_name, authors, abstract, documentation, technical_requirements, presentation_type, accepted) values (81, 'potenti in eleifend', 'Tabebuia serratifolia (Vahl) G. Nicholson', 'morbi a ipsum integer a nibh in quis justo maecenas rhoncus', 'AnteIpsumPrimis.avi', 'justo pellentesque viverra pede', 'pede', false);
insert into presentations (presentation_id, presentation_name, authors, abstract, documentation, technical_requirements, presentation_type, accepted) values (82, 'leo maecenas', 'Hymenothrix A. Gray', 'elit ac nulla sed vel enim sit amet nunc viverra dapibus', 'DiamInMagna.pdf', '', 'est', false);
insert into presentations (presentation_id, presentation_name, authors, abstract, documentation, technical_requirements, presentation_type, accepted) values (83, 'mattis nibh', 'Penstemon washingtonensis D.D. Keck', 'habitasse platea dictumst maecenas ut massa quis augue luctus tincidunt nulla mollis molestie', 'Sed.mpeg', 'curae mauris viverra diam vitae', 'quam', true);
insert into presentations (presentation_id, presentation_name, authors, abstract, documentation, technical_requirements, presentation_type, accepted) values (84, 'justo nec condimentum neque', 'Garcinia kola Heckel', 'libero nullam sit amet turpis elementum ligula vehicula consequat morbi a ipsum integer a nibh', 'Fermentum.mp3', 'tempus', 'turpis', false);
insert into presentations (presentation_id, presentation_name, authors, abstract, documentation, technical_requirements, presentation_type, accepted) values (85, 'vel ipsum praesent blandit', 'Vicia villosa Roth ssp. pseudocracca (Bertol.) Ball', 'pede morbi porttitor lorem id ligula suspendisse ornare consequat lectus in est risus auctor sed', 'UltricesMattisOdio.ppt', 'luctus tincidunt nulla mollis molestie', 'quisque', true);
insert into presentations (presentation_id, presentation_name, authors, abstract, documentation, technical_requirements, presentation_type, accepted) values (86, 'aenean', 'Oxytropis campestris (L.) DC. var. spicata Hook.', 'nibh in hac habitasse platea dictumst aliquam augue quam sollicitudin vitae', 'Erat.avi', 'ultrices phasellus id sapien in', 'et', true);
insert into presentations (presentation_id, presentation_name, authors, abstract, documentation, technical_requirements, presentation_type, accepted) values (87, 'felis donec', 'Paronychia erecta (Chapm.) Shinners var. corymbosa (Small) Chaudhri', 'duis ac nibh fusce lacus purus aliquet at feugiat non', 'EtiamJusto.jpeg', 'adipiscing molestie hendrerit at vulputate', 'nunc', false);
insert into presentations (presentation_id, presentation_name, authors, abstract, documentation, technical_requirements, presentation_type, accepted) values (88, 'eget tempus vel pede', 'Navarretia willamettensis S.C. Spencer', 'et magnis dis parturient montes nascetur ridiculus mus vivamus vestibulum sagittis sapien', 'Id.mov', 'posuere cubilia curae mauris', 'eros', true);
insert into presentations (presentation_id, presentation_name, authors, abstract, documentation, technical_requirements, presentation_type, accepted) values (89, 'in felis eu sapien', 'Dodecatheon dentatum Hook.', 'dictumst etiam faucibus cursus urna ut tellus nulla ut erat id mauris', 'MassaTempor.pdf', 'lectus pellentesque', 'sagittis', false);
insert into presentations (presentation_id, presentation_name, authors, abstract, documentation, technical_requirements, presentation_type, accepted) values (90, 'erat fermentum justo', 'Senna corymbosa (Lam.) Irwin & Barneby', 'suspendisse ornare consequat lectus in est risus auctor sed tristique in', 'MattisOdio.gif', '', 'sollicitudin', false);
insert into presentations (presentation_id, presentation_name, authors, abstract, documentation, technical_requirements, presentation_type, accepted) values (91, 'sed vestibulum sit', 'Astragalus striatiflorus M.E. Jones', 'lacus morbi quis tortor id nulla ultrices aliquet maecenas leo odio condimentum id', 'Tellus.mp3', 'consequat', 'enim', true);
insert into presentations (presentation_id, presentation_name, authors, abstract, documentation, technical_requirements, presentation_type, accepted) values (92, 'vehicula', 'Carex laxiflora Lam. var. serrulata F.J. Herm.', 'etiam justo etiam pretium iaculis justo in hac habitasse platea dictumst', 'Interdum.mp3', '', 'in', false);
insert into presentations (presentation_id, presentation_name, authors, abstract, documentation, technical_requirements, presentation_type, accepted) values (93, 'suscipit ligula', 'Hebeclinium macrophyllum (L.) DC.', 'pede morbi porttitor lorem id ligula suspendisse ornare consequat lectus in est risus', 'VestibulumSagittisSapien.jpeg', '', 'lacus', false);
insert into presentations (presentation_id, presentation_name, authors, abstract, documentation, technical_requirements, presentation_type, accepted) values (94, 'posuere cubilia', 'Nestotus stenophyllus (A. Gray) R.P. Roberts, Urbatsch & Neubig', 'potenti nullam porttitor lacus at turpis donec posuere metus vitae ipsum aliquam non mauris morbi', 'UtUltricesVel.doc', 'mi pede malesuada in imperdiet', 'nulla', true);
insert into presentations (presentation_id, presentation_name, authors, abstract, documentation, technical_requirements, presentation_type, accepted) values (95, 'lobortis', 'Baptisia sulphurea Engelm. (pro sp.)', 'ligula suspendisse ornare consequat lectus in est risus auctor sed tristique', 'Quis.ppt', '', 'ipsum', true);
insert into presentations (presentation_id, presentation_name, authors, abstract, documentation, technical_requirements, presentation_type, accepted) values (96, 'nullam porttitor lacus at', 'Cladonia multiformis G. Merr.', 'aliquet at feugiat non pretium quis lectus suspendisse potenti in eleifend quam a', 'Nibh.xls', '', 'pellentesque', true);
insert into presentations (presentation_id, presentation_name, authors, abstract, documentation, technical_requirements, presentation_type, accepted) values (97, 'quis orci', 'Solidago canadensis L. var. salebrosa (Piper) M.E. Jones', 'leo odio porttitor id consequat in consequat ut nulla sed accumsan felis ut', 'RisusPraesent.avi', 'eget tempus vel', 'arcu', true);
insert into presentations (presentation_id, presentation_name, authors, abstract, documentation, technical_requirements, presentation_type, accepted) values (98, 'in sapien iaculis congue', 'Buellia pulverulenta (Anzi) Jatta', 'aliquam quis turpis eget elit sodales scelerisque mauris sit amet eros', 'Ligula.ppt', 'ipsum aliquam', 'vestibulum', true);
insert into presentations (presentation_id, presentation_name, authors, abstract, documentation, technical_requirements, presentation_type, accepted) values (99, 'sed augue aliquam', 'Lepidium montanum Nutt. var. wyomingense (C.L. Hitchc.) C.L. Hitchc.', 'quis orci nullam molestie nibh in lectus pellentesque at nulla', 'IntegerAc.avi', 'nunc proin at turpis', 'tellus', true);
insert into presentations (presentation_id, presentation_name, authors, abstract, documentation, technical_requirements, presentation_type, accepted) values (100, 'primis in', 'Harrisia Britton', 'primis in faucibus orci luctus et ultrices posuere cubilia curae donec', 'TellusIn.ppt', 'ornare', 'justo', false);
insert into presentations (presentation_id, presentation_name, authors, abstract, documentation, technical_requirements, presentation_type, accepted) values (101, 'id', 'Isoetes lithophila N.E. Pfeiffer', 'a libero nam dui proin leo odio porttitor id consequat in consequat ut nulla sed', 'Ac.pdf', '', 'eu', false);
insert into presentations (presentation_id, presentation_name, authors, abstract, documentation, technical_requirements, presentation_type, accepted) values (102, 'adipiscing molestie', 'Epigaea repens L.', 'nulla integer pede justo lacinia eget tincidunt eget tempus vel pede morbi porttitor', 'Cras.mp3', 'enim', 'justo', true);
insert into presentations (presentation_id, presentation_name, authors, abstract, documentation, technical_requirements, presentation_type, accepted) values (103, 'in faucibus orci luctus', 'Artemisia campestris L. ssp. borealis (Pall.) H.M. Hall & Clem. var. petiolata S.L. Welsh', 'massa id nisl venenatis lacinia aenean sit amet justo morbi ut odio cras', 'AccumsanFelis.avi', 'cursus vestibulum proin eu', 'vulputate', true);
insert into presentations (presentation_id, presentation_name, authors, abstract, documentation, technical_requirements, presentation_type, accepted) values (104, 'nullam orci pede venenatis', 'Schoenoplectus contortus (Eames) S.G. Sm.', 'convallis morbi odio odio elementum eu interdum eu tincidunt in leo maecenas', 'Et.jpeg', 'nisi', 'purus', false);
insert into presentations (presentation_id, presentation_name, authors, abstract, documentation, technical_requirements, presentation_type, accepted) values (105, 'et commodo', 'Dactylorhiza majalis (Rchb. f.) P.F. Hunt & Summerhayes ssp. praetermissa (Druce) D.M. Moore & So var. junialis (Verm.) Senghas', 'orci luctus et ultrices posuere cubilia curae nulla dapibus dolor vel est', 'Ridiculus.mov', 'scelerisque mauris sit', 'nibh', true);
insert into presentations (presentation_id, presentation_name, authors, abstract, documentation, technical_requirements, presentation_type, accepted) values (106, 'libero', 'Lecanactis Krb.', 'nulla ac enim in tempor turpis nec euismod scelerisque quam turpis adipiscing lorem vitae', 'CongueEget.doc', '', 'sapien', true);
insert into presentations (presentation_id, presentation_name, authors, abstract, documentation, technical_requirements, presentation_type, accepted) values (107, 'diam erat fermentum justo', 'Viola glabella Nutt.', 'curae nulla dapibus dolor vel est donec odio justo sollicitudin ut', 'AtDolor.avi', '', 'sed', true);
insert into presentations (presentation_id, presentation_name, authors, abstract, documentation, technical_requirements, presentation_type, accepted) values (108, 'morbi non lectus', 'Thuarea involuta (G. Forst.) R. Br. ex Roem. & Schult.', 'tempus semper est quam pharetra magna ac consequat metus sapien ut nunc', 'VivamusVelNulla.ppt', 'in tempor turpis nec', 'tempor', true);
insert into presentations (presentation_id, presentation_name, authors, abstract, documentation, technical_requirements, presentation_type, accepted) values (109, 'curabitur convallis duis', 'Grindelia arizonica A. Gray var. stenophylla Steyerm.', 'mattis odio donec vitae nisi nam ultrices libero non mattis pulvinar nulla pede ullamcorper', 'DisParturientMontes.avi', 'rhoncus mauris', 'vitae', false);
insert into presentations (presentation_id, presentation_name, authors, abstract, documentation, technical_requirements, presentation_type, accepted) values (110, 'nulla nunc purus', 'Michelia champaca L.', 'morbi quis tortor id nulla ultrices aliquet maecenas leo odio condimentum id luctus', 'LiberoNam.mp3', 'tincidunt eu felis fusce', 'imperdiet', true);
insert into presentations (presentation_id, presentation_name, authors, abstract, documentation, technical_requirements, presentation_type, accepted) values (111, 'dolor sit amet consectetuer', 'Chrysactinia A. Gray', 'lorem ipsum dolor sit amet consectetuer adipiscing elit proin interdum mauris non', 'Magna.txt', 'dapibus', 'sem', true);
insert into presentations (presentation_id, presentation_name, authors, abstract, documentation, technical_requirements, presentation_type, accepted) values (112, 'molestie', 'Juncus leiospermus F.J. Herm.', 'mattis nibh ligula nec sem duis aliquam convallis nunc proin at', 'SapienCumSociis.mp3', 'sapien placerat', 'eros', true);
insert into presentations (presentation_id, presentation_name, authors, abstract, documentation, technical_requirements, presentation_type, accepted) values (113, 'molestie', 'Verbena rigida Spreng.', 'maecenas rhoncus aliquam lacus morbi quis tortor id nulla ultrices aliquet maecenas', 'RisusSemperPorta.xls', '', 'arcu', true);
insert into presentations (presentation_id, presentation_name, authors, abstract, documentation, technical_requirements, presentation_type, accepted) values (114, 'nec dui luctus rutrum', 'Aletris L.', 'mi pede malesuada in imperdiet et commodo vulputate justo in blandit ultrices enim', 'ErosElementumPellentesque.avi', 'in eleifend quam a odio', 'vivamus', false);
insert into presentations (presentation_id, presentation_name, authors, abstract, documentation, technical_requirements, presentation_type, accepted) values (115, 'enim sit amet nunc', 'Imperata cylindrica (L.) P. Beauv.', 'nibh in hac habitasse platea dictumst aliquam augue quam sollicitudin vitae consectetuer eget rutrum', 'IdConsequatIn.doc', '', 'turpis', false);
insert into presentations (presentation_id, presentation_name, authors, abstract, documentation, technical_requirements, presentation_type, accepted) values (116, 'ante ipsum primis', 'Melampyrum L.', 'volutpat erat quisque erat eros viverra eget congue eget semper', 'OdioCondimentumId.png', '', 'phasellus', false);
insert into presentations (presentation_id, presentation_name, authors, abstract, documentation, technical_requirements, presentation_type, accepted) values (117, 'at turpis a pede', 'Festuca ovina L.', 'varius integer ac leo pellentesque ultrices mattis odio donec vitae', 'Primis.jpeg', 'amet consectetuer adipiscing elit', 'aliquam', false);
insert into presentations (presentation_id, presentation_name, authors, abstract, documentation, technical_requirements, presentation_type, accepted) values (118, 'sed magna at', 'Balsamorhiza deltoidea Nutt.', 'amet erat nulla tempus vivamus in felis eu sapien cursus vestibulum proin', 'PorttitorPede.doc', 'tellus nulla', 'parturient', true);
insert into presentations (presentation_id, presentation_name, authors, abstract, documentation, technical_requirements, presentation_type, accepted) values (119, 'sapien ut nunc vestibulum', 'Maianthemum dilatatum (Alph. Wood) A. Nelson & J.F. Macbr.', 'sed tristique in tempus sit amet sem fusce consequat nulla nisl nunc nisl', 'DiamNeque.tiff', 'sapien cum', 'eu', true);
insert into presentations (presentation_id, presentation_name, authors, abstract, documentation, technical_requirements, presentation_type, accepted) values (120, 'diam', 'Aframomum Schum.', 'libero nullam sit amet turpis elementum ligula vehicula consequat morbi a ipsum', 'Ut.avi', 'vestibulum eget vulputate ut ultrices', 'sed', true);
insert into presentations (presentation_id, presentation_name, authors, abstract, documentation, technical_requirements, presentation_type, accepted) values (121, 'eros suspendisse', 'Cyperus esculentus L. var. esculentus L. [excluded]', 'cursus vestibulum proin eu mi nulla ac enim in tempor turpis nec euismod scelerisque quam', 'TurpisAdipiscing.ppt', '', 'donec', false);
insert into presentations (presentation_id, presentation_name, authors, abstract, documentation, technical_requirements, presentation_type, accepted) values (122, 'ipsum ac tellus semper', 'Hyperbaena Miers ex Benth.', 'fermentum justo nec condimentum neque sapien placerat ante nulla justo aliquam', 'JustoEu.mp3', 'convallis morbi', 'augue', true);
insert into presentations (presentation_id, presentation_name, authors, abstract, documentation, technical_requirements, presentation_type, accepted) values (123, 'consequat', 'Caloplaca saxifragarum Poelt', 'elementum in hac habitasse platea dictumst morbi vestibulum velit id pretium iaculis', 'VestibulumAnte.pdf', 'quam sollicitudin vitae consectetuer eget', 'sapien', true);
insert into presentations (presentation_id, presentation_name, authors, abstract, documentation, technical_requirements, presentation_type, accepted) values (124, 'et magnis dis parturient', 'Carex albonigra Mack.', 'gravida sem praesent id massa id nisl venenatis lacinia aenean sit amet justo morbi', 'Integer.jpeg', 'aenean lectus pellentesque eget nunc', 'pede', true);
insert into presentations (presentation_id, presentation_name, authors, abstract, documentation, technical_requirements, presentation_type, accepted) values (125, 'elit', 'Melampyrum lineare Desr. var. pectinatum (Pennell) Fernald', 'dis parturient montes nascetur ridiculus mus vivamus vestibulum sagittis sapien cum sociis', 'Duis.xls', 'lacinia', 'lorem', false);
insert into presentations (presentation_id, presentation_name, authors, abstract, documentation, technical_requirements, presentation_type, accepted) values (126, 'eu', 'Cerastium fastigiatum Greene', 'purus aliquet at feugiat non pretium quis lectus suspendisse potenti in eleifend quam a', 'DapibusAugue.png', '', 'consequat', true);
insert into presentations (presentation_id, presentation_name, authors, abstract, documentation, technical_requirements, presentation_type, accepted) values (127, 'nulla suscipit ligula in', 'Lindernia All.', 'dapibus duis at velit eu est congue elementum in hac', 'ElitSodales.mp3', 'placerat ante nulla justo aliquam', 'odio', true);
insert into presentations (presentation_id, presentation_name, authors, abstract, documentation, technical_requirements, presentation_type, accepted) values (128, 'sapien', 'Carex manhartii Bryson', 'curabitur convallis duis consequat dui nec nisi volutpat eleifend donec ut dolor morbi vel lectus', 'EtiamJustoEtiam.ppt', 'consectetuer eget rutrum', 'odio', false);
insert into presentations (presentation_id, presentation_name, authors, abstract, documentation, technical_requirements, presentation_type, accepted) values (129, 'posuere', 'Convolvulus wallichianus Spreng.', 'porta volutpat quam pede lobortis ligula sit amet eleifend pede', 'VelSem.ppt', 'sem', 'volutpat', false);
insert into presentations (presentation_id, presentation_name, authors, abstract, documentation, technical_requirements, presentation_type, accepted) values (130, 'vel', 'Sonchus asper (L.) Hill', 'amet justo morbi ut odio cras mi pede malesuada in imperdiet', 'PorttitorPedeJusto.avi', '', 'consectetuer', false);
insert into presentations (presentation_id, presentation_name, authors, abstract, documentation, technical_requirements, presentation_type, accepted) values (131, 'sodales sed tincidunt eu', 'Lesquerella parviflora Rollins', 'rutrum nulla nunc purus phasellus in felis donec semper sapien', 'Eros.ppt', 'vestibulum ante ipsum primis', 'blandit', false);
insert into presentations (presentation_id, presentation_name, authors, abstract, documentation, technical_requirements, presentation_type, accepted) values (132, 'consectetuer', 'Galium porrigens Dempster var. porrigens', 'tempus vel pede morbi porttitor lorem id ligula suspendisse ornare', 'ElitAcNulla.png', 'quam turpis', 'montes', true);
insert into presentations (presentation_id, presentation_name, authors, abstract, documentation, technical_requirements, presentation_type, accepted) values (133, 'diam', 'Ludwigia lanceolata Elliott', 'risus praesent lectus vestibulum quam sapien varius ut blandit non interdum in ante vestibulum ante', 'VivamusIn.jpeg', 'sit amet diam', 'ac', true);
insert into presentations (presentation_id, presentation_name, authors, abstract, documentation, technical_requirements, presentation_type, accepted) values (134, 'quam fringilla rhoncus mauris', 'Rhizocarpon subgeminatum Eitner', 'ultrices libero non mattis pulvinar nulla pede ullamcorper augue a suscipit nulla', 'Nam.mov', 'at vulputate vitae nisl aenean', 'varius', false);
insert into presentations (presentation_id, presentation_name, authors, abstract, documentation, technical_requirements, presentation_type, accepted) values (135, 'duis', 'Ehrharta villosa Schult. f.', 'porttitor lacus at turpis donec posuere metus vitae ipsum aliquam non mauris morbi non', 'NamCongueRisus.ppt', 'sem praesent id massa', 'dui', true);
insert into presentations (presentation_id, presentation_name, authors, abstract, documentation, technical_requirements, presentation_type, accepted) values (136, 'aliquam', 'Tephroseris kjellmanii (A.E. Porsild) Holub', 'elementum pellentesque quisque porta volutpat erat quisque erat eros viverra eget congue eget semper rutrum', 'EtMagnisDis.doc', 'lacinia', 'eget', true);
insert into presentations (presentation_id, presentation_name, authors, abstract, documentation, technical_requirements, presentation_type, accepted) values (137, 'metus vitae ipsum aliquam', 'Kalmia latifolia L.', 'turpis nec euismod scelerisque quam turpis adipiscing lorem vitae mattis nibh', 'QuisquePorta.xls', 'et', 'tellus', true);
insert into presentations (presentation_id, presentation_name, authors, abstract, documentation, technical_requirements, presentation_type, accepted) values (138, 'eget', 'Oryctes nevadensis S. Watson', 'orci vehicula condimentum curabitur in libero ut massa volutpat convallis morbi odio', 'Nibh.pdf', 'luctus', 'justo', false);
insert into presentations (presentation_id, presentation_name, authors, abstract, documentation, technical_requirements, presentation_type, accepted) values (139, 'suscipit nulla elit', 'Geranium kauaiense (Rock) H. St. John', 'lacus curabitur at ipsum ac tellus semper interdum mauris ullamcorper', 'DuisAtVelit.jpeg', 'nonummy maecenas', 'bibendum', false);
insert into presentations (presentation_id, presentation_name, authors, abstract, documentation, technical_requirements, presentation_type, accepted) values (140, 'nullam sit amet turpis', 'Pilea krugii Urb.', 'velit id pretium iaculis diam erat fermentum justo nec condimentum neque sapien', 'MolestieSed.mp3', 'faucibus orci luctus', 'cursus', true);
insert into presentations (presentation_id, presentation_name, authors, abstract, documentation, technical_requirements, presentation_type, accepted) values (141, 'tempor turpis nec euismod', 'Panicum antidotale Retz.', 'posuere cubilia curae donec pharetra magna vestibulum aliquet ultrices erat tortor sollicitudin mi sit amet', 'Eget.mov', '', 'volutpat', true);
insert into presentations (presentation_id, presentation_name, authors, abstract, documentation, technical_requirements, presentation_type, accepted) values (142, 'sodales scelerisque mauris sit', 'Arthonia complanata Fe', 'ultrices aliquet maecenas leo odio condimentum id luctus nec molestie sed', 'VariusNulla.avi', 'at nibh in', 'felis', false);
insert into presentations (presentation_id, presentation_name, authors, abstract, documentation, technical_requirements, presentation_type, accepted) values (143, 'parturient montes nascetur ridiculus', 'Zinnia maritima Kunth var. palmeri (A. Gray) B.L. Turner', 'non sodales sed tincidunt eu felis fusce posuere felis sed lacus morbi sem mauris', 'NislNunc.gif', 'pretium nisl', 'imperdiet', true);
insert into presentations (presentation_id, presentation_name, authors, abstract, documentation, technical_requirements, presentation_type, accepted) values (144, 'sed interdum venenatis', 'Pellaea lyngholmii Windham', 'ultrices posuere cubilia curae mauris viverra diam vitae quam suspendisse', 'Sed.jpeg', 'sem fusce consequat nulla', 'mauris', true);
insert into presentations (presentation_id, presentation_name, authors, abstract, documentation, technical_requirements, presentation_type, accepted) values (145, 'in faucibus orci luctus', 'Sphaeralcea pedatifida (A. Gray) A. Gray', 'sapien cum sociis natoque penatibus et magnis dis parturient montes nascetur ridiculus mus etiam', 'InterdumVenenatisTurpis.avi', '', 'donec', false);
insert into presentations (presentation_id, presentation_name, authors, abstract, documentation, technical_requirements, presentation_type, accepted) values (146, 'suscipit nulla elit', 'Sparganium emersum Rehmann', 'rutrum at lorem integer tincidunt ante vel ipsum praesent blandit lacinia erat vestibulum', 'SuspendissePotentiCras.jpeg', 'convallis eget eleifend luctus', 'volutpat', true);
insert into presentations (presentation_id, presentation_name, authors, abstract, documentation, technical_requirements, presentation_type, accepted) values (147, 'neque vestibulum', 'Helminthostachys Kaulf.', 'ante ipsum primis in faucibus orci luctus et ultrices posuere cubilia curae mauris viverra diam', 'AugueQuam.avi', 'ac leo pellentesque ultrices mattis', 'eget', true);
insert into presentations (presentation_id, presentation_name, authors, abstract, documentation, technical_requirements, presentation_type, accepted) values (148, 'viverra eget', 'Tetrapanax papyrifer (Hook.) K. Koch', 'rhoncus dui vel sem sed sagittis nam congue risus semper porta volutpat quam pede lobortis', 'VelEstDonec.ppt', 'et commodo', 'vestibulum', true);
insert into presentations (presentation_id, presentation_name, authors, abstract, documentation, technical_requirements, presentation_type, accepted) values (149, 'lacus morbi', 'Azolla caroliniana Willd.', 'feugiat et eros vestibulum ac est lacinia nisi venenatis tristique fusce', 'Feugiat.ppt', 'curae mauris viverra diam vitae', 'pede', true);
insert into presentations (presentation_id, presentation_name, authors, abstract, documentation, technical_requirements, presentation_type, accepted) values (150, 'rhoncus dui', 'Agrostis elliottiana Schult.', 'a nibh in quis justo maecenas rhoncus aliquam lacus morbi quis tortor id', 'Lectus.gif', '', 'nisi', false);
insert into presentations (presentation_id, presentation_name, authors, abstract, documentation, technical_requirements, presentation_type, accepted) values (151, 'commodo vulputate justo in', 'Philodendron hederaceum (Jacq.) Schott var. hederaceum', 'elementum ligula vehicula consequat morbi a ipsum integer a nibh in quis justo maecenas rhoncus', 'EuTinciduntIn.jpeg', 'integer ac', 'quis', true);
insert into presentations (presentation_id, presentation_name, authors, abstract, documentation, technical_requirements, presentation_type, accepted) values (152, 'quis', 'Astragalus hoodianus Howell', 'tristique fusce congue diam id ornare imperdiet sapien urna pretium nisl ut volutpat sapien', 'PlaceratPraesentBlandit.jpeg', 'hac habitasse platea dictumst morbi', 'donec', true);
insert into presentations (presentation_id, presentation_name, authors, abstract, documentation, technical_requirements, presentation_type, accepted) values (153, 'faucibus orci luctus et', 'Rubus probabilis L.H. Bailey', 'posuere felis sed lacus morbi sem mauris laoreet ut rhoncus aliquet pulvinar', 'UtErat.txt', 'leo pellentesque ultrices', 'hendrerit', true);
insert into presentations (presentation_id, presentation_name, authors, abstract, documentation, technical_requirements, presentation_type, accepted) values (154, 'pellentesque', 'Lathyrus inconspicuus L.', 'nisl nunc nisl duis bibendum felis sed interdum venenatis turpis', 'PedeJusto.xls', 'justo', 'erat', false);
insert into presentations (presentation_id, presentation_name, authors, abstract, documentation, technical_requirements, presentation_type, accepted) values (155, 'in', 'Sicyos waimanaloensis H. St. John', 'tempus sit amet sem fusce consequat nulla nisl nunc nisl duis bibendum felis sed', 'Quis.tiff', '', 'at', false);
insert into presentations (presentation_id, presentation_name, authors, abstract, documentation, technical_requirements, presentation_type, accepted) values (156, 'eros vestibulum', 'Delphinium antoninum Eastw.', 'consequat lectus in est risus auctor sed tristique in tempus sit amet', 'TortorRisusDapibus.png', 'primis in faucibus', 'mi', false);
insert into presentations (presentation_id, presentation_name, authors, abstract, documentation, technical_requirements, presentation_type, accepted) values (157, 'in quam fringilla rhoncus', 'Cyperus retroflexus Buckley', 'quis turpis eget elit sodales scelerisque mauris sit amet eros suspendisse accumsan tortor', 'Libero.ppt', 'nulla', 'pellentesque', true);
insert into presentations (presentation_id, presentation_name, authors, abstract, documentation, technical_requirements, presentation_type, accepted) values (158, 'lectus suspendisse potenti in', 'Flavopunctelia darrowi (J.W. Thomson) Hale', 'quam sapien varius ut blandit non interdum in ante vestibulum ante ipsum primis in faucibus', 'Sollicitudin.jpeg', 'id mauris', 'praesent', true);
insert into presentations (presentation_id, presentation_name, authors, abstract, documentation, technical_requirements, presentation_type, accepted) values (159, 'sed sagittis', 'Lecanora cadubriae (A. Massal.) Hedl.', 'orci luctus et ultrices posuere cubilia curae mauris viverra diam vitae', 'CubiliaCurae.tiff', 'justo aliquam quis turpis', 'tincidunt', true);
insert into presentations (presentation_id, presentation_name, authors, abstract, documentation, technical_requirements, presentation_type, accepted) values (160, 'eget rutrum at lorem', 'Alectoria fallacina Mot.', 'sit amet consectetuer adipiscing elit proin risus praesent lectus vestibulum', 'PorttitorLorem.jpeg', 'magnis dis parturient montes', 'id', true);
insert into presentations (presentation_id, presentation_name, authors, abstract, documentation, technical_requirements, presentation_type, accepted) values (161, 'eros vestibulum ac', 'Coelorachis tuberculosa (Nash) Nash', 'nec condimentum neque sapien placerat ante nulla justo aliquam quis turpis eget elit', 'SitAmetNunc.pdf', 'sem fusce consequat nulla', 'turpis', false);
insert into presentations (presentation_id, presentation_name, authors, abstract, documentation, technical_requirements, presentation_type, accepted) values (162, 'risus auctor', 'Eubotrys recurvus (Buckley) Britton', 'elementum eu interdum eu tincidunt in leo maecenas pulvinar lobortis est phasellus sit amet', 'CuraeDonecPharetra.mp3', '', 'fermentum', false);
insert into presentations (presentation_id, presentation_name, authors, abstract, documentation, technical_requirements, presentation_type, accepted) values (163, 'est donec odio justo', 'Rhododon angulatus (Tharp) B.L. Turner', 'justo morbi ut odio cras mi pede malesuada in imperdiet et commodo', 'TortorSollicitudinMi.gif', 'amet erat nulla', 'maecenas', true);
insert into presentations (presentation_id, presentation_name, authors, abstract, documentation, technical_requirements, presentation_type, accepted) values (164, 'ultrices phasellus', 'Gesneria cuneifolia (DC.) Fritsch', 'nulla tempus vivamus in felis eu sapien cursus vestibulum proin eu mi nulla', 'A.mp3', 'quam pede lobortis', 'varius', true);
insert into presentations (presentation_id, presentation_name, authors, abstract, documentation, technical_requirements, presentation_type, accepted) values (165, 'vestibulum', 'Lycopodium venustulum Gaudich. var. verticale W.H. Wagner', 'sapien cursus vestibulum proin eu mi nulla ac enim in tempor turpis nec euismod scelerisque', 'AcNeque.avi', 'consequat ut nulla', 'convallis', true);
insert into presentations (presentation_id, presentation_name, authors, abstract, documentation, technical_requirements, presentation_type, accepted) values (166, 'posuere', 'Ulex L.', 'aliquam sit amet diam in magna bibendum imperdiet nullam orci pede', 'Ut.xls', '', 'tellus', true);
insert into presentations (presentation_id, presentation_name, authors, abstract, documentation, technical_requirements, presentation_type, accepted) values (167, 'id', 'Pennisetum orientale (Willd.) Rich.', 'massa volutpat convallis morbi odio odio elementum eu interdum eu tincidunt in leo maecenas', 'Dolor.mp3', 'nulla tempus vivamus in', 'amet', true);
insert into presentations (presentation_id, presentation_name, authors, abstract, documentation, technical_requirements, presentation_type, accepted) values (168, 'magna ac consequat', 'Tidestromia carnosa (Steyerm.) I.M. Johnst.', 'eget semper rutrum nulla nunc purus phasellus in felis donec semper sapien', 'VehiculaCondimentumCurabitur.xls', 'posuere', 'tortor', true);
insert into presentations (presentation_id, presentation_name, authors, abstract, documentation, technical_requirements, presentation_type, accepted) values (169, 'faucibus orci', 'Hypericum chapmanii P. Adams', 'ultricies eu nibh quisque id justo sit amet sapien dignissim', 'Tristique.pdf', 'posuere cubilia curae', 'proin', false);
insert into presentations (presentation_id, presentation_name, authors, abstract, documentation, technical_requirements, presentation_type, accepted) values (170, 'aliquet ultrices', 'Phacelia lutea (Hook. & Arn.) J.T. Howell', 'sed vestibulum sit amet cursus id turpis integer aliquet massa id lobortis convallis tortor', 'MusVivamusVestibulum.ppt', 'dolor sit amet', 'eu', false);
insert into presentations (presentation_id, presentation_name, authors, abstract, documentation, technical_requirements, presentation_type, accepted) values (171, 'sapien cursus', 'Gaura macrocarpa Rothr.', 'accumsan felis ut at dolor quis odio consequat varius integer ac', 'OrciLuctus.xls', 'volutpat quam pede lobortis', 'justo', false);
insert into presentations (presentation_id, presentation_name, authors, abstract, documentation, technical_requirements, presentation_type, accepted) values (172, 'aliquet', 'Viburnum lentago L.', 'semper sapien a libero nam dui proin leo odio porttitor id consequat', 'Consectetuer.doc', 'purus sit amet nulla', 'eget', false);
insert into presentations (presentation_id, presentation_name, authors, abstract, documentation, technical_requirements, presentation_type, accepted) values (173, 'risus auctor sed tristique', 'Palafoxia reverchonii (Bush) Cory', 'suspendisse potenti nullam porttitor lacus at turpis donec posuere metus vitae', 'UtAtDolor.jpeg', 'sit amet lobortis sapien sapien', 'cum', false);
insert into presentations (presentation_id, presentation_name, authors, abstract, documentation, technical_requirements, presentation_type, accepted) values (174, 'tellus in', 'Erigeron strigosus Muhl. ex Willd. var. calcicola J. Allison', 'nulla tempus vivamus in felis eu sapien cursus vestibulum proin', 'Etiam.mp3', 'quisque', 'nunc', false);
insert into presentations (presentation_id, presentation_name, authors, abstract, documentation, technical_requirements, presentation_type, accepted) values (175, 'lacus curabitur', 'Pyrenula pseudobufonia (Rehm) R.C. Harris', 'nibh quisque id justo sit amet sapien dignissim vestibulum vestibulum ante', 'Semper.ppt', 'dictumst morbi vestibulum velit', 'nunc', false);
insert into presentations (presentation_id, presentation_name, authors, abstract, documentation, technical_requirements, presentation_type, accepted) values (176, 'felis fusce', 'Malacothrix saxatilis (Nutt.) Torr. & A. Gray var. tenuifolia (Nutt.) A. Gray', 'in tempus sit amet sem fusce consequat nulla nisl nunc nisl duis bibendum felis', 'PedePosuereNonummy.tiff', 'viverra', 'integer', true);
insert into presentations (presentation_id, presentation_name, authors, abstract, documentation, technical_requirements, presentation_type, accepted) values (177, 'augue luctus tincidunt', 'Douglasia nivalis Lindl.', 'mauris sit amet eros suspendisse accumsan tortor quis turpis sed ante vivamus tortor duis', 'Eleifend.ppt', 'ultrices libero non', 'nulla', false);
insert into presentations (presentation_id, presentation_name, authors, abstract, documentation, technical_requirements, presentation_type, accepted) values (178, 'id justo sit', 'Lilium occidentale Purdy', 'vestibulum ante ipsum primis in faucibus orci luctus et ultrices', 'Suscipit.mp3', 'potenti in eleifend', 'sit', true);
insert into presentations (presentation_id, presentation_name, authors, abstract, documentation, technical_requirements, presentation_type, accepted) values (179, 'mauris morbi non', 'Tillandsia balbisiana Schult. & Schult. f.', 'morbi odio odio elementum eu interdum eu tincidunt in leo maecenas pulvinar lobortis est', 'Quisque.avi', 'ac', 'ante', true);
insert into presentations (presentation_id, presentation_name, authors, abstract, documentation, technical_requirements, presentation_type, accepted) values (180, 'mi nulla ac', 'Camissonia heterochroma (S. Watson) P.H. Raven', 'vitae ipsum aliquam non mauris morbi non lectus aliquam sit amet diam in magna bibendum', 'EnimIn.mp3', 'ipsum aliquam non', 'vehicula', true);
insert into presentations (presentation_id, presentation_name, authors, abstract, documentation, technical_requirements, presentation_type, accepted) values (181, 'lobortis', 'Senna pilosior (B.L. Rob. ex J.F. Macbr.) Irwin & Barneby', 'eget nunc donec quis orci eget orci vehicula condimentum curabitur', 'Curabitur.xls', '', 'ultrices', true);
insert into presentations (presentation_id, presentation_name, authors, abstract, documentation, technical_requirements, presentation_type, accepted) values (182, 'sit amet cursus', 'Polygonum hydropiper L.', 'augue aliquam erat volutpat in congue etiam justo etiam pretium iaculis justo in hac habitasse', 'VivamusTortor.pdf', 'augue vestibulum rutrum rutrum', 'a', false);
insert into presentations (presentation_id, presentation_name, authors, abstract, documentation, technical_requirements, presentation_type, accepted) values (183, 'dictumst etiam faucibus', 'Anthemis tinctoria L.', 'consectetuer adipiscing elit proin risus praesent lectus vestibulum quam sapien varius ut blandit', 'Molestie.xls', 'amet eleifend pede libero', 'ligula', false);
insert into presentations (presentation_id, presentation_name, authors, abstract, documentation, technical_requirements, presentation_type, accepted) values (184, 'nibh in hac', 'Carex arctophila F. Nyl.', 'volutpat sapien arcu sed augue aliquam erat volutpat in congue etiam justo etiam pretium', 'CuraeNullaDapibus.doc', 'ante ipsum primis in faucibus', 'dapibus', false);
insert into presentations (presentation_id, presentation_name, authors, abstract, documentation, technical_requirements, presentation_type, accepted) values (185, 'elementum', 'Lycopodium habereri House', 'pellentesque eget nunc donec quis orci eget orci vehicula condimentum curabitur', 'JustoPellentesqueViverra.xls', 'est phasellus sit', 'mattis', false);
insert into presentations (presentation_id, presentation_name, authors, abstract, documentation, technical_requirements, presentation_type, accepted) values (186, 'pulvinar sed nisl', 'Portulaca suffrutescens Engelm.', 'platea dictumst maecenas ut massa quis augue luctus tincidunt nulla mollis molestie', 'Orci.ppt', 'sollicitudin mi', 'consequat', true);
insert into presentations (presentation_id, presentation_name, authors, abstract, documentation, technical_requirements, presentation_type, accepted) values (187, 'praesent id massa id', 'Phaeocalicium A.F.W. Schmidt', 'interdum in ante vestibulum ante ipsum primis in faucibus orci luctus et ultrices posuere', 'AdipiscingLoremVitae.xls', 'habitasse platea', 'lorem', false);
insert into presentations (presentation_id, presentation_name, authors, abstract, documentation, technical_requirements, presentation_type, accepted) values (188, 'orci eget', 'Kiaeria blyttii (Schimp.) Broth.', 'ac nibh fusce lacus purus aliquet at feugiat non pretium', 'Morbi.ppt', 'molestie lorem quisque', 'donec', true);
insert into presentations (presentation_id, presentation_name, authors, abstract, documentation, technical_requirements, presentation_type, accepted) values (189, 'habitasse', 'Wolffia brasiliensis Weddell', 'pretium quis lectus suspendisse potenti in eleifend quam a odio in hac habitasse', 'AliquamLacus.avi', 'tortor duis mattis', 'feugiat', true);
insert into presentations (presentation_id, presentation_name, authors, abstract, documentation, technical_requirements, presentation_type, accepted) values (190, 'iaculis diam erat', 'Calandrinia Kunth', 'sapien ut nunc vestibulum ante ipsum primis in faucibus orci luctus et ultrices', 'AliquamNonMauris.jpeg', 'donec ut mauris', 'lectus', true);
insert into presentations (presentation_id, presentation_name, authors, abstract, documentation, technical_requirements, presentation_type, accepted) values (191, 'quam', 'Eugenia earhartii Acev.-Rodr.', 'amet consectetuer adipiscing elit proin interdum mauris non ligula pellentesque ultrices phasellus id sapien', 'Dictumst.avi', 'facilisi', 'in', true);
insert into presentations (presentation_id, presentation_name, authors, abstract, documentation, technical_requirements, presentation_type, accepted) values (192, 'vulputate', 'Musineon divaricatum (Pursh) Raf.', 'pellentesque eget nunc donec quis orci eget orci vehicula condimentum curabitur in', 'NislNuncNisl.jpeg', 'magna', 'ultrices', true);
insert into presentations (presentation_id, presentation_name, authors, abstract, documentation, technical_requirements, presentation_type, accepted) values (193, 'sagittis dui vel', 'Selaginella rupincola Underw.', 'lectus pellentesque at nulla suspendisse potenti cras in purus eu magna', 'Sit.mov', 'tristique', 'convallis', false);
insert into presentations (presentation_id, presentation_name, authors, abstract, documentation, technical_requirements, presentation_type, accepted) values (194, 'a suscipit', 'Elaeagnus commutata Bernh. ex Rydb.', 'integer pede justo lacinia eget tincidunt eget tempus vel pede', 'TinciduntEget.ppt', 'vestibulum sagittis', 'non', false);
insert into presentations (presentation_id, presentation_name, authors, abstract, documentation, technical_requirements, presentation_type, accepted) values (195, 'rutrum nulla', 'Trichostema setaceum Houtt.', 'dapibus augue vel accumsan tellus nisi eu orci mauris lacinia sapien', 'Commodo.doc', 'praesent blandit nam nulla integer', 'rutrum', false);
insert into presentations (presentation_id, presentation_name, authors, abstract, documentation, technical_requirements, presentation_type, accepted) values (196, 'vestibulum ante ipsum primis', 'Castilleja arachnoidea Greenm.', 'rutrum nulla tellus in sagittis dui vel nisl duis ac nibh fusce lacus', 'ViverraDapibusNulla.png', 'justo sollicitudin', 'nibh', false);
insert into presentations (presentation_id, presentation_name, authors, abstract, documentation, technical_requirements, presentation_type, accepted) values (197, 'nulla suscipit ligula', 'Fritillaria recurva Benth.', 'tempor convallis nulla neque libero convallis eget eleifend luctus ultricies eu nibh quisque id', 'TortorQuis.pdf', 'blandit ultrices enim lorem', 'luctus', true);
insert into presentations (presentation_id, presentation_name, authors, abstract, documentation, technical_requirements, presentation_type, accepted) values (198, 'nibh', 'Oxytropis borealis DC. var. viscida (Nutt.) S.L. Welsh', 'a suscipit nulla elit ac nulla sed vel enim sit amet nunc viverra dapibus nulla', 'EleifendQuam.avi', 'id', 'duis', false);
insert into presentations (presentation_id, presentation_name, authors, abstract, documentation, technical_requirements, presentation_type, accepted) values (199, 'mauris', 'Symphyotrichum patens (Aiton) G.L. Nesom var. patens', 'ut at dolor quis odio consequat varius integer ac leo', 'OrciMauris.xls', 'eget semper rutrum', 'id', true);
insert into presentations (presentation_id, presentation_name, authors, abstract, documentation, technical_requirements, presentation_type, accepted) values (200, 'enim sit', 'Carex prairea Dewey ex Alph. Wood', 'platea dictumst maecenas ut massa quis augue luctus tincidunt nulla', 'Ut.ppt', 'vel dapibus at', 'parturient', false);
insert into presentations (presentation_id, presentation_name, authors, abstract, documentation, technical_requirements, presentation_type, accepted) values (201, 'ut dolor morbi', 'Crassula drummondii (Torr. & A. Gray) Fedde', 'diam vitae quam suspendisse potenti nullam porttitor lacus at turpis', 'NuncPurus.ppt', 'cubilia curae', 'magna', false);
insert into presentations (presentation_id, presentation_name, authors, abstract, documentation, technical_requirements, presentation_type, accepted) values (202, 'faucibus orci luctus', 'Nymphaea ampla (Salisb.) DC.', 'maecenas pulvinar lobortis est phasellus sit amet erat nulla tempus vivamus in felis eu sapien', 'ConvallisDuisConsequat.ppt', 'sem duis', 'luctus', true);
insert into presentations (presentation_id, presentation_name, authors, abstract, documentation, technical_requirements, presentation_type, accepted) values (203, 'curae donec pharetra', 'Tabernaemontana citrifolia L.', 'posuere cubilia curae nulla dapibus dolor vel est donec odio justo sollicitudin', 'LuctusTinciduntNulla.pdf', 'dapibus dolor', 'ridiculus', false);
insert into presentations (presentation_id, presentation_name, authors, abstract, documentation, technical_requirements, presentation_type, accepted) values (204, 'in hac', 'Bebbia juncea (Benth.) Greene var. aspera (Benth.) Greene', 'ligula sit amet eleifend pede libero quis orci nullam molestie nibh in lectus pellentesque at', 'EuismodScelerisqueQuam.png', 'vestibulum rutrum rutrum neque', 'lacus', false);
insert into presentations (presentation_id, presentation_name, authors, abstract, documentation, technical_requirements, presentation_type, accepted) values (205, 'aenean sit', 'Claytonia perfoliata Donn ex Willd. ssp. intermontana John M. Mill. & K.L. Chambers', 'eros suspendisse accumsan tortor quis turpis sed ante vivamus tortor', 'PrimisIn.ppt', 'pretium', 'mauris', true);
insert into presentations (presentation_id, presentation_name, authors, abstract, documentation, technical_requirements, presentation_type, accepted) values (206, 'lacinia', 'Jatropha cinerea (Ortega) Mll. Arg.', 'in est risus auctor sed tristique in tempus sit amet sem fusce consequat', 'DuiVelNisl.pdf', '', 'orci', true);
insert into presentations (presentation_id, presentation_name, authors, abstract, documentation, technical_requirements, presentation_type, accepted) values (207, 'potenti in eleifend', 'Dodecatheon pulchellum (Raf.) Merr. ssp. macrocarpum (A. Gray) Roy L. Taylor & MacBryde', 'cursus vestibulum proin eu mi nulla ac enim in tempor turpis nec', 'SitAmetEros.jpeg', 'pede lobortis ligula', 'platea', false);
insert into presentations (presentation_id, presentation_name, authors, abstract, documentation, technical_requirements, presentation_type, accepted) values (208, 'accumsan tellus nisi', 'Festuca paradoxa Desv.', 'justo etiam pretium iaculis justo in hac habitasse platea dictumst etiam faucibus cursus', 'Sem.mp3', 'adipiscing lorem vitae mattis nibh', 'sapien', false);
insert into presentations (presentation_id, presentation_name, authors, abstract, documentation, technical_requirements, presentation_type, accepted) values (209, 'eu nibh quisque id', 'Tournefortia laurifolia Vent.', 'mattis nibh ligula nec sem duis aliquam convallis nunc proin at turpis a pede posuere', 'InFaucibus.doc', 'eget', 'eleifend', false);
insert into presentations (presentation_id, presentation_name, authors, abstract, documentation, technical_requirements, presentation_type, accepted) values (210, 'pede libero quis', 'Dendrophthora serpyllifolia (Griseb.) Krug & Urb.', 'tempus vel pede morbi porttitor lorem id ligula suspendisse ornare consequat lectus in est risus', 'Lobortis.mp3', 'vestibulum ante', 'libero', true);
insert into presentations (presentation_id, presentation_name, authors, abstract, documentation, technical_requirements, presentation_type, accepted) values (211, 'luctus et ultrices', 'Hedyosmum arborescens Sw.', 'mauris non ligula pellentesque ultrices phasellus id sapien in sapien iaculis congue vivamus metus', 'LuctusEt.xls', 'tortor', 'lorem', false);
insert into presentations (presentation_id, presentation_name, authors, abstract, documentation, technical_requirements, presentation_type, accepted) values (212, 'duis bibendum', 'Kerria japonica (L.) DC.', 'mauris ullamcorper purus sit amet nulla quisque arcu libero rutrum ac lobortis vel dapibus', 'MaurisEnimLeo.tiff', 'vel pede morbi', 'etiam', false);
insert into presentations (presentation_id, presentation_name, authors, abstract, documentation, technical_requirements, presentation_type, accepted) values (213, 'urna pretium', 'Castilleja angustifolia (Nutt.) G. Don var. flavescens (Pennell ex Edwin) N.H. Holmgren', 'ridiculus mus vivamus vestibulum sagittis sapien cum sociis natoque penatibus et magnis', 'Ligula.avi', 'ac diam cras', 'odio', false);
insert into presentations (presentation_id, presentation_name, authors, abstract, documentation, technical_requirements, presentation_type, accepted) values (214, 'faucibus orci luctus', 'Symphyotrichum cordifolium (L.) G.L. Nesom', 'habitasse platea dictumst aliquam augue quam sollicitudin vitae consectetuer eget rutrum at lorem', 'EratQuisque.xls', 'at turpis a pede', 'varius', false);
insert into presentations (presentation_id, presentation_name, authors, abstract, documentation, technical_requirements, presentation_type, accepted) values (215, 'ante', 'Psorothamnus fremontii (Torr. ex A. Gray) Barneby', 'ac enim in tempor turpis nec euismod scelerisque quam turpis adipiscing lorem vitae mattis', 'NullaSuscipitLigula.avi', '', 'pellentesque', false);
insert into presentations (presentation_id, presentation_name, authors, abstract, documentation, technical_requirements, presentation_type, accepted) values (216, 'leo rhoncus sed vestibulum', 'Gisekia pharnacioides L.', 'vestibulum quam sapien varius ut blandit non interdum in ante', 'AeneanFermentumDonec.ppt', 'nec nisi volutpat eleifend', 'in', true);
insert into presentations (presentation_id, presentation_name, authors, abstract, documentation, technical_requirements, presentation_type, accepted) values (217, 'ligula pellentesque ultrices', 'Epilobium davuricum Fisch. ex Hornem.', 'in consequat ut nulla sed accumsan felis ut at dolor', 'JustoPellentesqueViverra.avi', '', 'ipsum', false);
insert into presentations (presentation_id, presentation_name, authors, abstract, documentation, technical_requirements, presentation_type, accepted) values (218, 'potenti in eleifend quam', 'Lecanora muralis (Schreb.) Rabenh. var. versicolor (Pers.) Tuck.', 'ut nunc vestibulum ante ipsum primis in faucibus orci luctus et ultrices posuere', 'UltricesLiberoNon.png', 'orci mauris lacinia', 'molestie', true);
insert into presentations (presentation_id, presentation_name, authors, abstract, documentation, technical_requirements, presentation_type, accepted) values (219, 'quam', 'Warnstorfia exannulata (Schimp.) Loeske', 'massa id lobortis convallis tortor risus dapibus augue vel accumsan tellus nisi', 'Leo.mp3', 'justo lacinia', 'odio', false);
insert into presentations (presentation_id, presentation_name, authors, abstract, documentation, technical_requirements, presentation_type, accepted) values (220, 'velit', 'Arctostaphylos hookeri G. Don ssp. ravenii P.V. Wells', 'adipiscing elit proin risus praesent lectus vestibulum quam sapien varius ut', 'SagittisNamCongue.ppt', 'in eleifend quam a', 'dolor', true);
insert into presentations (presentation_id, presentation_name, authors, abstract, documentation, technical_requirements, presentation_type, accepted) values (221, 'porttitor', 'Camissonia campestris (Greene) P.H. Raven ssp. campestris', 'amet eros suspendisse accumsan tortor quis turpis sed ante vivamus', 'IntegerNon.xls', 'vestibulum ante', 'cras', false);
insert into presentations (presentation_id, presentation_name, authors, abstract, documentation, technical_requirements, presentation_type, accepted) values (222, 'consectetuer', 'Trillium pusillum Michx. var. pusillum', 'nec euismod scelerisque quam turpis adipiscing lorem vitae mattis nibh ligula nec sem duis', 'AliquamNon.avi', 'et magnis dis', 'elementum', false);
insert into presentations (presentation_id, presentation_name, authors, abstract, documentation, technical_requirements, presentation_type, accepted) values (223, 'in sagittis', 'Triantha occidentalis (S. Watson) Gates ssp. montana (C.L. Hitchc.) Packer', 'lacus curabitur at ipsum ac tellus semper interdum mauris ullamcorper', 'Ipsum.avi', 'in tempor turpis nec', 'ipsum', false);
insert into presentations (presentation_id, presentation_name, authors, abstract, documentation, technical_requirements, presentation_type, accepted) values (224, 'lorem integer tincidunt ante', 'Scabrethia scabra (Hook.) W.A. Weber', 'cursus id turpis integer aliquet massa id lobortis convallis tortor', 'IntegerNonVelit.gif', '', 'sapien', true);
insert into presentations (presentation_id, presentation_name, authors, abstract, documentation, technical_requirements, presentation_type, accepted) values (225, 'donec ut', 'Lecania groenlandica (Lynge) ?, ined.?', 'pulvinar nulla pede ullamcorper augue a suscipit nulla elit ac nulla sed vel', 'EuMagnaVulputate.avi', 'aliquam', 'posuere', true);
insert into presentations (presentation_id, presentation_name, authors, abstract, documentation, technical_requirements, presentation_type, accepted) values (226, 'morbi', 'Piptatheropsis canadensis (Poir.) Romasch., P.M. Peterson & R.J. Soreng', 'quam fringilla rhoncus mauris enim leo rhoncus sed vestibulum sit amet', 'InConsequatUt.ppt', '', 'massa', false);
insert into presentations (presentation_id, presentation_name, authors, abstract, documentation, technical_requirements, presentation_type, accepted) values (227, 'velit vivamus', 'Iris flavescens Delile', 'dapibus duis at velit eu est congue elementum in hac', 'SitAmet.avi', 'convallis nulla', 'ornare', false);
insert into presentations (presentation_id, presentation_name, authors, abstract, documentation, technical_requirements, presentation_type, accepted) values (228, 'lacus morbi sem mauris', 'Papaver californicum A. Gray', 'faucibus accumsan odio curabitur convallis duis consequat dui nec nisi volutpat eleifend donec ut dolor', 'SitAmetSem.mp3', 'iaculis justo in hac habitasse', 'elementum', false);
insert into presentations (presentation_id, presentation_name, authors, abstract, documentation, technical_requirements, presentation_type, accepted) values (229, 'eget congue eget', 'Astragalus rusbyi Greene', 'fusce consequat nulla nisl nunc nisl duis bibendum felis sed interdum venenatis turpis', 'Dapibus.ppt', 'odio curabitur convallis', 'aenean', false);
insert into presentations (presentation_id, presentation_name, authors, abstract, documentation, technical_requirements, presentation_type, accepted) values (230, 'ante vivamus tortor duis', 'Rosa housei Erlanson (pro sp.)', 'ante vel ipsum praesent blandit lacinia erat vestibulum sed magna at nunc commodo placerat', 'NasceturRidiculusMus.gif', 'aenean sit', 'ut', true);
insert into presentations (presentation_id, presentation_name, authors, abstract, documentation, technical_requirements, presentation_type, accepted) values (231, 'blandit lacinia', 'Cyperus ovatus Baldw.', 'nam nulla integer pede justo lacinia eget tincidunt eget tempus', 'NisiVulputate.gif', 'imperdiet sapien urna pretium', 'faucibus', true);
insert into presentations (presentation_id, presentation_name, authors, abstract, documentation, technical_requirements, presentation_type, accepted) values (232, 'ante vel', 'Rumex alpinus L.', 'faucibus orci luctus et ultrices posuere cubilia curae duis faucibus accumsan odio curabitur', 'Mauris.tiff', 'congue', 'integer', false);
insert into presentations (presentation_id, presentation_name, authors, abstract, documentation, technical_requirements, presentation_type, accepted) values (233, 'libero ut massa volutpat', 'Psychotria L.', 'augue luctus tincidunt nulla mollis molestie lorem quisque ut erat curabitur gravida nisi', 'TellusNisi.mp3', '', 'justo', false);
insert into presentations (presentation_id, presentation_name, authors, abstract, documentation, technical_requirements, presentation_type, accepted) values (234, 'tincidunt', 'Cordylanthus rigidus (Benth.) Jeps. ssp. rigidus', 'vestibulum ante ipsum primis in faucibus orci luctus et ultrices posuere cubilia curae', 'Tellus.jpeg', 'tortor eu pede', 'nascetur', true);
insert into presentations (presentation_id, presentation_name, authors, abstract, documentation, technical_requirements, presentation_type, accepted) values (235, 'ligula vehicula', 'Solidago simplex Kunth ssp. simplex var. nana (A. Gray) Ringius', 'quisque arcu libero rutrum ac lobortis vel dapibus at diam', 'Faucibus.xls', 'turpis enim blandit mi', 'fusce', false);
insert into presentations (presentation_id, presentation_name, authors, abstract, documentation, technical_requirements, presentation_type, accepted) values (236, 'sem duis aliquam convallis', 'Xanthoparmelia isidiascens Hale', 'proin risus praesent lectus vestibulum quam sapien varius ut blandit', 'AtTurpis.mpeg', 'aliquet massa id lobortis', 'interdum', false);
insert into presentations (presentation_id, presentation_name, authors, abstract, documentation, technical_requirements, presentation_type, accepted) values (237, 'et', 'Astragalus lentiginosus Douglas ex Hook. var. albifolius M.E. Jones', 'in consequat ut nulla sed accumsan felis ut at dolor', 'Augue.mp3', 'posuere felis sed', 'commodo', true);
insert into presentations (presentation_id, presentation_name, authors, abstract, documentation, technical_requirements, presentation_type, accepted) values (238, 'primis in faucibus orci', 'Leptocereus (A. Berger) Britton & Rose', 'amet sapien dignissim vestibulum vestibulum ante ipsum primis in faucibus orci luctus et ultrices', 'EstQuam.avi', 'diam', 'sed', false);
insert into presentations (presentation_id, presentation_name, authors, abstract, documentation, technical_requirements, presentation_type, accepted) values (239, 'phasellus in felis', 'Haenianthus Griseb.', 'luctus rutrum nulla tellus in sagittis dui vel nisl duis ac nibh fusce lacus purus', 'VitaeNislAenean.pdf', 'adipiscing', 'velit', true);
insert into presentations (presentation_id, presentation_name, authors, abstract, documentation, technical_requirements, presentation_type, accepted) values (240, 'ligula', 'Haenianthus Griseb.', 'gravida nisi at nibh in hac habitasse platea dictumst aliquam augue quam', 'Mi.jpeg', 'consequat in consequat ut', 'turpis', false);
insert into presentations (presentation_id, presentation_name, authors, abstract, documentation, technical_requirements, presentation_type, accepted) values (241, 'est lacinia', 'Cochlearia officinalis L. [excluded]', 'massa id nisl venenatis lacinia aenean sit amet justo morbi ut odio cras', 'Integer.ppt', 'hendrerit at vulputate vitae nisl', 'etiam', false);
insert into presentations (presentation_id, presentation_name, authors, abstract, documentation, technical_requirements, presentation_type, accepted) values (242, 'posuere felis sed', 'Thuidium allenii Austin', 'proin interdum mauris non ligula pellentesque ultrices phasellus id sapien', 'CurabiturGravida.jpeg', 'at', 'mauris', true);
insert into presentations (presentation_id, presentation_name, authors, abstract, documentation, technical_requirements, presentation_type, accepted) values (243, 'rhoncus', 'Juniperus foetidissima Willd.', 'luctus et ultrices posuere cubilia curae donec pharetra magna vestibulum', 'Diam.mov', 'augue vestibulum ante ipsum primis', 'etiam', true);
insert into presentations (presentation_id, presentation_name, authors, abstract, documentation, technical_requirements, presentation_type, accepted) values (244, 'hac habitasse', 'Cladonia pocillum (Ach.) Grognot', 'justo pellentesque viverra pede ac diam cras pellentesque volutpat dui maecenas tristique', 'UltricesPhasellusId.xls', 'velit eu est congue elementum', 'nibh', false);
insert into presentations (presentation_id, presentation_name, authors, abstract, documentation, technical_requirements, presentation_type, accepted) values (245, 'praesent lectus vestibulum quam', 'Clermontia arborescens (H. Mann) Hillebr. ssp. arborescens', 'erat tortor sollicitudin mi sit amet lobortis sapien sapien non mi integer ac neque', 'AmetSem.tiff', 'massa volutpat convallis', 'justo', true);
insert into presentations (presentation_id, presentation_name, authors, abstract, documentation, technical_requirements, presentation_type, accepted) values (246, 'justo etiam pretium', 'Ricinus L.', 'enim leo rhoncus sed vestibulum sit amet cursus id turpis integer aliquet massa id', 'Semper.tiff', 'quam suspendisse potenti nullam porttitor', 'et', false);
insert into presentations (presentation_id, presentation_name, authors, abstract, documentation, technical_requirements, presentation_type, accepted) values (247, 'rhoncus sed', 'Cladonia subulata (L.) F.H. Wigg.', 'cubilia curae donec pharetra magna vestibulum aliquet ultrices erat tortor sollicitudin mi sit amet lobortis', 'MiPedeMalesuada.ppt', 'scelerisque', 'dictumst', false);
insert into presentations (presentation_id, presentation_name, authors, abstract, documentation, technical_requirements, presentation_type, accepted) values (248, 'arcu', 'Macroptilium lathyroides (L.) Urb. var. lathyroides', 'praesent blandit lacinia erat vestibulum sed magna at nunc commodo placerat praesent blandit nam nulla', 'DuiMaecenasTristique.png', 'in', 'orci', true);
insert into presentations (presentation_id, presentation_name, authors, abstract, documentation, technical_requirements, presentation_type, accepted) values (249, 'ullamcorper augue a', 'Platydesma spathulata (A. Gray) B.C. Stone', 'vel est donec odio justo sollicitudin ut suscipit a feugiat et eros vestibulum', 'NamTristique.xls', 'pede lobortis ligula sit', 'at', true);
insert into presentations (presentation_id, presentation_name, authors, abstract, documentation, technical_requirements, presentation_type, accepted) values (250, 'mi pede', 'Aptenia N.E. Br.', 'turpis sed ante vivamus tortor duis mattis egestas metus aenean fermentum donec ut mauris', 'NonMiInteger.pdf', 'nisl', 'nascetur', false);
insert into presentations (presentation_id, presentation_name, authors, abstract, documentation, technical_requirements, presentation_type, accepted) values (251, 'donec diam', 'Eriastrum wilcoxii (A. Nelson) H. Mason', 'nec euismod scelerisque quam turpis adipiscing lorem vitae mattis nibh ligula nec', 'IdLigula.ppt', 'mi', 'ante', false);
insert into presentations (presentation_id, presentation_name, authors, abstract, documentation, technical_requirements, presentation_type, accepted) values (252, 'purus', 'Cleomella obtusifolia Torr. & Frm.', 'id justo sit amet sapien dignissim vestibulum vestibulum ante ipsum primis in faucibus orci luctus', 'Interdum.xls', 'non', 'metus', true);
insert into presentations (presentation_id, presentation_name, authors, abstract, documentation, technical_requirements, presentation_type, accepted) values (253, 'quis tortor id nulla', 'Leucanthemum Mill.', 'in ante vestibulum ante ipsum primis in faucibus orci luctus et', 'NullaAc.ppt', 'ultrices posuere', 'egestas', false);
insert into presentations (presentation_id, presentation_name, authors, abstract, documentation, technical_requirements, presentation_type, accepted) values (254, 'integer tincidunt ante', 'Ramalina inflata (Hook. f. & Taylor) Hook. f. & Taylor ssp. inflata', 'consequat lectus in est risus auctor sed tristique in tempus sit amet sem fusce consequat', 'NullaIntegerPede.mp3', '', 'faucibus', false);
insert into presentations (presentation_id, presentation_name, authors, abstract, documentation, technical_requirements, presentation_type, accepted) values (255, 'volutpat', 'Arnica nevadensis A. Gray', 'convallis duis consequat dui nec nisi volutpat eleifend donec ut dolor morbi vel', 'IntegerAc.jpeg', 'nunc rhoncus dui vel sem', 'ac', true);
insert into presentations (presentation_id, presentation_name, authors, abstract, documentation, technical_requirements, presentation_type, accepted) values (256, 'tempus sit amet', 'Buxus vahlii Baill.', 'pharetra magna ac consequat metus sapien ut nunc vestibulum ante ipsum', 'Nascetur.mp3', 'posuere nonummy integer', 'sapien', true);
insert into presentations (presentation_id, presentation_name, authors, abstract, documentation, technical_requirements, presentation_type, accepted) values (257, 'luctus cum', 'Amsonia tabernaemontana Walter var. salicifolia (Pursh) Woodson', 'pellentesque volutpat dui maecenas tristique est et tempus semper est quam pharetra', 'UtMassa.ppt', 'amet sapien', 'convallis', false);
insert into presentations (presentation_id, presentation_name, authors, abstract, documentation, technical_requirements, presentation_type, accepted) values (258, 'rhoncus', 'Justicia spicigera Schltdl.', 'vel pede morbi porttitor lorem id ligula suspendisse ornare consequat', 'LigulaIn.tiff', 'pharetra magna vestibulum aliquet', 'pellentesque', false);
insert into presentations (presentation_id, presentation_name, authors, abstract, documentation, technical_requirements, presentation_type, accepted) values (259, 'libero convallis eget eleifend', 'Astragalus atratus S. Watson var. owyheensis (A. Nelson & J.F. Macbr.) M.E. Jones', 'vestibulum sit amet cursus id turpis integer aliquet massa id lobortis convallis', 'NecSemDuis.png', '', 'vestibulum', true);
insert into presentations (presentation_id, presentation_name, authors, abstract, documentation, technical_requirements, presentation_type, accepted) values (260, 'sit amet consectetuer', 'Rosa obtusiuscula Rydb., nom. inq.', 'ut ultrices vel augue vestibulum ante ipsum primis in faucibus orci', 'LectusVestibulumQuam.pdf', 'parturient montes', 'nunc', false);
insert into presentations (presentation_id, presentation_name, authors, abstract, documentation, technical_requirements, presentation_type, accepted) values (261, 'nunc viverra', 'Amblystegium varium (Hedw.) Lindb.', 'et ultrices posuere cubilia curae duis faucibus accumsan odio curabitur convallis duis consequat dui nec', 'UtEratCurabitur.xls', '', 'aenean', false);
insert into presentations (presentation_id, presentation_name, authors, abstract, documentation, technical_requirements, presentation_type, accepted) values (262, 'proin', 'Umbilicaria arctica (Ach.) Nyl.', 'arcu adipiscing molestie hendrerit at vulputate vitae nisl aenean lectus', 'Cubilia.jpeg', 'curabitur in libero ut', 'nam', true);
insert into presentations (presentation_id, presentation_name, authors, abstract, documentation, technical_requirements, presentation_type, accepted) values (263, 'nisl', 'Olsynium douglasii (A. Dietr.) E.P. Bicknell var. douglasii', 'turpis sed ante vivamus tortor duis mattis egestas metus aenean fermentum donec', 'Lacus.xls', 'at', 'amet', true);
insert into presentations (presentation_id, presentation_name, authors, abstract, documentation, technical_requirements, presentation_type, accepted) values (264, 'lacinia erat', 'Amsinckia lycopsoides Lehm.', 'consectetuer adipiscing elit proin interdum mauris non ligula pellentesque ultrices phasellus id sapien', 'MolestieLoremQuisque.avi', 'integer', 'nam', false);
insert into presentations (presentation_id, presentation_name, authors, abstract, documentation, technical_requirements, presentation_type, accepted) values (265, 'amet eros suspendisse accumsan', 'Grindelia decumbens Greene var. decumbens', 'diam vitae quam suspendisse potenti nullam porttitor lacus at turpis', 'LuctusUltricies.ppt', 'rutrum nulla tellus in', 'pede', true);
insert into presentations (presentation_id, presentation_name, authors, abstract, documentation, technical_requirements, presentation_type, accepted) values (266, 'nunc commodo placerat praesent', 'Cuscuta epilinum Weihe', 'magna bibendum imperdiet nullam orci pede venenatis non sodales sed tincidunt eu felis', 'MassaTemporConvallis.ppt', 'posuere felis sed lacus', 'luctus', false);
insert into presentations (presentation_id, presentation_name, authors, abstract, documentation, technical_requirements, presentation_type, accepted) values (267, 'sapien ut', 'Korthalsella v. Tiegh.', 'lacus curabitur at ipsum ac tellus semper interdum mauris ullamcorper purus sit amet nulla quisque', 'NuncProinAt.avi', 'nisl duis bibendum felis sed', 'in', false);
insert into presentations (presentation_id, presentation_name, authors, abstract, documentation, technical_requirements, presentation_type, accepted) values (268, 'nibh fusce lacus purus', 'Arabis aculeolata Greene', 'risus semper porta volutpat quam pede lobortis ligula sit amet eleifend pede libero', 'TellusSemperInterdum.ppt', 'consequat nulla', 'sed', true);
insert into presentations (presentation_id, presentation_name, authors, abstract, documentation, technical_requirements, presentation_type, accepted) values (269, 'dolor sit', 'Cryptocarya mannii Hillebr.', 'phasellus in felis donec semper sapien a libero nam dui proin leo', 'FermentumDonecUt.gif', 'ipsum dolor sit', 'ridiculus', false);
insert into presentations (presentation_id, presentation_name, authors, abstract, documentation, technical_requirements, presentation_type, accepted) values (270, 'ultrices phasellus id', 'Sagittaria ambigua J.G. Sm.', 'nec sem duis aliquam convallis nunc proin at turpis a pede posuere nonummy integer', 'Aenean.jpeg', 'consequat dui', 'semper', false);
insert into presentations (presentation_id, presentation_name, authors, abstract, documentation, technical_requirements, presentation_type, accepted) values (271, 'lectus pellentesque eget', 'Arabis rigidissima Rollins var. demota Rollins', 'libero ut massa volutpat convallis morbi odio odio elementum eu', 'GravidaNisi.mp3', 'vivamus vestibulum sagittis sapien', 'augue', true);
insert into presentations (presentation_id, presentation_name, authors, abstract, documentation, technical_requirements, presentation_type, accepted) values (272, 'vestibulum aliquet', 'Orobanche valida Jeps.', 'amet sapien dignissim vestibulum vestibulum ante ipsum primis in faucibus', 'PedeJustoLacinia.ppt', 'justo morbi ut odio', 'velit', false);
insert into presentations (presentation_id, presentation_name, authors, abstract, documentation, technical_requirements, presentation_type, accepted) values (273, 'in faucibus orci luctus', 'Arthonia tetramera (Stizenb.) Hasse', 'non quam nec dui luctus rutrum nulla tellus in sagittis dui vel', 'Curabitur.doc', '', 'lacus', true);
insert into presentations (presentation_id, presentation_name, authors, abstract, documentation, technical_requirements, presentation_type, accepted) values (274, 'amet cursus id', 'Agoseris glauca (Pursh) Raf. var. monticola (Greene) Q. Jones ex Cronquist', 'nisl nunc rhoncus dui vel sem sed sagittis nam congue risus semper porta', 'PulvinarLobortis.mp3', 'nam dui', 'tellus', true);
insert into presentations (presentation_id, presentation_name, authors, abstract, documentation, technical_requirements, presentation_type, accepted) values (275, 'tellus nulla', 'Stylisma patens (Desr.) Myint ssp. patens', 'ut volutpat sapien arcu sed augue aliquam erat volutpat in congue etiam justo etiam pretium', 'EgetTincidunt.xls', 'quis lectus suspendisse potenti in', 'turpis', true);
insert into presentations (presentation_id, presentation_name, authors, abstract, documentation, technical_requirements, presentation_type, accepted) values (276, 'sollicitudin', 'Psilactis gentryi (Standl.) D. Morgan', 'at dolor quis odio consequat varius integer ac leo pellentesque ultrices mattis odio', 'LobortisEstPhasellus.doc', 'lorem ipsum', 'curabitur', true);
insert into presentations (presentation_id, presentation_name, authors, abstract, documentation, technical_requirements, presentation_type, accepted) values (277, 'vehicula condimentum curabitur in', 'Picea omorika (Pancic) Purk.', 'vel lectus in quam fringilla rhoncus mauris enim leo rhoncus sed vestibulum', 'EnimLeo.mp3', '', 'etiam', false);
insert into presentations (presentation_id, presentation_name, authors, abstract, documentation, technical_requirements, presentation_type, accepted) values (278, 'accumsan odio curabitur convallis', 'Aspidotis (Nutt. ex Hook.) Copeland', 'nulla nunc purus phasellus in felis donec semper sapien a libero nam dui proin leo', 'UtMassaVolutpat.ppt', 'tempus vivamus in felis', 'eu', false);
insert into presentations (presentation_id, presentation_name, authors, abstract, documentation, technical_requirements, presentation_type, accepted) values (279, 'ut odio cras', 'Aliciella latifolia (S. Watson) J.M. Porter ssp. imperialis (S.L. Welsh) J.M. Porter', 'mattis egestas metus aenean fermentum donec ut mauris eget massa tempor convallis nulla neque libero', 'Ante.xls', 'curabitur convallis duis', 'phasellus', false);
insert into presentations (presentation_id, presentation_name, authors, abstract, documentation, technical_requirements, presentation_type, accepted) values (280, 'maecenas ut massa quis', 'Schizaea Sm.', 'cum sociis natoque penatibus et magnis dis parturient montes nascetur ridiculus mus', 'IpsumIntegerA.avi', '', 'justo', false);
insert into presentations (presentation_id, presentation_name, authors, abstract, documentation, technical_requirements, presentation_type, accepted) values (281, 'lectus vestibulum', 'Helicteres jamaicensis Jacq.', 'magna vestibulum aliquet ultrices erat tortor sollicitudin mi sit amet lobortis', 'VelDapibusAt.gif', '', 'platea', true);
insert into presentations (presentation_id, presentation_name, authors, abstract, documentation, technical_requirements, presentation_type, accepted) values (282, 'sagittis nam', 'Physcia stellaris (L.) Nyl.', 'aliquam non mauris morbi non lectus aliquam sit amet diam', 'CondimentumIdLuctus.txt', 'aliquam non mauris morbi', 'sociis', true);
insert into presentations (presentation_id, presentation_name, authors, abstract, documentation, technical_requirements, presentation_type, accepted) values (283, 'nulla sed vel enim', 'Phacelia cicutaria Greene', 'maecenas rhoncus aliquam lacus morbi quis tortor id nulla ultrices', 'Volutpat.mp3', 'non', 'amet', true);
insert into presentations (presentation_id, presentation_name, authors, abstract, documentation, technical_requirements, presentation_type, accepted) values (284, 'ultricies eu', 'Acmella oppositifolia (Lam.) R.K. Jansen var. repens (Walter) R.K. Jansen', 'augue aliquam erat volutpat in congue etiam justo etiam pretium iaculis', 'Orci.avi', 'luctus', 'in', true);
insert into presentations (presentation_id, presentation_name, authors, abstract, documentation, technical_requirements, presentation_type, accepted) values (285, 'in faucibus', 'Arabis holboellii Hornem. var. holboellii', 'nulla sed vel enim sit amet nunc viverra dapibus nulla suscipit ligula in', 'Rutrum.jpeg', 'suscipit a', 'nisl', false);
insert into presentations (presentation_id, presentation_name, authors, abstract, documentation, technical_requirements, presentation_type, accepted) values (286, 'id', 'Prenanthes autumnalis Walter', 'a nibh in quis justo maecenas rhoncus aliquam lacus morbi quis tortor id nulla', 'AnteVivamus.pdf', 'amet erat nulla tempus', 'vitae', true);
insert into presentations (presentation_id, presentation_name, authors, abstract, documentation, technical_requirements, presentation_type, accepted) values (287, 'ipsum integer', 'Hymenocallis duvalensis Traub', 'duis bibendum morbi non quam nec dui luctus rutrum nulla tellus in sagittis', 'AmetCursus.tiff', 'ut nunc vestibulum ante ipsum', 'amet', false);
insert into presentations (presentation_id, presentation_name, authors, abstract, documentation, technical_requirements, presentation_type, accepted) values (288, 'aliquet', 'Urvillea Kunth', 'elit ac nulla sed vel enim sit amet nunc viverra dapibus nulla suscipit ligula in', 'TurpisInteger.tiff', 'volutpat', 'sed', false);
insert into presentations (presentation_id, presentation_name, authors, abstract, documentation, technical_requirements, presentation_type, accepted) values (289, 'lacinia sapien', 'Tribulus terrestris L.', 'auctor sed tristique in tempus sit amet sem fusce consequat nulla nisl nunc nisl duis', 'VenenatisNonSodales.doc', '', 'nulla', false);
insert into presentations (presentation_id, presentation_name, authors, abstract, documentation, technical_requirements, presentation_type, accepted) values (290, 'ac', 'Phlox maculata L.', 'posuere cubilia curae duis faucibus accumsan odio curabitur convallis duis consequat dui nec', 'EleifendLuctus.xls', 'proin risus', 'risus', true);
insert into presentations (presentation_id, presentation_name, authors, abstract, documentation, technical_requirements, presentation_type, accepted) values (291, 'mi integer ac neque', 'Cardamine incisa (Eames) K. Schum. (pro sp.)', 'in felis donec semper sapien a libero nam dui proin', 'EstPhasellusSit.ppt', 'condimentum curabitur in libero', 'nisi', true);
insert into presentations (presentation_id, presentation_name, authors, abstract, documentation, technical_requirements, presentation_type, accepted) values (292, 'hac habitasse', 'Stephanomeria lactucina A. Gray', 'vivamus vel nulla eget eros elementum pellentesque quisque porta volutpat erat quisque', 'LeoOdioPorttitor.tiff', 'proin leo odio porttitor id', 'in', false);
insert into presentations (presentation_id, presentation_name, authors, abstract, documentation, technical_requirements, presentation_type, accepted) values (293, 'quisque arcu libero rutrum', 'Verrucaria cataleptoides (Nyl.) Nyl.', 'etiam vel augue vestibulum rutrum rutrum neque aenean auctor gravida sem', 'Amet.mp3', 'erat id mauris', 'augue', false);
insert into presentations (presentation_id, presentation_name, authors, abstract, documentation, technical_requirements, presentation_type, accepted) values (294, 'massa quis augue', 'Paspalum rupestre Trin.', 'non sodales sed tincidunt eu felis fusce posuere felis sed lacus morbi sem', 'IntegerNonVelit.gif', '', 'sapien', true);
insert into presentations (presentation_id, presentation_name, authors, abstract, documentation, technical_requirements, presentation_type, accepted) values (295, 'turpis elementum', 'Dichondra carolinensis Michx.', 'consequat nulla nisl nunc nisl duis bibendum felis sed interdum venenatis turpis enim blandit', 'NullaUt.avi', '', 'eget', true);
insert into presentations (presentation_id, presentation_name, authors, abstract, documentation, technical_requirements, presentation_type, accepted) values (296, 'pede ac diam cras', 'Dryopteris glabra (Brack.) Kuntze', 'lacus purus aliquet at feugiat non pretium quis lectus suspendisse potenti in eleifend', 'NequeLibero.avi', 'nunc commodo', 'porta', true);
insert into presentations (presentation_id, presentation_name, authors, abstract, documentation, technical_requirements, presentation_type, accepted) values (297, 'ut massa volutpat convallis', 'Pleodendron v. Tiegh.', 'convallis morbi odio odio elementum eu interdum eu tincidunt in leo maecenas pulvinar lobortis', 'AmetDiam.mov', '', 'tortor', true);
insert into presentations (presentation_id, presentation_name, authors, abstract, documentation, technical_requirements, presentation_type, accepted) values (298, 'luctus et', 'Pteris hillebrandii Copeland', 'dapibus nulla suscipit ligula in lacus curabitur at ipsum ac tellus semper', 'MattisOdioDonec.png', '', 'sit', false);
insert into presentations (presentation_id, presentation_name, authors, abstract, documentation, technical_requirements, presentation_type, accepted) values (299, 'justo', 'Hackelia brevicula (Jeps.) J.L. Gentry', 'vitae ipsum aliquam non mauris morbi non lectus aliquam sit', 'JustoAliquamQuis.xls', 'donec vitae nisi', 'est', false);
insert into presentations (presentation_id, presentation_name, authors, abstract, documentation, technical_requirements, presentation_type, accepted) values (300, 'felis eu sapien cursus', 'Dicliptera brachiata (Pursh) Spreng.', 'sociis natoque penatibus et magnis dis parturient montes nascetur ridiculus mus', 'IdLobortis.ppt', 'ridiculus', 'eleifend', true);

/*room data*/
insert into rooms (room_id, room_number) values (1, 3403);
insert into rooms (room_id, room_number) values (2, 1546);
insert into rooms (room_id, room_number) values (3, 1460);
insert into rooms (room_id, room_number) values (4, 3306);
insert into rooms (room_id, room_number) values (5, 2770);
insert into rooms (room_id, room_number) values (6, 3318);
insert into rooms (room_id, room_number) values (7, 1062);
insert into rooms (room_id, room_number) values (8, 1037);
insert into rooms (room_id, room_number) values (9, 3313);
insert into rooms (room_id, room_number) values (10, 1942);
insert into rooms (room_id, room_number) values (11, 3378);
insert into rooms (room_id, room_number) values (12, 3672);
insert into rooms (room_id, room_number) values (13, 3293);
insert into rooms (room_id, room_number) values (14, 3745);
insert into rooms (room_id, room_number) values (15, 1877);
insert into rooms (room_id, room_number) values (16, 3460);
insert into rooms (room_id, room_number) values (17, 3241);
insert into rooms (room_id, room_number) values (18, 1696);
insert into rooms (room_id, room_number) values (19, 2094);
insert into rooms (room_id, room_number) values (20, 3356);
insert into rooms (room_id, room_number) values (21, 1722);
insert into rooms (room_id, room_number) values (22, 3473);
insert into rooms (room_id, room_number) values (23, 3084);
insert into rooms (room_id, room_number) values (24, 3451);
insert into rooms (room_id, room_number) values (25, 2373);
insert into rooms (room_id, room_number) values (26, 1832);
insert into rooms (room_id, room_number) values (27, 2477);
insert into rooms (room_id, room_number) values (28, 2005);
insert into rooms (room_id, room_number) values (29, 2254);
insert into rooms (room_id, room_number) values (30, 2606);

/*sessions data*/
insert into sessions (session_id, presentation_id, event_id, room_id) values (1, 182, 56, 11);
insert into sessions (session_id, presentation_id, event_id, room_id) values (2, 211, 27, 18);
insert into sessions (session_id, presentation_id, event_id, room_id) values (3, 171, 55, 22);
insert into sessions (session_id, presentation_id, event_id, room_id) values (4, 203, 7, 10);
insert into sessions (session_id, presentation_id, event_id, room_id) values (5, 224, 9, 29);
insert into sessions (session_id, presentation_id, event_id, room_id) values (6, 181, 5, 12);
insert into sessions (session_id, presentation_id, event_id, room_id) values (7, 75, 25, 1);
insert into sessions (session_id, presentation_id, event_id, room_id) values (8, 271, 99, 3);
insert into sessions (session_id, presentation_id, event_id, room_id) values (9, 137, 43, 12);
insert into sessions (session_id, presentation_id, event_id, room_id) values (10, 33, 39, 27);
insert into sessions (session_id, presentation_id, event_id, room_id) values (11, 180, 73, 28);
insert into sessions (session_id, presentation_id, event_id, room_id) values (12, 219, 88, 13);
insert into sessions (session_id, presentation_id, event_id, room_id) values (13, 156, 77, 24);
insert into sessions (session_id, presentation_id, event_id, room_id) values (14, 233, 97, 1);
insert into sessions (session_id, presentation_id, event_id, room_id) values (15, 168, 58, 1);
insert into sessions (session_id, presentation_id, event_id, room_id) values (16, 223, 99, 16);
insert into sessions (session_id, presentation_id, event_id, room_id) values (17, 253, 88, 5);
insert into sessions (session_id, presentation_id, event_id, room_id) values (18, 160, 100, 15);
insert into sessions (session_id, presentation_id, event_id, room_id) values (19, 177, 40, 11);
insert into sessions (session_id, presentation_id, event_id, room_id) values (20, 232, 72, 1);
insert into sessions (session_id, presentation_id, event_id, room_id) values (21, 215, 3, 27);
insert into sessions (session_id, presentation_id, event_id, room_id) values (22, 253, 53, 17);
insert into sessions (session_id, presentation_id, event_id, room_id) values (23, 262, 93, 9);
insert into sessions (session_id, presentation_id, event_id, room_id) values (24, 195, 87, 18);
insert into sessions (session_id, presentation_id, event_id, room_id) values (25, 123, 12, 26);
insert into sessions (session_id, presentation_id, event_id, room_id) values (26, 82, 13, 14);
insert into sessions (session_id, presentation_id, event_id, room_id) values (27, 271, 25, 3);
insert into sessions (session_id, presentation_id, event_id, room_id) values (28, 169, 96, 11);
insert into sessions (session_id, presentation_id, event_id, room_id) values (29, 138, 23, 22);
insert into sessions (session_id, presentation_id, event_id, room_id) values (30, 85, 72, 24);
insert into sessions (session_id, presentation_id, event_id, room_id) values (31, 277, 89, 22);
insert into sessions (session_id, presentation_id, event_id, room_id) values (32, 35, 44, 13);
insert into sessions (session_id, presentation_id, event_id, room_id) values (33, 60, 75, 17);
insert into sessions (session_id, presentation_id, event_id, room_id) values (34, 52, 53, 3);
insert into sessions (session_id, presentation_id, event_id, room_id) values (35, 262, 30, 11);
insert into sessions (session_id, presentation_id, event_id, room_id) values (36, 214, 42, 5);
insert into sessions (session_id, presentation_id, event_id, room_id) values (37, 203, 31, 17);
insert into sessions (session_id, presentation_id, event_id, room_id) values (38, 289, 46, 17);
insert into sessions (session_id, presentation_id, event_id, room_id) values (39, 236, 61, 21);
insert into sessions (session_id, presentation_id, event_id, room_id) values (40, 163, 47, 5);
insert into sessions (session_id, presentation_id, event_id, room_id) values (41, 30, 10, 16);
insert into sessions (session_id, presentation_id, event_id, room_id) values (42, 187, 65, 25);
insert into sessions (session_id, presentation_id, event_id, room_id) values (43, 141, 75, 13);
insert into sessions (session_id, presentation_id, event_id, room_id) values (44, 251, 87, 23);
insert into sessions (session_id, presentation_id, event_id, room_id) values (45, 167, 91, 21);
insert into sessions (session_id, presentation_id, event_id, room_id) values (46, 299, 27, 12);
insert into sessions (session_id, presentation_id, event_id, room_id) values (47, 35, 14, 18);
insert into sessions (session_id, presentation_id, event_id, room_id) values (48, 28, 13, 4);
insert into sessions (session_id, presentation_id, event_id, room_id) values (49, 8, 11, 24);
insert into sessions (session_id, presentation_id, event_id, room_id) values (50, 110, 91, 1);
insert into sessions (session_id, presentation_id, event_id, room_id) values (51, 268, 38, 20);
insert into sessions (session_id, presentation_id, event_id, room_id) values (52, 137, 8, 14);
insert into sessions (session_id, presentation_id, event_id, room_id) values (53, 228, 43, 12);
insert into sessions (session_id, presentation_id, event_id, room_id) values (54, 10, 57, 3);
insert into sessions (session_id, presentation_id, event_id, room_id) values (55, 104, 9, 13);
insert into sessions (session_id, presentation_id, event_id, room_id) values (56, 156, 89, 21);
insert into sessions (session_id, presentation_id, event_id, room_id) values (57, 290, 100, 13);
insert into sessions (session_id, presentation_id, event_id, room_id) values (58, 160, 8, 2);
insert into sessions (session_id, presentation_id, event_id, room_id) values (59, 205, 41, 21);
insert into sessions (session_id, presentation_id, event_id, room_id) values (60, 255, 32, 3);
insert into sessions (session_id, presentation_id, event_id, room_id) values (61, 281, 49, 12);
insert into sessions (session_id, presentation_id, event_id, room_id) values (62, 151, 5, 16);
insert into sessions (session_id, presentation_id, event_id, room_id) values (63, 54, 26, 2);
insert into sessions (session_id, presentation_id, event_id, room_id) values (64, 299, 100, 20);
insert into sessions (session_id, presentation_id, event_id, room_id) values (65, 32, 41, 24);
insert into sessions (session_id, presentation_id, event_id, room_id) values (66, 295, 3, 28);
insert into sessions (session_id, presentation_id, event_id, room_id) values (67, 164, 3, 8);
insert into sessions (session_id, presentation_id, event_id, room_id) values (68, 281, 60, 9);
insert into sessions (session_id, presentation_id, event_id, room_id) values (69, 71, 9, 7);
insert into sessions (session_id, presentation_id, event_id, room_id) values (70, 58, 77, 12);
insert into sessions (session_id, presentation_id, event_id, room_id) values (71, 220, 96, 3);
insert into sessions (session_id, presentation_id, event_id, room_id) values (72, 54, 66, 19);
insert into sessions (session_id, presentation_id, event_id, room_id) values (73, 284, 35, 20);
insert into sessions (session_id, presentation_id, event_id, room_id) values (74, 266, 1, 28);
insert into sessions (session_id, presentation_id, event_id, room_id) values (75, 14, 30, 22);
insert into sessions (session_id, presentation_id, event_id, room_id) values (76, 222, 79, 12);
insert into sessions (session_id, presentation_id, event_id, room_id) values (77, 208, 12, 21);
insert into sessions (session_id, presentation_id, event_id, room_id) values (78, 96, 25, 20);
insert into sessions (session_id, presentation_id, event_id, room_id) values (79, 59, 34, 29);
insert into sessions (session_id, presentation_id, event_id, room_id) values (80, 137, 18, 26);
insert into sessions (session_id, presentation_id, event_id, room_id) values (81, 100, 30, 17);
insert into sessions (session_id, presentation_id, event_id, room_id) values (82, 197, 33, 18);
insert into sessions (session_id, presentation_id, event_id, room_id) values (83, 140, 65, 23);
insert into sessions (session_id, presentation_id, event_id, room_id) values (84, 265, 93, 28);
insert into sessions (session_id, presentation_id, event_id, room_id) values (85, 155, 88, 19);
insert into sessions (session_id, presentation_id, event_id, room_id) values (86, 253, 24, 24);
insert into sessions (session_id, presentation_id, event_id, room_id) values (87, 44, 21, 22);
insert into sessions (session_id, presentation_id, event_id, room_id) values (88, 67, 70, 2);
insert into sessions (session_id, presentation_id, event_id, room_id) values (89, 220, 17, 5);
insert into sessions (session_id, presentation_id, event_id, room_id) values (90, 10, 98, 25);
insert into sessions (session_id, presentation_id, event_id, room_id) values (91, 29, 43, 26);
insert into sessions (session_id, presentation_id, event_id, room_id) values (92, 199, 15, 3);
insert into sessions (session_id, presentation_id, event_id, room_id) values (93, 283, 12, 26);
insert into sessions (session_id, presentation_id, event_id, room_id) values (94, 88, 1, 7);
insert into sessions (session_id, presentation_id, event_id, room_id) values (95, 105, 50, 26);
insert into sessions (session_id, presentation_id, event_id, room_id) values (96, 93, 65, 1);
insert into sessions (session_id, presentation_id, event_id, room_id) values (97, 164, 36, 27);
insert into sessions (session_id, presentation_id, event_id, room_id) values (98, 204, 100, 11);
insert into sessions (session_id, presentation_id, event_id, room_id) values (99, 83, 82, 8);
insert into sessions (session_id, presentation_id, event_id, room_id) values (100, 126, 99, 9);
insert into sessions (session_id, presentation_id, event_id, room_id) values (101, 223, 90, 4);
insert into sessions (session_id, presentation_id, event_id, room_id) values (102, 231, 5, 10);
insert into sessions (session_id, presentation_id, event_id, room_id) values (103, 282, 68, 16);
insert into sessions (session_id, presentation_id, event_id, room_id) values (104, 1, 20, 29);
insert into sessions (session_id, presentation_id, event_id, room_id) values (105, 146, 3, 6);
insert into sessions (session_id, presentation_id, event_id, room_id) values (106, 169, 13, 13);
insert into sessions (session_id, presentation_id, event_id, room_id) values (107, 166, 20, 1);
insert into sessions (session_id, presentation_id, event_id, room_id) values (108, 221, 67, 25);
insert into sessions (session_id, presentation_id, event_id, room_id) values (109, 109, 45, 27);
insert into sessions (session_id, presentation_id, event_id, room_id) values (110, 192, 13, 16);
insert into sessions (session_id, presentation_id, event_id, room_id) values (111, 172, 82, 15);
insert into sessions (session_id, presentation_id, event_id, room_id) values (112, 200, 62, 28);
insert into sessions (session_id, presentation_id, event_id, room_id) values (113, 221, 63, 2);
insert into sessions (session_id, presentation_id, event_id, room_id) values (114, 41, 81, 29);
insert into sessions (session_id, presentation_id, event_id, room_id) values (115, 34, 61, 11);
insert into sessions (session_id, presentation_id, event_id, room_id) values (116, 228, 71, 14);
insert into sessions (session_id, presentation_id, event_id, room_id) values (117, 69, 89, 3);
insert into sessions (session_id, presentation_id, event_id, room_id) values (118, 207, 93, 10);
insert into sessions (session_id, presentation_id, event_id, room_id) values (119, 200, 1, 5);
insert into sessions (session_id, presentation_id, event_id, room_id) values (120, 119, 18, 18);
insert into sessions (session_id, presentation_id, event_id, room_id) values (121, 231, 29, 7);
insert into sessions (session_id, presentation_id, event_id, room_id) values (122, 263, 54, 13);
insert into sessions (session_id, presentation_id, event_id, room_id) values (123, 50, 55, 23);
insert into sessions (session_id, presentation_id, event_id, room_id) values (124, 51, 55, 6);
insert into sessions (session_id, presentation_id, event_id, room_id) values (125, 204, 44, 15);
insert into sessions (session_id, presentation_id, event_id, room_id) values (126, 248, 55, 30);
insert into sessions (session_id, presentation_id, event_id, room_id) values (127, 158, 98, 25);
insert into sessions (session_id, presentation_id, event_id, room_id) values (128, 265, 34, 3);
insert into sessions (session_id, presentation_id, event_id, room_id) values (129, 158, 78, 17);
insert into sessions (session_id, presentation_id, event_id, room_id) values (130, 153, 36, 28);
insert into sessions (session_id, presentation_id, event_id, room_id) values (131, 5, 54, 23);
insert into sessions (session_id, presentation_id, event_id, room_id) values (132, 78, 87, 26);
insert into sessions (session_id, presentation_id, event_id, room_id) values (133, 250, 69, 8);
insert into sessions (session_id, presentation_id, event_id, room_id) values (134, 235, 60, 30);
insert into sessions (session_id, presentation_id, event_id, room_id) values (135, 21, 81, 22);
insert into sessions (session_id, presentation_id, event_id, room_id) values (136, 101, 52, 10);
insert into sessions (session_id, presentation_id, event_id, room_id) values (137, 256, 33, 9);
insert into sessions (session_id, presentation_id, event_id, room_id) values (138, 21, 70, 24);
insert into sessions (session_id, presentation_id, event_id, room_id) values (139, 116, 71, 18);
insert into sessions (session_id, presentation_id, event_id, room_id) values (140, 116, 35, 7);
insert into sessions (session_id, presentation_id, event_id, room_id) values (141, 113, 95, 21);
insert into sessions (session_id, presentation_id, event_id, room_id) values (142, 249, 81, 10);
insert into sessions (session_id, presentation_id, event_id, room_id) values (143, 107, 27, 10);
insert into sessions (session_id, presentation_id, event_id, room_id) values (144, 246, 7, 11);
insert into sessions (session_id, presentation_id, event_id, room_id) values (145, 192, 42, 30);
insert into sessions (session_id, presentation_id, event_id, room_id) values (146, 173, 2, 23);
insert into sessions (session_id, presentation_id, event_id, room_id) values (147, 190, 9, 30);
insert into sessions (session_id, presentation_id, event_id, room_id) values (148, 196, 36, 20);
insert into sessions (session_id, presentation_id, event_id, room_id) values (149, 178, 45, 10);
insert into sessions (session_id, presentation_id, event_id, room_id) values (150, 3, 93, 17);
insert into sessions (session_id, presentation_id, event_id, room_id) values (151, 174, 73, 13);
insert into sessions (session_id, presentation_id, event_id, room_id) values (152, 20, 87, 26);
insert into sessions (session_id, presentation_id, event_id, room_id) values (153, 147, 51, 23);
insert into sessions (session_id, presentation_id, event_id, room_id) values (154, 240, 70, 18);
insert into sessions (session_id, presentation_id, event_id, room_id) values (155, 207, 88, 15);
insert into sessions (session_id, presentation_id, event_id, room_id) values (156, 234, 69, 10);
insert into sessions (session_id, presentation_id, event_id, room_id) values (157, 7, 1, 30);
insert into sessions (session_id, presentation_id, event_id, room_id) values (158, 254, 26, 8);
insert into sessions (session_id, presentation_id, event_id, room_id) values (159, 244, 69, 9);
insert into sessions (session_id, presentation_id, event_id, room_id) values (160, 219, 62, 10);
insert into sessions (session_id, presentation_id, event_id, room_id) values (161, 258, 86, 23);
insert into sessions (session_id, presentation_id, event_id, room_id) values (162, 92, 77, 18);
insert into sessions (session_id, presentation_id, event_id, room_id) values (163, 277, 42, 26);
insert into sessions (session_id, presentation_id, event_id, room_id) values (164, 60, 3, 9);
insert into sessions (session_id, presentation_id, event_id, room_id) values (165, 79, 23, 20);
insert into sessions (session_id, presentation_id, event_id, room_id) values (166, 234, 36, 26);
insert into sessions (session_id, presentation_id, event_id, room_id) values (167, 162, 8, 2);
insert into sessions (session_id, presentation_id, event_id, room_id) values (168, 19, 13, 14);
insert into sessions (session_id, presentation_id, event_id, room_id) values (169, 40, 70, 10);
insert into sessions (session_id, presentation_id, event_id, room_id) values (170, 263, 90, 28);
insert into sessions (session_id, presentation_id, event_id, room_id) values (171, 282, 73, 5);
insert into sessions (session_id, presentation_id, event_id, room_id) values (172, 36, 67, 1);
insert into sessions (session_id, presentation_id, event_id, room_id) values (173, 29, 70, 22);
insert into sessions (session_id, presentation_id, event_id, room_id) values (174, 138, 15, 9);
insert into sessions (session_id, presentation_id, event_id, room_id) values (175, 177, 20, 25);
insert into sessions (session_id, presentation_id, event_id, room_id) values (176, 184, 85, 5);
insert into sessions (session_id, presentation_id, event_id, room_id) values (177, 88, 45, 3);
insert into sessions (session_id, presentation_id, event_id, room_id) values (178, 86, 26, 15);
insert into sessions (session_id, presentation_id, event_id, room_id) values (179, 59, 25, 24);
insert into sessions (session_id, presentation_id, event_id, room_id) values (180, 98, 39, 5);
insert into sessions (session_id, presentation_id, event_id, room_id) values (181, 82, 48, 20);
insert into sessions (session_id, presentation_id, event_id, room_id) values (182, 40, 56, 2);
insert into sessions (session_id, presentation_id, event_id, room_id) values (183, 29, 57, 21);
insert into sessions (session_id, presentation_id, event_id, room_id) values (184, 22, 51, 13);
insert into sessions (session_id, presentation_id, event_id, room_id) values (185, 277, 61, 22);
insert into sessions (session_id, presentation_id, event_id, room_id) values (186, 81, 33, 11);
insert into sessions (session_id, presentation_id, event_id, room_id) values (187, 165, 4, 7);
insert into sessions (session_id, presentation_id, event_id, room_id) values (188, 40, 79, 18);
insert into sessions (session_id, presentation_id, event_id, room_id) values (189, 151, 97, 26);
insert into sessions (session_id, presentation_id, event_id, room_id) values (190, 140, 79, 16);
insert into sessions (session_id, presentation_id, event_id, room_id) values (191, 132, 23, 18);
insert into sessions (session_id, presentation_id, event_id, room_id) values (192, 235, 25, 23);
insert into sessions (session_id, presentation_id, event_id, room_id) values (193, 38, 27, 9);
insert into sessions (session_id, presentation_id, event_id, room_id) values (194, 58, 39, 24);
insert into sessions (session_id, presentation_id, event_id, room_id) values (195, 99, 42, 29);
insert into sessions (session_id, presentation_id, event_id, room_id) values (196, 201, 65, 2);
insert into sessions (session_id, presentation_id, event_id, room_id) values (197, 253, 89, 19);
insert into sessions (session_id, presentation_id, event_id, room_id) values (198, 194, 75, 21);
insert into sessions (session_id, presentation_id, event_id, room_id) values (199, 60, 77, 21);
insert into sessions (session_id, presentation_id, event_id, room_id) values (200, 231, 11, 21);
insert into sessions (session_id, presentation_id, event_id, room_id) values (201, 85, 68, 24);
insert into sessions (session_id, presentation_id, event_id, room_id) values (202, 132, 94, 18);
insert into sessions (session_id, presentation_id, event_id, room_id) values (203, 257, 63, 7);
insert into sessions (session_id, presentation_id, event_id, room_id) values (204, 43, 24, 10);
insert into sessions (session_id, presentation_id, event_id, room_id) values (205, 37, 42, 5);
insert into sessions (session_id, presentation_id, event_id, room_id) values (206, 136, 65, 21);
insert into sessions (session_id, presentation_id, event_id, room_id) values (207, 135, 17, 27);
insert into sessions (session_id, presentation_id, event_id, room_id) values (208, 230, 67, 7);
insert into sessions (session_id, presentation_id, event_id, room_id) values (209, 24, 20, 29);
insert into sessions (session_id, presentation_id, event_id, room_id) values (210, 233, 76, 6);
insert into sessions (session_id, presentation_id, event_id, room_id) values (211, 177, 60, 4);
insert into sessions (session_id, presentation_id, event_id, room_id) values (212, 254, 23, 6);
insert into sessions (session_id, presentation_id, event_id, room_id) values (213, 59, 81, 22);
insert into sessions (session_id, presentation_id, event_id, room_id) values (214, 65, 98, 6);
insert into sessions (session_id, presentation_id, event_id, room_id) values (215, 106, 5, 1);
insert into sessions (session_id, presentation_id, event_id, room_id) values (216, 223, 77, 15);
insert into sessions (session_id, presentation_id, event_id, room_id) values (217, 287, 65, 23);
insert into sessions (session_id, presentation_id, event_id, room_id) values (218, 261, 29, 7);
insert into sessions (session_id, presentation_id, event_id, room_id) values (219, 64, 80, 30);
insert into sessions (session_id, presentation_id, event_id, room_id) values (220, 157, 54, 10);
insert into sessions (session_id, presentation_id, event_id, room_id) values (221, 176, 31, 12);
insert into sessions (session_id, presentation_id, event_id, room_id) values (222, 213, 59, 24);
insert into sessions (session_id, presentation_id, event_id, room_id) values (223, 41, 6, 4);
insert into sessions (session_id, presentation_id, event_id, room_id) values (224, 196, 96, 12);
insert into sessions (session_id, presentation_id, event_id, room_id) values (225, 75, 23, 13);
insert into sessions (session_id, presentation_id, event_id, room_id) values (226, 260, 77, 28);
insert into sessions (session_id, presentation_id, event_id, room_id) values (227, 236, 29, 3);
insert into sessions (session_id, presentation_id, event_id, room_id) values (228, 104, 16, 19);
insert into sessions (session_id, presentation_id, event_id, room_id) values (229, 46, 81, 19);
insert into sessions (session_id, presentation_id, event_id, room_id) values (230, 223, 15, 17);
insert into sessions (session_id, presentation_id, event_id, room_id) values (231, 45, 70, 15);
insert into sessions (session_id, presentation_id, event_id, room_id) values (232, 41, 14, 17);
insert into sessions (session_id, presentation_id, event_id, room_id) values (233, 278, 6, 11);
insert into sessions (session_id, presentation_id, event_id, room_id) values (234, 189, 56, 27);
insert into sessions (session_id, presentation_id, event_id, room_id) values (235, 71, 71, 15);
insert into sessions (session_id, presentation_id, event_id, room_id) values (236, 178, 44, 26);
insert into sessions (session_id, presentation_id, event_id, room_id) values (237, 266, 18, 3);
insert into sessions (session_id, presentation_id, event_id, room_id) values (238, 286, 7, 21);
insert into sessions (session_id, presentation_id, event_id, room_id) values (239, 264, 68, 7);
insert into sessions (session_id, presentation_id, event_id, room_id) values (240, 31, 67, 22);
insert into sessions (session_id, presentation_id, event_id, room_id) values (241, 120, 39, 15);
insert into sessions (session_id, presentation_id, event_id, room_id) values (242, 183, 27, 5);
insert into sessions (session_id, presentation_id, event_id, room_id) values (243, 91, 6, 6);
insert into sessions (session_id, presentation_id, event_id, room_id) values (244, 31, 31, 18);
insert into sessions (session_id, presentation_id, event_id, room_id) values (245, 56, 76, 23);
insert into sessions (session_id, presentation_id, event_id, room_id) values (246, 290, 28, 4);
insert into sessions (session_id, presentation_id, event_id, room_id) values (247, 282, 74, 17);
insert into sessions (session_id, presentation_id, event_id, room_id) values (248, 213, 80, 2);
insert into sessions (session_id, presentation_id, event_id, room_id) values (249, 168, 55, 16);
insert into sessions (session_id, presentation_id, event_id, room_id) values (250, 71, 84, 25);
insert into sessions (session_id, presentation_id, event_id, room_id) values (251, 292, 48, 25);
insert into sessions (session_id, presentation_id, event_id, room_id) values (252, 20, 82, 17);
insert into sessions (session_id, presentation_id, event_id, room_id) values (253, 157, 52, 29);
insert into sessions (session_id, presentation_id, event_id, room_id) values (254, 137, 28, 26);
insert into sessions (session_id, presentation_id, event_id, room_id) values (255, 99, 40, 21);
insert into sessions (session_id, presentation_id, event_id, room_id) values (256, 42, 84, 22);
insert into sessions (session_id, presentation_id, event_id, room_id) values (257, 172, 86, 14);
insert into sessions (session_id, presentation_id, event_id, room_id) values (258, 252, 40, 15);
insert into sessions (session_id, presentation_id, event_id, room_id) values (259, 247, 47, 28);
insert into sessions (session_id, presentation_id, event_id, room_id) values (260, 29, 66, 21);
insert into sessions (session_id, presentation_id, event_id, room_id) values (261, 284, 37, 16);
insert into sessions (session_id, presentation_id, event_id, room_id) values (262, 192, 37, 13);
insert into sessions (session_id, presentation_id, event_id, room_id) values (263, 17, 30, 2);
insert into sessions (session_id, presentation_id, event_id, room_id) values (264, 55, 81, 26);
insert into sessions (session_id, presentation_id, event_id, room_id) values (265, 42, 91, 28);
insert into sessions (session_id, presentation_id, event_id, room_id) values (266, 41, 83, 19);
insert into sessions (session_id, presentation_id, event_id, room_id) values (267, 254, 21, 30);
insert into sessions (session_id, presentation_id, event_id, room_id) values (268, 37, 82, 25);
insert into sessions (session_id, presentation_id, event_id, room_id) values (269, 16, 13, 6);
insert into sessions (session_id, presentation_id, event_id, room_id) values (270, 186, 74, 23);
insert into sessions (session_id, presentation_id, event_id, room_id) values (271, 178, 98, 30);
insert into sessions (session_id, presentation_id, event_id, room_id) values (272, 141, 52, 29);
insert into sessions (session_id, presentation_id, event_id, room_id) values (273, 18, 94, 30);
insert into sessions (session_id, presentation_id, event_id, room_id) values (274, 189, 62, 17);
insert into sessions (session_id, presentation_id, event_id, room_id) values (275, 129, 33, 21);
insert into sessions (session_id, presentation_id, event_id, room_id) values (276, 189, 8, 29);
insert into sessions (session_id, presentation_id, event_id, room_id) values (277, 100, 35, 25);
insert into sessions (session_id, presentation_id, event_id, room_id) values (278, 102, 56, 15);
insert into sessions (session_id, presentation_id, event_id, room_id) values (279, 236, 4, 28);
insert into sessions (session_id, presentation_id, event_id, room_id) values (280, 28, 3, 26);
insert into sessions (session_id, presentation_id, event_id, room_id) values (281, 270, 62, 22);
insert into sessions (session_id, presentation_id, event_id, room_id) values (282, 153, 16, 1);
insert into sessions (session_id, presentation_id, event_id, room_id) values (283, 242, 35, 17);
insert into sessions (session_id, presentation_id, event_id, room_id) values (284, 265, 60, 19);
insert into sessions (session_id, presentation_id, event_id, room_id) values (285, 173, 35, 15);
insert into sessions (session_id, presentation_id, event_id, room_id) values (286, 286, 27, 23);
insert into sessions (session_id, presentation_id, event_id, room_id) values (287, 132, 77, 2);
insert into sessions (session_id, presentation_id, event_id, room_id) values (288, 58, 25, 27);
insert into sessions (session_id, presentation_id, event_id, room_id) values (289, 249, 89, 17);
insert into sessions (session_id, presentation_id, event_id, room_id) values (290, 161, 20, 21);
insert into sessions (session_id, presentation_id, event_id, room_id) values (291, 182, 45, 17);
insert into sessions (session_id, presentation_id, event_id, room_id) values (292, 273, 69, 17);
insert into sessions (session_id, presentation_id, event_id, room_id) values (293, 285, 65, 28);
insert into sessions (session_id, presentation_id, event_id, room_id) values (294, 275, 90, 6);
insert into sessions (session_id, presentation_id, event_id, room_id) values (295, 45, 68, 20);
insert into sessions (session_id, presentation_id, event_id, room_id) values (296, 182, 80, 22);
insert into sessions (session_id, presentation_id, event_id, room_id) values (297, 67, 23, 7);
insert into sessions (session_id, presentation_id, event_id, room_id) values (298, 126, 84, 4);
insert into sessions (session_id, presentation_id, event_id, room_id) values (299, 69, 3, 24);
insert into sessions (session_id, presentation_id, event_id, room_id) values (300, 69, 43, 19);
insert into sessions (session_id, presentation_id, event_id, room_id) values (301, 244, 4, 12);
insert into sessions (session_id, presentation_id, event_id, room_id) values (302, 44, 31, 2);
insert into sessions (session_id, presentation_id, event_id, room_id) values (303, 23, 19, 29);
insert into sessions (session_id, presentation_id, event_id, room_id) values (304, 21, 19, 14);
insert into sessions (session_id, presentation_id, event_id, room_id) values (305, 39, 7, 6);
insert into sessions (session_id, presentation_id, event_id, room_id) values (306, 68, 40, 15);
insert into sessions (session_id, presentation_id, event_id, room_id) values (307, 264, 63, 19);
insert into sessions (session_id, presentation_id, event_id, room_id) values (308, 260, 89, 17);
insert into sessions (session_id, presentation_id, event_id, room_id) values (309, 127, 38, 1);
insert into sessions (session_id, presentation_id, event_id, room_id) values (310, 6, 83, 30);
insert into sessions (session_id, presentation_id, event_id, room_id) values (311, 290, 70, 21);
insert into sessions (session_id, presentation_id, event_id, room_id) values (312, 137, 1, 26);
insert into sessions (session_id, presentation_id, event_id, room_id) values (313, 80, 36, 5);
insert into sessions (session_id, presentation_id, event_id, room_id) values (314, 184, 25, 15);
insert into sessions (session_id, presentation_id, event_id, room_id) values (315, 182, 38, 20);
insert into sessions (session_id, presentation_id, event_id, room_id) values (316, 7, 13, 29);
insert into sessions (session_id, presentation_id, event_id, room_id) values (317, 145, 68, 25);
insert into sessions (session_id, presentation_id, event_id, room_id) values (318, 14, 30, 1);
insert into sessions (session_id, presentation_id, event_id, room_id) values (319, 76, 32, 17);
insert into sessions (session_id, presentation_id, event_id, room_id) values (320, 203, 58, 4);
insert into sessions (session_id, presentation_id, event_id, room_id) values (321, 70, 39, 3);
insert into sessions (session_id, presentation_id, event_id, room_id) values (322, 18, 74, 29);
insert into sessions (session_id, presentation_id, event_id, room_id) values (323, 83, 47, 19);
insert into sessions (session_id, presentation_id, event_id, room_id) values (324, 258, 12, 29);
insert into sessions (session_id, presentation_id, event_id, room_id) values (325, 94, 66, 11);
insert into sessions (session_id, presentation_id, event_id, room_id) values (326, 98, 28, 9);
insert into sessions (session_id, presentation_id, event_id, room_id) values (327, 53, 5, 13);
insert into sessions (session_id, presentation_id, event_id, room_id) values (328, 203, 28, 29);
insert into sessions (session_id, presentation_id, event_id, room_id) values (329, 48, 69, 23);
insert into sessions (session_id, presentation_id, event_id, room_id) values (330, 126, 43, 30);
insert into sessions (session_id, presentation_id, event_id, room_id) values (331, 210, 33, 14);
insert into sessions (session_id, presentation_id, event_id, room_id) values (332, 227, 59, 5);
insert into sessions (session_id, presentation_id, event_id, room_id) values (333, 292, 81, 24);
insert into sessions (session_id, presentation_id, event_id, room_id) values (334, 150, 44, 26);
insert into sessions (session_id, presentation_id, event_id, room_id) values (335, 107, 13, 23);
insert into sessions (session_id, presentation_id, event_id, room_id) values (336, 189, 89, 10);
insert into sessions (session_id, presentation_id, event_id, room_id) values (337, 161, 38, 17);
insert into sessions (session_id, presentation_id, event_id, room_id) values (338, 145, 29, 16);
insert into sessions (session_id, presentation_id, event_id, room_id) values (339, 15, 2, 27);
insert into sessions (session_id, presentation_id, event_id, room_id) values (340, 14, 3, 24);
insert into sessions (session_id, presentation_id, event_id, room_id) values (341, 293, 17, 11);
insert into sessions (session_id, presentation_id, event_id, room_id) values (342, 150, 70, 13);
insert into sessions (session_id, presentation_id, event_id, room_id) values (343, 49, 72, 18);
insert into sessions (session_id, presentation_id, event_id, room_id) values (344, 212, 23, 12);
insert into sessions (session_id, presentation_id, event_id, room_id) values (345, 7, 84, 5);
insert into sessions (session_id, presentation_id, event_id, room_id) values (346, 39, 85, 28);
insert into sessions (session_id, presentation_id, event_id, room_id) values (347, 144, 47, 25);
insert into sessions (session_id, presentation_id, event_id, room_id) values (348, 6, 3, 10);
insert into sessions (session_id, presentation_id, event_id, room_id) values (349, 239, 47, 3);
insert into sessions (session_id, presentation_id, event_id, room_id) values (350, 161, 21, 23);
insert into sessions (session_id, presentation_id, event_id, room_id) values (351, 147, 10, 24);
insert into sessions (session_id, presentation_id, event_id, room_id) values (352, 299, 33, 22);
insert into sessions (session_id, presentation_id, event_id, room_id) values (353, 208, 46, 20);
insert into sessions (session_id, presentation_id, event_id, room_id) values (354, 273, 55, 5);
insert into sessions (session_id, presentation_id, event_id, room_id) values (355, 132, 62, 9);
insert into sessions (session_id, presentation_id, event_id, room_id) values (356, 149, 80, 26);
insert into sessions (session_id, presentation_id, event_id, room_id) values (357, 180, 27, 19);
insert into sessions (session_id, presentation_id, event_id, room_id) values (358, 261, 83, 4);
insert into sessions (session_id, presentation_id, event_id, room_id) values (359, 164, 33, 15);
insert into sessions (session_id, presentation_id, event_id, room_id) values (360, 169, 7, 22);
insert into sessions (session_id, presentation_id, event_id, room_id) values (361, 72, 82, 15);
insert into sessions (session_id, presentation_id, event_id, room_id) values (362, 112, 39, 1);
insert into sessions (session_id, presentation_id, event_id, room_id) values (363, 49, 71, 28);
insert into sessions (session_id, presentation_id, event_id, room_id) values (364, 15, 18, 7);
insert into sessions (session_id, presentation_id, event_id, room_id) values (365, 235, 25, 7);
insert into sessions (session_id, presentation_id, event_id, room_id) values (366, 155, 64, 1);
insert into sessions (session_id, presentation_id, event_id, room_id) values (367, 149, 11, 16);
insert into sessions (session_id, presentation_id, event_id, room_id) values (368, 28, 87, 15);
insert into sessions (session_id, presentation_id, event_id, room_id) values (369, 286, 59, 5);
insert into sessions (session_id, presentation_id, event_id, room_id) values (370, 119, 25, 20);
insert into sessions (session_id, presentation_id, event_id, room_id) values (371, 114, 13, 28);
insert into sessions (session_id, presentation_id, event_id, room_id) values (372, 277, 18, 11);
insert into sessions (session_id, presentation_id, event_id, room_id) values (373, 19, 91, 28);
insert into sessions (session_id, presentation_id, event_id, room_id) values (374, 124, 73, 7);
insert into sessions (session_id, presentation_id, event_id, room_id) values (375, 71, 23, 10);
insert into sessions (session_id, presentation_id, event_id, room_id) values (376, 228, 73, 18);
insert into sessions (session_id, presentation_id, event_id, room_id) values (377, 158, 30, 11);
insert into sessions (session_id, presentation_id, event_id, room_id) values (378, 220, 38, 21);
insert into sessions (session_id, presentation_id, event_id, room_id) values (379, 136, 34, 15);
insert into sessions (session_id, presentation_id, event_id, room_id) values (380, 94, 74, 15);
insert into sessions (session_id, presentation_id, event_id, room_id) values (381, 131, 22, 25);
insert into sessions (session_id, presentation_id, event_id, room_id) values (382, 143, 43, 29);
insert into sessions (session_id, presentation_id, event_id, room_id) values (383, 33, 77, 28);
insert into sessions (session_id, presentation_id, event_id, room_id) values (384, 285, 45, 3);
insert into sessions (session_id, presentation_id, event_id, room_id) values (385, 275, 68, 3);
insert into sessions (session_id, presentation_id, event_id, room_id) values (386, 185, 100, 17);
insert into sessions (session_id, presentation_id, event_id, room_id) values (387, 63, 71, 27);
insert into sessions (session_id, presentation_id, event_id, room_id) values (388, 253, 98, 6);
insert into sessions (session_id, presentation_id, event_id, room_id) values (389, 72, 45, 24);
insert into sessions (session_id, presentation_id, event_id, room_id) values (390, 261, 3, 17);
insert into sessions (session_id, presentation_id, event_id, room_id) values (391, 70, 48, 29);
insert into sessions (session_id, presentation_id, event_id, room_id) values (392, 23, 14, 8);
insert into sessions (session_id, presentation_id, event_id, room_id) values (393, 84, 18, 23);
insert into sessions (session_id, presentation_id, event_id, room_id) values (394, 48, 12, 17);
insert into sessions (session_id, presentation_id, event_id, room_id) values (395, 155, 67, 7);
insert into sessions (session_id, presentation_id, event_id, room_id) values (396, 258, 93, 12);
insert into sessions (session_id, presentation_id, event_id, room_id) values (397, 170, 28, 16);
insert into sessions (session_id, presentation_id, event_id, room_id) values (398, 256, 20, 12);
insert into sessions (session_id, presentation_id, event_id, room_id) values (399, 26, 52, 10);
insert into sessions (session_id, presentation_id, event_id, room_id) values (400, 146, 50, 25);


/*user sessions data*/
insert into user_sessions (user_session_id, event_id, user_id, session_id) values (1, 21, 251, 62);
insert into user_sessions (user_session_id, event_id, user_id, session_id) values (2, 42, 91, 329);
insert into user_sessions (user_session_id, event_id, user_id, session_id) values (3, 100, 192, 128);
insert into user_sessions (user_session_id, event_id, user_id, session_id) values (4, 35, 442, 213);
insert into user_sessions (user_session_id, event_id, user_id, session_id) values (5, 29, 18, 326);
insert into user_sessions (user_session_id, event_id, user_id, session_id) values (6, 34, 377, 236);
insert into user_sessions (user_session_id, event_id, user_id, session_id) values (7, 72, 343, 68);
insert into user_sessions (user_session_id, event_id, user_id, session_id) values (8, 75, 59, 218);
insert into user_sessions (user_session_id, event_id, user_id, session_id) values (9, 51, 477, 360);
insert into user_sessions (user_session_id, event_id, user_id, session_id) values (10, 43, 476, 110);
insert into user_sessions (user_session_id, event_id, user_id, session_id) values (11, 32, 283, 361);
insert into user_sessions (user_session_id, event_id, user_id, session_id) values (12, 26, 1, 135);
insert into user_sessions (user_session_id, event_id, user_id, session_id) values (13, 83, 250, 107);
insert into user_sessions (user_session_id, event_id, user_id, session_id) values (14, 84, 425, 238);
insert into user_sessions (user_session_id, event_id, user_id, session_id) values (15, 85, 29, 250);
insert into user_sessions (user_session_id, event_id, user_id, session_id) values (16, 77, 251, 295);
insert into user_sessions (user_session_id, event_id, user_id, session_id) values (17, 61, 157, 300);
insert into user_sessions (user_session_id, event_id, user_id, session_id) values (18, 33, 449, 155);
insert into user_sessions (user_session_id, event_id, user_id, session_id) values (19, 17, 373, 27);
insert into user_sessions (user_session_id, event_id, user_id, session_id) values (20, 3, 153, 255);
insert into user_sessions (user_session_id, event_id, user_id, session_id) values (21, 96, 156, 289);
insert into user_sessions (user_session_id, event_id, user_id, session_id) values (22, 65, 457, 226);
insert into user_sessions (user_session_id, event_id, user_id, session_id) values (23, 47, 340, 19);
insert into user_sessions (user_session_id, event_id, user_id, session_id) values (24, 62, 380, 307);
insert into user_sessions (user_session_id, event_id, user_id, session_id) values (25, 84, 435, 334);
insert into user_sessions (user_session_id, event_id, user_id, session_id) values (26, 64, 438, 340);
insert into user_sessions (user_session_id, event_id, user_id, session_id) values (27, 71, 88, 204);
insert into user_sessions (user_session_id, event_id, user_id, session_id) values (28, 48, 25, 115);
insert into user_sessions (user_session_id, event_id, user_id, session_id) values (29, 13, 416, 44);
insert into user_sessions (user_session_id, event_id, user_id, session_id) values (30, 29, 368, 66);
insert into user_sessions (user_session_id, event_id, user_id, session_id) values (31, 32, 8, 10);
insert into user_sessions (user_session_id, event_id, user_id, session_id) values (32, 77, 35, 122);
insert into user_sessions (user_session_id, event_id, user_id, session_id) values (33, 64, 481, 190);
insert into user_sessions (user_session_id, event_id, user_id, session_id) values (34, 3, 105, 381);
insert into user_sessions (user_session_id, event_id, user_id, session_id) values (35, 52, 16, 369);
insert into user_sessions (user_session_id, event_id, user_id, session_id) values (36, 75, 90, 250);
insert into user_sessions (user_session_id, event_id, user_id, session_id) values (37, 40, 66, 198);
insert into user_sessions (user_session_id, event_id, user_id, session_id) values (38, 67, 13, 399);
insert into user_sessions (user_session_id, event_id, user_id, session_id) values (39, 11, 224, 72);
insert into user_sessions (user_session_id, event_id, user_id, session_id) values (40, 48, 52, 22);
insert into user_sessions (user_session_id, event_id, user_id, session_id) values (41, 100, 103, 361);
insert into user_sessions (user_session_id, event_id, user_id, session_id) values (42, 92, 403, 223);
insert into user_sessions (user_session_id, event_id, user_id, session_id) values (43, 71, 51, 97);
insert into user_sessions (user_session_id, event_id, user_id, session_id) values (44, 65, 277, 163);
insert into user_sessions (user_session_id, event_id, user_id, session_id) values (45, 86, 238, 384);
insert into user_sessions (user_session_id, event_id, user_id, session_id) values (46, 89, 372, 264);
insert into user_sessions (user_session_id, event_id, user_id, session_id) values (47, 88, 53, 258);
insert into user_sessions (user_session_id, event_id, user_id, session_id) values (48, 18, 484, 225);
insert into user_sessions (user_session_id, event_id, user_id, session_id) values (49, 23, 254, 169);
insert into user_sessions (user_session_id, event_id, user_id, session_id) values (50, 91, 47, 198);
insert into user_sessions (user_session_id, event_id, user_id, session_id) values (51, 40, 153, 324);
insert into user_sessions (user_session_id, event_id, user_id, session_id) values (52, 57, 283, 162);
insert into user_sessions (user_session_id, event_id, user_id, session_id) values (53, 17, 56, 4);
insert into user_sessions (user_session_id, event_id, user_id, session_id) values (54, 95, 22, 328);
insert into user_sessions (user_session_id, event_id, user_id, session_id) values (55, 16, 216, 134);
insert into user_sessions (user_session_id, event_id, user_id, session_id) values (56, 77, 396, 394);
insert into user_sessions (user_session_id, event_id, user_id, session_id) values (57, 28, 194, 380);
insert into user_sessions (user_session_id, event_id, user_id, session_id) values (58, 18, 493, 301);
insert into user_sessions (user_session_id, event_id, user_id, session_id) values (59, 4, 355, 141);
insert into user_sessions (user_session_id, event_id, user_id, session_id) values (60, 14, 63, 128);
insert into user_sessions (user_session_id, event_id, user_id, session_id) values (61, 26, 219, 58);
insert into user_sessions (user_session_id, event_id, user_id, session_id) values (62, 7, 482, 257);
insert into user_sessions (user_session_id, event_id, user_id, session_id) values (63, 35, 359, 229);
insert into user_sessions (user_session_id, event_id, user_id, session_id) values (64, 32, 149, 369);
insert into user_sessions (user_session_id, event_id, user_id, session_id) values (65, 58, 483, 287);
insert into user_sessions (user_session_id, event_id, user_id, session_id) values (66, 83, 201, 265);
insert into user_sessions (user_session_id, event_id, user_id, session_id) values (67, 20, 468, 203);
insert into user_sessions (user_session_id, event_id, user_id, session_id) values (68, 82, 119, 201);
insert into user_sessions (user_session_id, event_id, user_id, session_id) values (69, 30, 179, 185);
insert into user_sessions (user_session_id, event_id, user_id, session_id) values (70, 8, 392, 204);
insert into user_sessions (user_session_id, event_id, user_id, session_id) values (71, 78, 45, 243);
insert into user_sessions (user_session_id, event_id, user_id, session_id) values (72, 8, 54, 18);
insert into user_sessions (user_session_id, event_id, user_id, session_id) values (73, 48, 482, 237);
insert into user_sessions (user_session_id, event_id, user_id, session_id) values (74, 64, 387, 235);
insert into user_sessions (user_session_id, event_id, user_id, session_id) values (75, 50, 69, 342);
insert into user_sessions (user_session_id, event_id, user_id, session_id) values (76, 19, 12, 349);
insert into user_sessions (user_session_id, event_id, user_id, session_id) values (77, 23, 471, 225);
insert into user_sessions (user_session_id, event_id, user_id, session_id) values (78, 82, 213, 159);
insert into user_sessions (user_session_id, event_id, user_id, session_id) values (79, 60, 358, 268);
insert into user_sessions (user_session_id, event_id, user_id, session_id) values (80, 84, 386, 335);
insert into user_sessions (user_session_id, event_id, user_id, session_id) values (81, 81, 199, 179);
insert into user_sessions (user_session_id, event_id, user_id, session_id) values (82, 61, 394, 26);
insert into user_sessions (user_session_id, event_id, user_id, session_id) values (83, 75, 300, 38);
insert into user_sessions (user_session_id, event_id, user_id, session_id) values (84, 93, 81, 385);
insert into user_sessions (user_session_id, event_id, user_id, session_id) values (85, 64, 299, 316);
insert into user_sessions (user_session_id, event_id, user_id, session_id) values (86, 4, 183, 65);
insert into user_sessions (user_session_id, event_id, user_id, session_id) values (87, 79, 281, 303);
insert into user_sessions (user_session_id, event_id, user_id, session_id) values (88, 15, 243, 180);
insert into user_sessions (user_session_id, event_id, user_id, session_id) values (89, 8, 295, 315);
insert into user_sessions (user_session_id, event_id, user_id, session_id) values (90, 93, 373, 301);
insert into user_sessions (user_session_id, event_id, user_id, session_id) values (91, 81, 465, 165);
insert into user_sessions (user_session_id, event_id, user_id, session_id) values (92, 90, 142, 189);
insert into user_sessions (user_session_id, event_id, user_id, session_id) values (93, 91, 104, 1);
insert into user_sessions (user_session_id, event_id, user_id, session_id) values (94, 45, 178, 46);
insert into user_sessions (user_session_id, event_id, user_id, session_id) values (95, 39, 6, 2);
insert into user_sessions (user_session_id, event_id, user_id, session_id) values (96, 90, 125, 312);
insert into user_sessions (user_session_id, event_id, user_id, session_id) values (97, 26, 212, 179);
insert into user_sessions (user_session_id, event_id, user_id, session_id) values (98, 7, 42, 201);
insert into user_sessions (user_session_id, event_id, user_id, session_id) values (99, 14, 89, 303);
insert into user_sessions (user_session_id, event_id, user_id, session_id) values (100, 30, 86, 219);
insert into user_sessions (user_session_id, event_id, user_id, session_id) values (101, 1, 293, 245);
insert into user_sessions (user_session_id, event_id, user_id, session_id) values (102, 18, 183, 139);
insert into user_sessions (user_session_id, event_id, user_id, session_id) values (103, 11, 50, 361);
insert into user_sessions (user_session_id, event_id, user_id, session_id) values (104, 35, 102, 156);
insert into user_sessions (user_session_id, event_id, user_id, session_id) values (105, 16, 451, 367);
insert into user_sessions (user_session_id, event_id, user_id, session_id) values (106, 75, 360, 25);
insert into user_sessions (user_session_id, event_id, user_id, session_id) values (107, 42, 152, 12);
insert into user_sessions (user_session_id, event_id, user_id, session_id) values (108, 78, 8, 180);
insert into user_sessions (user_session_id, event_id, user_id, session_id) values (109, 63, 115, 328);
insert into user_sessions (user_session_id, event_id, user_id, session_id) values (110, 15, 96, 287);
insert into user_sessions (user_session_id, event_id, user_id, session_id) values (111, 6, 498, 338);
insert into user_sessions (user_session_id, event_id, user_id, session_id) values (112, 18, 377, 327);
insert into user_sessions (user_session_id, event_id, user_id, session_id) values (113, 63, 421, 74);
insert into user_sessions (user_session_id, event_id, user_id, session_id) values (114, 96, 441, 240);
insert into user_sessions (user_session_id, event_id, user_id, session_id) values (115, 65, 280, 270);
insert into user_sessions (user_session_id, event_id, user_id, session_id) values (116, 17, 127, 192);
insert into user_sessions (user_session_id, event_id, user_id, session_id) values (117, 72, 490, 128);
insert into user_sessions (user_session_id, event_id, user_id, session_id) values (118, 9, 478, 27);
insert into user_sessions (user_session_id, event_id, user_id, session_id) values (119, 34, 363, 97);
insert into user_sessions (user_session_id, event_id, user_id, session_id) values (120, 27, 477, 28);
insert into user_sessions (user_session_id, event_id, user_id, session_id) values (121, 28, 21, 393);
insert into user_sessions (user_session_id, event_id, user_id, session_id) values (122, 89, 154, 354);
insert into user_sessions (user_session_id, event_id, user_id, session_id) values (123, 82, 39, 63);
insert into user_sessions (user_session_id, event_id, user_id, session_id) values (124, 23, 148, 73);
insert into user_sessions (user_session_id, event_id, user_id, session_id) values (125, 94, 344, 242);
insert into user_sessions (user_session_id, event_id, user_id, session_id) values (126, 58, 224, 93);
insert into user_sessions (user_session_id, event_id, user_id, session_id) values (127, 34, 299, 113);
insert into user_sessions (user_session_id, event_id, user_id, session_id) values (128, 18, 150, 370);
insert into user_sessions (user_session_id, event_id, user_id, session_id) values (129, 55, 50, 112);
insert into user_sessions (user_session_id, event_id, user_id, session_id) values (130, 74, 157, 254);
insert into user_sessions (user_session_id, event_id, user_id, session_id) values (131, 48, 496, 319);
insert into user_sessions (user_session_id, event_id, user_id, session_id) values (132, 7, 263, 260);
insert into user_sessions (user_session_id, event_id, user_id, session_id) values (133, 91, 469, 182);
insert into user_sessions (user_session_id, event_id, user_id, session_id) values (134, 26, 233, 77);
insert into user_sessions (user_session_id, event_id, user_id, session_id) values (135, 61, 499, 327);
insert into user_sessions (user_session_id, event_id, user_id, session_id) values (136, 97, 235, 211);
insert into user_sessions (user_session_id, event_id, user_id, session_id) values (137, 45, 406, 337);
insert into user_sessions (user_session_id, event_id, user_id, session_id) values (138, 52, 204, 259);
insert into user_sessions (user_session_id, event_id, user_id, session_id) values (139, 77, 143, 359);
insert into user_sessions (user_session_id, event_id, user_id, session_id) values (140, 88, 334, 97);
insert into user_sessions (user_session_id, event_id, user_id, session_id) values (141, 62, 23, 60);
insert into user_sessions (user_session_id, event_id, user_id, session_id) values (142, 34, 192, 182);
insert into user_sessions (user_session_id, event_id, user_id, session_id) values (143, 63, 356, 371);
insert into user_sessions (user_session_id, event_id, user_id, session_id) values (144, 59, 411, 114);
insert into user_sessions (user_session_id, event_id, user_id, session_id) values (145, 5, 204, 369);
insert into user_sessions (user_session_id, event_id, user_id, session_id) values (146, 41, 396, 261);
insert into user_sessions (user_session_id, event_id, user_id, session_id) values (147, 75, 35, 118);
insert into user_sessions (user_session_id, event_id, user_id, session_id) values (148, 86, 40, 179);
insert into user_sessions (user_session_id, event_id, user_id, session_id) values (149, 63, 33, 298);
insert into user_sessions (user_session_id, event_id, user_id, session_id) values (150, 84, 315, 312);
insert into user_sessions (user_session_id, event_id, user_id, session_id) values (151, 10, 462, 169);
insert into user_sessions (user_session_id, event_id, user_id, session_id) values (152, 39, 288, 47);
insert into user_sessions (user_session_id, event_id, user_id, session_id) values (153, 64, 266, 18);
insert into user_sessions (user_session_id, event_id, user_id, session_id) values (154, 43, 344, 256);
insert into user_sessions (user_session_id, event_id, user_id, session_id) values (155, 85, 461, 151);
insert into user_sessions (user_session_id, event_id, user_id, session_id) values (156, 35, 187, 389);
insert into user_sessions (user_session_id, event_id, user_id, session_id) values (157, 47, 367, 60);
insert into user_sessions (user_session_id, event_id, user_id, session_id) values (158, 95, 232, 189);
insert into user_sessions (user_session_id, event_id, user_id, session_id) values (159, 57, 51, 174);
insert into user_sessions (user_session_id, event_id, user_id, session_id) values (160, 7, 92, 337);
insert into user_sessions (user_session_id, event_id, user_id, session_id) values (161, 76, 270, 120);
insert into user_sessions (user_session_id, event_id, user_id, session_id) values (162, 4, 38, 326);
insert into user_sessions (user_session_id, event_id, user_id, session_id) values (163, 1, 203, 371);
insert into user_sessions (user_session_id, event_id, user_id, session_id) values (164, 81, 81, 21);
insert into user_sessions (user_session_id, event_id, user_id, session_id) values (165, 63, 228, 214);
insert into user_sessions (user_session_id, event_id, user_id, session_id) values (166, 94, 392, 171);
insert into user_sessions (user_session_id, event_id, user_id, session_id) values (167, 41, 423, 366);
insert into user_sessions (user_session_id, event_id, user_id, session_id) values (168, 24, 408, 26);
insert into user_sessions (user_session_id, event_id, user_id, session_id) values (169, 76, 200, 245);
insert into user_sessions (user_session_id, event_id, user_id, session_id) values (170, 73, 182, 317);
insert into user_sessions (user_session_id, event_id, user_id, session_id) values (171, 96, 15, 297);
insert into user_sessions (user_session_id, event_id, user_id, session_id) values (172, 36, 380, 179);
insert into user_sessions (user_session_id, event_id, user_id, session_id) values (173, 7, 319, 90);
insert into user_sessions (user_session_id, event_id, user_id, session_id) values (174, 20, 347, 33);
insert into user_sessions (user_session_id, event_id, user_id, session_id) values (175, 72, 189, 87);
insert into user_sessions (user_session_id, event_id, user_id, session_id) values (176, 1, 470, 187);
insert into user_sessions (user_session_id, event_id, user_id, session_id) values (177, 32, 79, 224);
insert into user_sessions (user_session_id, event_id, user_id, session_id) values (178, 24, 172, 320);
insert into user_sessions (user_session_id, event_id, user_id, session_id) values (179, 84, 270, 228);
insert into user_sessions (user_session_id, event_id, user_id, session_id) values (180, 5, 225, 355);
insert into user_sessions (user_session_id, event_id, user_id, session_id) values (181, 57, 332, 349);
insert into user_sessions (user_session_id, event_id, user_id, session_id) values (182, 75, 58, 282);
insert into user_sessions (user_session_id, event_id, user_id, session_id) values (183, 97, 15, 258);
insert into user_sessions (user_session_id, event_id, user_id, session_id) values (184, 68, 111, 319);
insert into user_sessions (user_session_id, event_id, user_id, session_id) values (185, 92, 94, 335);
insert into user_sessions (user_session_id, event_id, user_id, session_id) values (186, 56, 63, 232);
insert into user_sessions (user_session_id, event_id, user_id, session_id) values (187, 11, 122, 361);
insert into user_sessions (user_session_id, event_id, user_id, session_id) values (188, 17, 192, 101);
insert into user_sessions (user_session_id, event_id, user_id, session_id) values (189, 62, 107, 108);
insert into user_sessions (user_session_id, event_id, user_id, session_id) values (190, 19, 88, 272);
insert into user_sessions (user_session_id, event_id, user_id, session_id) values (191, 95, 317, 86);
insert into user_sessions (user_session_id, event_id, user_id, session_id) values (192, 82, 421, 1);
insert into user_sessions (user_session_id, event_id, user_id, session_id) values (193, 81, 294, 312);
insert into user_sessions (user_session_id, event_id, user_id, session_id) values (194, 38, 159, 375);
insert into user_sessions (user_session_id, event_id, user_id, session_id) values (195, 58, 132, 66);
insert into user_sessions (user_session_id, event_id, user_id, session_id) values (196, 39, 364, 271);
insert into user_sessions (user_session_id, event_id, user_id, session_id) values (197, 98, 259, 208);
insert into user_sessions (user_session_id, event_id, user_id, session_id) values (198, 43, 10, 175);
insert into user_sessions (user_session_id, event_id, user_id, session_id) values (199, 43, 70, 149);
insert into user_sessions (user_session_id, event_id, user_id, session_id) values (200, 91, 19, 46);
insert into user_sessions (user_session_id, event_id, user_id, session_id) values (201, 19, 83, 232);
insert into user_sessions (user_session_id, event_id, user_id, session_id) values (202, 7, 175, 215);
insert into user_sessions (user_session_id, event_id, user_id, session_id) values (203, 26, 159, 69);
insert into user_sessions (user_session_id, event_id, user_id, session_id) values (204, 7, 375, 125);
insert into user_sessions (user_session_id, event_id, user_id, session_id) values (205, 92, 66, 312);
insert into user_sessions (user_session_id, event_id, user_id, session_id) values (206, 80, 12, 303);
insert into user_sessions (user_session_id, event_id, user_id, session_id) values (207, 46, 175, 280);
insert into user_sessions (user_session_id, event_id, user_id, session_id) values (208, 78, 272, 289);
insert into user_sessions (user_session_id, event_id, user_id, session_id) values (209, 69, 258, 149);
insert into user_sessions (user_session_id, event_id, user_id, session_id) values (210, 34, 89, 182);
insert into user_sessions (user_session_id, event_id, user_id, session_id) values (211, 94, 14, 109);
insert into user_sessions (user_session_id, event_id, user_id, session_id) values (212, 43, 202, 210);
insert into user_sessions (user_session_id, event_id, user_id, session_id) values (213, 9, 334, 226);
insert into user_sessions (user_session_id, event_id, user_id, session_id) values (214, 91, 310, 107);
insert into user_sessions (user_session_id, event_id, user_id, session_id) values (215, 33, 419, 340);
insert into user_sessions (user_session_id, event_id, user_id, session_id) values (216, 31, 66, 305);
insert into user_sessions (user_session_id, event_id, user_id, session_id) values (217, 35, 150, 50);
insert into user_sessions (user_session_id, event_id, user_id, session_id) values (218, 79, 215, 160);
insert into user_sessions (user_session_id, event_id, user_id, session_id) values (219, 12, 121, 75);
insert into user_sessions (user_session_id, event_id, user_id, session_id) values (220, 15, 17, 83);
insert into user_sessions (user_session_id, event_id, user_id, session_id) values (221, 59, 201, 371);
insert into user_sessions (user_session_id, event_id, user_id, session_id) values (222, 46, 357, 379);
insert into user_sessions (user_session_id, event_id, user_id, session_id) values (223, 75, 2, 139);
insert into user_sessions (user_session_id, event_id, user_id, session_id) values (224, 51, 129, 325);
insert into user_sessions (user_session_id, event_id, user_id, session_id) values (225, 20, 62, 330);
insert into user_sessions (user_session_id, event_id, user_id, session_id) values (226, 26, 251, 149);
insert into user_sessions (user_session_id, event_id, user_id, session_id) values (227, 32, 170, 152);
insert into user_sessions (user_session_id, event_id, user_id, session_id) values (228, 28, 27, 261);
insert into user_sessions (user_session_id, event_id, user_id, session_id) values (229, 9, 448, 187);
insert into user_sessions (user_session_id, event_id, user_id, session_id) values (230, 68, 106, 182);
insert into user_sessions (user_session_id, event_id, user_id, session_id) values (231, 26, 64, 370);
insert into user_sessions (user_session_id, event_id, user_id, session_id) values (232, 37, 450, 229);
insert into user_sessions (user_session_id, event_id, user_id, session_id) values (233, 33, 1, 157);
insert into user_sessions (user_session_id, event_id, user_id, session_id) values (234, 58, 114, 170);
insert into user_sessions (user_session_id, event_id, user_id, session_id) values (235, 22, 427, 94);
insert into user_sessions (user_session_id, event_id, user_id, session_id) values (236, 38, 170, 74);
insert into user_sessions (user_session_id, event_id, user_id, session_id) values (237, 62, 176, 176);
insert into user_sessions (user_session_id, event_id, user_id, session_id) values (238, 69, 304, 290);
insert into user_sessions (user_session_id, event_id, user_id, session_id) values (239, 2, 422, 393);
insert into user_sessions (user_session_id, event_id, user_id, session_id) values (240, 73, 79, 334);
insert into user_sessions (user_session_id, event_id, user_id, session_id) values (241, 68, 198, 48);
insert into user_sessions (user_session_id, event_id, user_id, session_id) values (242, 13, 184, 273);
insert into user_sessions (user_session_id, event_id, user_id, session_id) values (243, 48, 82, 282);
insert into user_sessions (user_session_id, event_id, user_id, session_id) values (244, 36, 286, 19);
insert into user_sessions (user_session_id, event_id, user_id, session_id) values (245, 36, 289, 217);
insert into user_sessions (user_session_id, event_id, user_id, session_id) values (246, 72, 20, 55);
insert into user_sessions (user_session_id, event_id, user_id, session_id) values (247, 17, 94, 117);
insert into user_sessions (user_session_id, event_id, user_id, session_id) values (248, 26, 287, 139);
insert into user_sessions (user_session_id, event_id, user_id, session_id) values (249, 3, 95, 106);
insert into user_sessions (user_session_id, event_id, user_id, session_id) values (250, 98, 435, 66);
insert into user_sessions (user_session_id, event_id, user_id, session_id) values (251, 40, 292, 133);
insert into user_sessions (user_session_id, event_id, user_id, session_id) values (252, 1, 12, 104);
insert into user_sessions (user_session_id, event_id, user_id, session_id) values (253, 41, 389, 21);
insert into user_sessions (user_session_id, event_id, user_id, session_id) values (254, 20, 28, 323);
insert into user_sessions (user_session_id, event_id, user_id, session_id) values (255, 45, 204, 94);
insert into user_sessions (user_session_id, event_id, user_id, session_id) values (256, 88, 244, 195);
insert into user_sessions (user_session_id, event_id, user_id, session_id) values (257, 16, 442, 332);
insert into user_sessions (user_session_id, event_id, user_id, session_id) values (258, 31, 314, 337);
insert into user_sessions (user_session_id, event_id, user_id, session_id) values (259, 26, 240, 161);
insert into user_sessions (user_session_id, event_id, user_id, session_id) values (260, 97, 453, 316);
insert into user_sessions (user_session_id, event_id, user_id, session_id) values (261, 97, 42, 194);
insert into user_sessions (user_session_id, event_id, user_id, session_id) values (262, 65, 365, 159);
insert into user_sessions (user_session_id, event_id, user_id, session_id) values (263, 61, 113, 347);
insert into user_sessions (user_session_id, event_id, user_id, session_id) values (264, 92, 144, 104);
insert into user_sessions (user_session_id, event_id, user_id, session_id) values (265, 72, 228, 353);
insert into user_sessions (user_session_id, event_id, user_id, session_id) values (266, 13, 425, 165);
insert into user_sessions (user_session_id, event_id, user_id, session_id) values (267, 10, 267, 233);
insert into user_sessions (user_session_id, event_id, user_id, session_id) values (268, 37, 127, 264);
insert into user_sessions (user_session_id, event_id, user_id, session_id) values (269, 46, 86, 107);
insert into user_sessions (user_session_id, event_id, user_id, session_id) values (270, 54, 226, 241);
insert into user_sessions (user_session_id, event_id, user_id, session_id) values (271, 22, 484, 336);
insert into user_sessions (user_session_id, event_id, user_id, session_id) values (272, 51, 98, 213);
insert into user_sessions (user_session_id, event_id, user_id, session_id) values (273, 13, 250, 176);
insert into user_sessions (user_session_id, event_id, user_id, session_id) values (274, 87, 476, 263);
insert into user_sessions (user_session_id, event_id, user_id, session_id) values (275, 16, 100, 46);
insert into user_sessions (user_session_id, event_id, user_id, session_id) values (276, 97, 71, 284);
insert into user_sessions (user_session_id, event_id, user_id, session_id) values (277, 41, 342, 329);
insert into user_sessions (user_session_id, event_id, user_id, session_id) values (278, 5, 60, 61);
insert into user_sessions (user_session_id, event_id, user_id, session_id) values (279, 14, 39, 396);
insert into user_sessions (user_session_id, event_id, user_id, session_id) values (280, 55, 89, 311);
insert into user_sessions (user_session_id, event_id, user_id, session_id) values (281, 56, 271, 71);
insert into user_sessions (user_session_id, event_id, user_id, session_id) values (282, 80, 175, 54);
insert into user_sessions (user_session_id, event_id, user_id, session_id) values (283, 5, 16, 144);
insert into user_sessions (user_session_id, event_id, user_id, session_id) values (284, 7, 60, 45);
insert into user_sessions (user_session_id, event_id, user_id, session_id) values (285, 36, 186, 356);
insert into user_sessions (user_session_id, event_id, user_id, session_id) values (286, 32, 101, 246);
insert into user_sessions (user_session_id, event_id, user_id, session_id) values (287, 94, 28, 32);
insert into user_sessions (user_session_id, event_id, user_id, session_id) values (288, 58, 200, 123);
insert into user_sessions (user_session_id, event_id, user_id, session_id) values (289, 41, 208, 156);
insert into user_sessions (user_session_id, event_id, user_id, session_id) values (290, 32, 31, 84);
insert into user_sessions (user_session_id, event_id, user_id, session_id) values (291, 59, 354, 139);
insert into user_sessions (user_session_id, event_id, user_id, session_id) values (292, 85, 149, 395);
insert into user_sessions (user_session_id, event_id, user_id, session_id) values (293, 21, 143, 179);
insert into user_sessions (user_session_id, event_id, user_id, session_id) values (294, 64, 464, 116);
insert into user_sessions (user_session_id, event_id, user_id, session_id) values (295, 83, 438, 211);
insert into user_sessions (user_session_id, event_id, user_id, session_id) values (296, 78, 489, 122);
insert into user_sessions (user_session_id, event_id, user_id, session_id) values (297, 31, 176, 250);
insert into user_sessions (user_session_id, event_id, user_id, session_id) values (298, 63, 225, 275);
insert into user_sessions (user_session_id, event_id, user_id, session_id) values (299, 6, 414, 257);
insert into user_sessions (user_session_id, event_id, user_id, session_id) values (300, 48, 10, 170);
insert into user_sessions (user_session_id, event_id, user_id, session_id) values (301, 57, 68, 175);
insert into user_sessions (user_session_id, event_id, user_id, session_id) values (302, 86, 185, 232);
insert into user_sessions (user_session_id, event_id, user_id, session_id) values (303, 26, 475, 173);
insert into user_sessions (user_session_id, event_id, user_id, session_id) values (304, 50, 200, 276);
insert into user_sessions (user_session_id, event_id, user_id, session_id) values (305, 44, 378, 113);
insert into user_sessions (user_session_id, event_id, user_id, session_id) values (306, 62, 317, 283);
insert into user_sessions (user_session_id, event_id, user_id, session_id) values (307, 68, 363, 296);
insert into user_sessions (user_session_id, event_id, user_id, session_id) values (308, 48, 179, 109);
insert into user_sessions (user_session_id, event_id, user_id, session_id) values (309, 37, 445, 84);
insert into user_sessions (user_session_id, event_id, user_id, session_id) values (310, 58, 311, 173);
insert into user_sessions (user_session_id, event_id, user_id, session_id) values (311, 98, 499, 329);
insert into user_sessions (user_session_id, event_id, user_id, session_id) values (312, 21, 107, 353);
insert into user_sessions (user_session_id, event_id, user_id, session_id) values (313, 62, 497, 131);
insert into user_sessions (user_session_id, event_id, user_id, session_id) values (314, 41, 38, 99);
insert into user_sessions (user_session_id, event_id, user_id, session_id) values (315, 55, 297, 81);
insert into user_sessions (user_session_id, event_id, user_id, session_id) values (316, 68, 457, 280);
insert into user_sessions (user_session_id, event_id, user_id, session_id) values (317, 75, 488, 128);
insert into user_sessions (user_session_id, event_id, user_id, session_id) values (318, 45, 436, 25);
insert into user_sessions (user_session_id, event_id, user_id, session_id) values (319, 66, 330, 285);
insert into user_sessions (user_session_id, event_id, user_id, session_id) values (320, 79, 251, 38);
insert into user_sessions (user_session_id, event_id, user_id, session_id) values (321, 87, 43, 112);
insert into user_sessions (user_session_id, event_id, user_id, session_id) values (322, 54, 253, 238);
insert into user_sessions (user_session_id, event_id, user_id, session_id) values (323, 38, 486, 350);
insert into user_sessions (user_session_id, event_id, user_id, session_id) values (324, 78, 419, 310);
insert into user_sessions (user_session_id, event_id, user_id, session_id) values (325, 21, 268, 64);
insert into user_sessions (user_session_id, event_id, user_id, session_id) values (326, 62, 367, 103);
insert into user_sessions (user_session_id, event_id, user_id, session_id) values (327, 63, 347, 383);
insert into user_sessions (user_session_id, event_id, user_id, session_id) values (328, 29, 425, 115);
insert into user_sessions (user_session_id, event_id, user_id, session_id) values (329, 94, 342, 14);
insert into user_sessions (user_session_id, event_id, user_id, session_id) values (330, 7, 470, 395);
insert into user_sessions (user_session_id, event_id, user_id, session_id) values (331, 90, 79, 77);
insert into user_sessions (user_session_id, event_id, user_id, session_id) values (332, 88, 344, 284);
insert into user_sessions (user_session_id, event_id, user_id, session_id) values (333, 33, 319, 199);
insert into user_sessions (user_session_id, event_id, user_id, session_id) values (334, 21, 343, 326);
insert into user_sessions (user_session_id, event_id, user_id, session_id) values (335, 29, 324, 259);
insert into user_sessions (user_session_id, event_id, user_id, session_id) values (336, 69, 283, 192);
insert into user_sessions (user_session_id, event_id, user_id, session_id) values (337, 95, 23, 92);
insert into user_sessions (user_session_id, event_id, user_id, session_id) values (338, 21, 308, 350);
insert into user_sessions (user_session_id, event_id, user_id, session_id) values (339, 60, 290, 114);
insert into user_sessions (user_session_id, event_id, user_id, session_id) values (340, 30, 320, 253);
insert into user_sessions (user_session_id, event_id, user_id, session_id) values (341, 33, 315, 194);
insert into user_sessions (user_session_id, event_id, user_id, session_id) values (342, 84, 422, 336);
insert into user_sessions (user_session_id, event_id, user_id, session_id) values (343, 74, 6, 231);
insert into user_sessions (user_session_id, event_id, user_id, session_id) values (344, 24, 146, 250);
insert into user_sessions (user_session_id, event_id, user_id, session_id) values (345, 25, 313, 292);
insert into user_sessions (user_session_id, event_id, user_id, session_id) values (346, 97, 180, 165);
insert into user_sessions (user_session_id, event_id, user_id, session_id) values (347, 74, 115, 194);
insert into user_sessions (user_session_id, event_id, user_id, session_id) values (348, 38, 98, 137);
insert into user_sessions (user_session_id, event_id, user_id, session_id) values (349, 68, 237, 132);
insert into user_sessions (user_session_id, event_id, user_id, session_id) values (350, 57, 329, 11);
insert into user_sessions (user_session_id, event_id, user_id, session_id) values (351, 63, 334, 69);
insert into user_sessions (user_session_id, event_id, user_id, session_id) values (352, 61, 26, 53);
insert into user_sessions (user_session_id, event_id, user_id, session_id) values (353, 63, 290, 308);
insert into user_sessions (user_session_id, event_id, user_id, session_id) values (354, 92, 87, 131);
insert into user_sessions (user_session_id, event_id, user_id, session_id) values (355, 8, 133, 23);
insert into user_sessions (user_session_id, event_id, user_id, session_id) values (356, 87, 93, 310);
insert into user_sessions (user_session_id, event_id, user_id, session_id) values (357, 10, 108, 281);
insert into user_sessions (user_session_id, event_id, user_id, session_id) values (358, 38, 33, 284);
insert into user_sessions (user_session_id, event_id, user_id, session_id) values (359, 92, 303, 257);
insert into user_sessions (user_session_id, event_id, user_id, session_id) values (360, 47, 93, 173);
insert into user_sessions (user_session_id, event_id, user_id, session_id) values (361, 75, 169, 175);
insert into user_sessions (user_session_id, event_id, user_id, session_id) values (362, 75, 184, 242);
insert into user_sessions (user_session_id, event_id, user_id, session_id) values (363, 6, 415, 375);
insert into user_sessions (user_session_id, event_id, user_id, session_id) values (364, 76, 48, 259);
insert into user_sessions (user_session_id, event_id, user_id, session_id) values (365, 10, 331, 125);
insert into user_sessions (user_session_id, event_id, user_id, session_id) values (366, 87, 56, 166);
insert into user_sessions (user_session_id, event_id, user_id, session_id) values (367, 77, 138, 235);
insert into user_sessions (user_session_id, event_id, user_id, session_id) values (368, 61, 139, 152);
insert into user_sessions (user_session_id, event_id, user_id, session_id) values (369, 87, 332, 111);
insert into user_sessions (user_session_id, event_id, user_id, session_id) values (370, 3, 441, 164);
insert into user_sessions (user_session_id, event_id, user_id, session_id) values (371, 32, 457, 395);
insert into user_sessions (user_session_id, event_id, user_id, session_id) values (372, 79, 488, 18);
insert into user_sessions (user_session_id, event_id, user_id, session_id) values (373, 95, 134, 153);
insert into user_sessions (user_session_id, event_id, user_id, session_id) values (374, 16, 436, 11);
insert into user_sessions (user_session_id, event_id, user_id, session_id) values (375, 26, 229, 182);
insert into user_sessions (user_session_id, event_id, user_id, session_id) values (376, 7, 498, 79);
insert into user_sessions (user_session_id, event_id, user_id, session_id) values (377, 45, 223, 147);
insert into user_sessions (user_session_id, event_id, user_id, session_id) values (378, 92, 121, 148);
insert into user_sessions (user_session_id, event_id, user_id, session_id) values (379, 86, 304, 102);
insert into user_sessions (user_session_id, event_id, user_id, session_id) values (380, 42, 481, 291);
insert into user_sessions (user_session_id, event_id, user_id, session_id) values (381, 97, 197, 326);
insert into user_sessions (user_session_id, event_id, user_id, session_id) values (382, 24, 184, 351);
insert into user_sessions (user_session_id, event_id, user_id, session_id) values (383, 31, 497, 201);
insert into user_sessions (user_session_id, event_id, user_id, session_id) values (384, 22, 152, 242);
insert into user_sessions (user_session_id, event_id, user_id, session_id) values (385, 93, 287, 66);
insert into user_sessions (user_session_id, event_id, user_id, session_id) values (386, 6, 377, 200);
insert into user_sessions (user_session_id, event_id, user_id, session_id) values (387, 2, 61, 202);
insert into user_sessions (user_session_id, event_id, user_id, session_id) values (388, 14, 79, 173);
insert into user_sessions (user_session_id, event_id, user_id, session_id) values (389, 87, 445, 146);
insert into user_sessions (user_session_id, event_id, user_id, session_id) values (390, 36, 394, 231);
insert into user_sessions (user_session_id, event_id, user_id, session_id) values (391, 19, 324, 350);
insert into user_sessions (user_session_id, event_id, user_id, session_id) values (392, 82, 328, 252);
insert into user_sessions (user_session_id, event_id, user_id, session_id) values (393, 23, 178, 324);
insert into user_sessions (user_session_id, event_id, user_id, session_id) values (394, 26, 356, 161);
insert into user_sessions (user_session_id, event_id, user_id, session_id) values (395, 87, 137, 210);
insert into user_sessions (user_session_id, event_id, user_id, session_id) values (396, 74, 458, 137);
insert into user_sessions (user_session_id, event_id, user_id, session_id) values (397, 7, 113, 220);
insert into user_sessions (user_session_id, event_id, user_id, session_id) values (398, 35, 481, 385);
insert into user_sessions (user_session_id, event_id, user_id, session_id) values (399, 21, 202, 229);
insert into user_sessions (user_session_id, event_id, user_id, session_id) values (400, 34, 484, 191);
insert into user_sessions (user_session_id, event_id, user_id, session_id) values (401, 55, 180, 349);
insert into user_sessions (user_session_id, event_id, user_id, session_id) values (402, 21, 172, 201);
insert into user_sessions (user_session_id, event_id, user_id, session_id) values (403, 98, 496, 308);
insert into user_sessions (user_session_id, event_id, user_id, session_id) values (404, 37, 484, 107);
insert into user_sessions (user_session_id, event_id, user_id, session_id) values (405, 21, 348, 100);
insert into user_sessions (user_session_id, event_id, user_id, session_id) values (406, 44, 18, 38);
insert into user_sessions (user_session_id, event_id, user_id, session_id) values (407, 70, 195, 131);
insert into user_sessions (user_session_id, event_id, user_id, session_id) values (408, 36, 151, 280);
insert into user_sessions (user_session_id, event_id, user_id, session_id) values (409, 16, 73, 162);
insert into user_sessions (user_session_id, event_id, user_id, session_id) values (410, 65, 223, 159);
insert into user_sessions (user_session_id, event_id, user_id, session_id) values (411, 59, 140, 321);
insert into user_sessions (user_session_id, event_id, user_id, session_id) values (412, 44, 289, 145);
insert into user_sessions (user_session_id, event_id, user_id, session_id) values (413, 8, 23, 217);
insert into user_sessions (user_session_id, event_id, user_id, session_id) values (414, 57, 334, 189);
insert into user_sessions (user_session_id, event_id, user_id, session_id) values (415, 89, 60, 104);
insert into user_sessions (user_session_id, event_id, user_id, session_id) values (416, 81, 494, 279);
insert into user_sessions (user_session_id, event_id, user_id, session_id) values (417, 34, 61, 386);
insert into user_sessions (user_session_id, event_id, user_id, session_id) values (418, 50, 164, 236);
insert into user_sessions (user_session_id, event_id, user_id, session_id) values (419, 66, 408, 74);
insert into user_sessions (user_session_id, event_id, user_id, session_id) values (420, 93, 400, 161);
insert into user_sessions (user_session_id, event_id, user_id, session_id) values (421, 27, 141, 250);
insert into user_sessions (user_session_id, event_id, user_id, session_id) values (422, 20, 124, 125);
insert into user_sessions (user_session_id, event_id, user_id, session_id) values (423, 85, 301, 297);
insert into user_sessions (user_session_id, event_id, user_id, session_id) values (424, 28, 294, 144);
insert into user_sessions (user_session_id, event_id, user_id, session_id) values (425, 69, 394, 211);
insert into user_sessions (user_session_id, event_id, user_id, session_id) values (426, 100, 341, 39);
insert into user_sessions (user_session_id, event_id, user_id, session_id) values (427, 68, 495, 187);
insert into user_sessions (user_session_id, event_id, user_id, session_id) values (428, 82, 374, 247);
insert into user_sessions (user_session_id, event_id, user_id, session_id) values (429, 26, 353, 20);
insert into user_sessions (user_session_id, event_id, user_id, session_id) values (430, 43, 402, 12);
insert into user_sessions (user_session_id, event_id, user_id, session_id) values (431, 39, 100, 321);
insert into user_sessions (user_session_id, event_id, user_id, session_id) values (432, 17, 173, 174);
insert into user_sessions (user_session_id, event_id, user_id, session_id) values (433, 99, 352, 155);
insert into user_sessions (user_session_id, event_id, user_id, session_id) values (434, 74, 451, 225);
insert into user_sessions (user_session_id, event_id, user_id, session_id) values (435, 22, 201, 241);
insert into user_sessions (user_session_id, event_id, user_id, session_id) values (436, 51, 182, 83);
insert into user_sessions (user_session_id, event_id, user_id, session_id) values (437, 49, 276, 78);
insert into user_sessions (user_session_id, event_id, user_id, session_id) values (438, 12, 404, 73);
insert into user_sessions (user_session_id, event_id, user_id, session_id) values (439, 46, 52, 344);
insert into user_sessions (user_session_id, event_id, user_id, session_id) values (440, 31, 196, 334);
insert into user_sessions (user_session_id, event_id, user_id, session_id) values (441, 73, 280, 43);
insert into user_sessions (user_session_id, event_id, user_id, session_id) values (442, 87, 48, 326);
insert into user_sessions (user_session_id, event_id, user_id, session_id) values (443, 87, 42, 127);
insert into user_sessions (user_session_id, event_id, user_id, session_id) values (444, 68, 190, 223);
insert into user_sessions (user_session_id, event_id, user_id, session_id) values (445, 14, 340, 368);
insert into user_sessions (user_session_id, event_id, user_id, session_id) values (446, 19, 36, 399);
insert into user_sessions (user_session_id, event_id, user_id, session_id) values (447, 73, 73, 226);
insert into user_sessions (user_session_id, event_id, user_id, session_id) values (448, 40, 171, 64);
insert into user_sessions (user_session_id, event_id, user_id, session_id) values (449, 60, 42, 208);
insert into user_sessions (user_session_id, event_id, user_id, session_id) values (450, 15, 34, 350);
insert into user_sessions (user_session_id, event_id, user_id, session_id) values (451, 69, 208, 122);
insert into user_sessions (user_session_id, event_id, user_id, session_id) values (452, 52, 412, 290);
insert into user_sessions (user_session_id, event_id, user_id, session_id) values (453, 81, 303, 262);
insert into user_sessions (user_session_id, event_id, user_id, session_id) values (454, 2, 31, 262);
insert into user_sessions (user_session_id, event_id, user_id, session_id) values (455, 68, 218, 105);
insert into user_sessions (user_session_id, event_id, user_id, session_id) values (456, 90, 479, 276);
insert into user_sessions (user_session_id, event_id, user_id, session_id) values (457, 46, 257, 366);
insert into user_sessions (user_session_id, event_id, user_id, session_id) values (458, 92, 432, 224);
insert into user_sessions (user_session_id, event_id, user_id, session_id) values (459, 13, 324, 356);
insert into user_sessions (user_session_id, event_id, user_id, session_id) values (460, 81, 188, 319);
insert into user_sessions (user_session_id, event_id, user_id, session_id) values (461, 77, 165, 139);
insert into user_sessions (user_session_id, event_id, user_id, session_id) values (462, 62, 324, 24);
insert into user_sessions (user_session_id, event_id, user_id, session_id) values (463, 16, 153, 167);
insert into user_sessions (user_session_id, event_id, user_id, session_id) values (464, 48, 119, 351);
insert into user_sessions (user_session_id, event_id, user_id, session_id) values (465, 100, 422, 400);
insert into user_sessions (user_session_id, event_id, user_id, session_id) values (466, 87, 415, 379);
insert into user_sessions (user_session_id, event_id, user_id, session_id) values (467, 36, 132, 76);
insert into user_sessions (user_session_id, event_id, user_id, session_id) values (468, 43, 248, 161);
insert into user_sessions (user_session_id, event_id, user_id, session_id) values (469, 67, 99, 8);
insert into user_sessions (user_session_id, event_id, user_id, session_id) values (470, 43, 329, 87);
insert into user_sessions (user_session_id, event_id, user_id, session_id) values (471, 37, 204, 395);
insert into user_sessions (user_session_id, event_id, user_id, session_id) values (472, 84, 210, 346);
insert into user_sessions (user_session_id, event_id, user_id, session_id) values (473, 68, 212, 43);
insert into user_sessions (user_session_id, event_id, user_id, session_id) values (474, 85, 230, 234);
insert into user_sessions (user_session_id, event_id, user_id, session_id) values (475, 56, 65, 366);
insert into user_sessions (user_session_id, event_id, user_id, session_id) values (476, 84, 38, 335);
insert into user_sessions (user_session_id, event_id, user_id, session_id) values (477, 67, 460, 253);
insert into user_sessions (user_session_id, event_id, user_id, session_id) values (478, 94, 225, 42);
insert into user_sessions (user_session_id, event_id, user_id, session_id) values (479, 36, 370, 347);
insert into user_sessions (user_session_id, event_id, user_id, session_id) values (480, 20, 447, 221);
insert into user_sessions (user_session_id, event_id, user_id, session_id) values (481, 100, 420, 284);
insert into user_sessions (user_session_id, event_id, user_id, session_id) values (482, 67, 374, 5);
insert into user_sessions (user_session_id, event_id, user_id, session_id) values (483, 28, 267, 108);
insert into user_sessions (user_session_id, event_id, user_id, session_id) values (484, 87, 482, 270);
insert into user_sessions (user_session_id, event_id, user_id, session_id) values (485, 79, 29, 113);
insert into user_sessions (user_session_id, event_id, user_id, session_id) values (486, 2, 423, 6);
insert into user_sessions (user_session_id, event_id, user_id, session_id) values (487, 71, 359, 393);
insert into user_sessions (user_session_id, event_id, user_id, session_id) values (488, 64, 265, 75);
insert into user_sessions (user_session_id, event_id, user_id, session_id) values (489, 55, 275, 342);
insert into user_sessions (user_session_id, event_id, user_id, session_id) values (490, 19, 346, 288);
insert into user_sessions (user_session_id, event_id, user_id, session_id) values (491, 29, 443, 390);
insert into user_sessions (user_session_id, event_id, user_id, session_id) values (492, 26, 380, 11);
insert into user_sessions (user_session_id, event_id, user_id, session_id) values (493, 15, 450, 92);
insert into user_sessions (user_session_id, event_id, user_id, session_id) values (494, 47, 448, 209);
insert into user_sessions (user_session_id, event_id, user_id, session_id) values (495, 3, 90, 23);
insert into user_sessions (user_session_id, event_id, user_id, session_id) values (496, 3, 430, 119);
insert into user_sessions (user_session_id, event_id, user_id, session_id) values (497, 37, 291, 392);
insert into user_sessions (user_session_id, event_id, user_id, session_id) values (498, 41, 208, 383);
insert into user_sessions (user_session_id, event_id, user_id, session_id) values (499, 79, 221, 325);
insert into user_sessions (user_session_id, event_id, user_id, session_id) values (500, 36, 240, 323);

/*event registration data*/
insert into event_registrations (event_registration_id, user_id, event_id, attendee_type_id) values (1, 1, 63, 'attendee');
insert into event_registrations (event_registration_id, user_id, event_id, attendee_type_id) values (2, 2, 21, 'attendee');
insert into event_registrations (event_registration_id, user_id, event_id, attendee_type_id) values (3, 3, 1, 'attendee');
insert into event_registrations (event_registration_id, user_id, event_id, attendee_type_id) values (4, 4, 95, 'attendee');
insert into event_registrations (event_registration_id, user_id, event_id, attendee_type_id) values (5, 5, 90, 'attendee');
insert into event_registrations (event_registration_id, user_id, event_id, attendee_type_id) values (6, 6, 57, 'attendee');
insert into event_registrations (event_registration_id, user_id, event_id, attendee_type_id) values (7, 7, 23, 'attendee');
insert into event_registrations (event_registration_id, user_id, event_id, attendee_type_id) values (8, 8, 85, 'attendee');
insert into event_registrations (event_registration_id, user_id, event_id, attendee_type_id) values (9, 9, 61, 'attendee');
insert into event_registrations (event_registration_id, user_id, event_id, attendee_type_id) values (10, 10, 15, 'attendee');
insert into event_registrations (event_registration_id, user_id, event_id, attendee_type_id) values (11, 11, 76, 'attendee');
insert into event_registrations (event_registration_id, user_id, event_id, attendee_type_id) values (12, 12, 27, 'attendee');
insert into event_registrations (event_registration_id, user_id, event_id, attendee_type_id) values (13, 13, 34, 'attendee');
insert into event_registrations (event_registration_id, user_id, event_id, attendee_type_id) values (14, 14, 38, 'attendee');
insert into event_registrations (event_registration_id, user_id, event_id, attendee_type_id) values (15, 15, 69, 'attendee');
insert into event_registrations (event_registration_id, user_id, event_id, attendee_type_id) values (16, 16, 64, 'attendee');
insert into event_registrations (event_registration_id, user_id, event_id, attendee_type_id) values (17, 17, 76, 'attendee');
insert into event_registrations (event_registration_id, user_id, event_id, attendee_type_id) values (18, 18, 98, 'attendee');
insert into event_registrations (event_registration_id, user_id, event_id, attendee_type_id) values (19, 19, 92, 'attendee');
insert into event_registrations (event_registration_id, user_id, event_id, attendee_type_id) values (20, 20, 4, 'attendee');
insert into event_registrations (event_registration_id, user_id, event_id, attendee_type_id) values (21, 21, 27, 'attendee');
insert into event_registrations (event_registration_id, user_id, event_id, attendee_type_id) values (22, 22, 70, 'attendee');
insert into event_registrations (event_registration_id, user_id, event_id, attendee_type_id) values (23, 23, 10, 'attendee');
insert into event_registrations (event_registration_id, user_id, event_id, attendee_type_id) values (24, 24, 3, 'attendee');
insert into event_registrations (event_registration_id, user_id, event_id, attendee_type_id) values (25, 25, 18, 'attendee');
insert into event_registrations (event_registration_id, user_id, event_id, attendee_type_id) values (26, 26, 20, 'attendee');
insert into event_registrations (event_registration_id, user_id, event_id, attendee_type_id) values (27, 27, 76, 'attendee');
insert into event_registrations (event_registration_id, user_id, event_id, attendee_type_id) values (28, 28, 75, 'attendee');
insert into event_registrations (event_registration_id, user_id, event_id, attendee_type_id) values (29, 29, 45, 'attendee');
insert into event_registrations (event_registration_id, user_id, event_id, attendee_type_id) values (30, 30, 10, 'attendee');
insert into event_registrations (event_registration_id, user_id, event_id, attendee_type_id) values (31, 31, 93, 'attendee');
insert into event_registrations (event_registration_id, user_id, event_id, attendee_type_id) values (32, 32, 91, 'attendee');
insert into event_registrations (event_registration_id, user_id, event_id, attendee_type_id) values (33, 33, 35, 'attendee');
insert into event_registrations (event_registration_id, user_id, event_id, attendee_type_id) values (34, 34, 96, 'attendee');
insert into event_registrations (event_registration_id, user_id, event_id, attendee_type_id) values (35, 35, 6, 'attendee');
insert into event_registrations (event_registration_id, user_id, event_id, attendee_type_id) values (36, 36, 26, 'attendee');
insert into event_registrations (event_registration_id, user_id, event_id, attendee_type_id) values (37, 37, 33, 'attendee');
insert into event_registrations (event_registration_id, user_id, event_id, attendee_type_id) values (38, 38, 46, 'attendee');
insert into event_registrations (event_registration_id, user_id, event_id, attendee_type_id) values (39, 39, 19, 'attendee');
insert into event_registrations (event_registration_id, user_id, event_id, attendee_type_id) values (40, 40, 60, 'attendee');
insert into event_registrations (event_registration_id, user_id, event_id, attendee_type_id) values (41, 41, 67, 'attendee');
insert into event_registrations (event_registration_id, user_id, event_id, attendee_type_id) values (42, 42, 46, 'attendee');
insert into event_registrations (event_registration_id, user_id, event_id, attendee_type_id) values (43, 43, 45, 'attendee');
insert into event_registrations (event_registration_id, user_id, event_id, attendee_type_id) values (44, 44, 84, 'attendee');
insert into event_registrations (event_registration_id, user_id, event_id, attendee_type_id) values (45, 45, 50, 'attendee');
insert into event_registrations (event_registration_id, user_id, event_id, attendee_type_id) values (46, 46, 41, 'attendee');
insert into event_registrations (event_registration_id, user_id, event_id, attendee_type_id) values (47, 47, 95, 'attendee');
insert into event_registrations (event_registration_id, user_id, event_id, attendee_type_id) values (48, 48, 66, 'attendee');
insert into event_registrations (event_registration_id, user_id, event_id, attendee_type_id) values (49, 49, 59, 'attendee');
insert into event_registrations (event_registration_id, user_id, event_id, attendee_type_id) values (50, 50, 15, 'attendee');
insert into event_registrations (event_registration_id, user_id, event_id, attendee_type_id) values (51, 51, 3, 'attendee');
insert into event_registrations (event_registration_id, user_id, event_id, attendee_type_id) values (52, 52, 96, 'attendee');
insert into event_registrations (event_registration_id, user_id, event_id, attendee_type_id) values (53, 53, 92, 'attendee');
insert into event_registrations (event_registration_id, user_id, event_id, attendee_type_id) values (54, 54, 80, 'attendee');
insert into event_registrations (event_registration_id, user_id, event_id, attendee_type_id) values (55, 55, 48, 'attendee');
insert into event_registrations (event_registration_id, user_id, event_id, attendee_type_id) values (56, 56, 33, 'attendee');
insert into event_registrations (event_registration_id, user_id, event_id, attendee_type_id) values (57, 57, 46, 'attendee');
insert into event_registrations (event_registration_id, user_id, event_id, attendee_type_id) values (58, 58, 60, 'attendee');
insert into event_registrations (event_registration_id, user_id, event_id, attendee_type_id) values (59, 59, 58, 'attendee');
insert into event_registrations (event_registration_id, user_id, event_id, attendee_type_id) values (60, 60, 35, 'attendee');
insert into event_registrations (event_registration_id, user_id, event_id, attendee_type_id) values (61, 61, 61, 'attendee');
insert into event_registrations (event_registration_id, user_id, event_id, attendee_type_id) values (62, 62, 91, 'attendee');
insert into event_registrations (event_registration_id, user_id, event_id, attendee_type_id) values (63, 63, 37, 'attendee');
insert into event_registrations (event_registration_id, user_id, event_id, attendee_type_id) values (64, 64, 78, 'attendee');
insert into event_registrations (event_registration_id, user_id, event_id, attendee_type_id) values (65, 65, 52, 'attendee');
insert into event_registrations (event_registration_id, user_id, event_id, attendee_type_id) values (66, 66, 100, 'attendee');
insert into event_registrations (event_registration_id, user_id, event_id, attendee_type_id) values (67, 67, 43, 'attendee');
insert into event_registrations (event_registration_id, user_id, event_id, attendee_type_id) values (68, 68, 71, 'attendee');
insert into event_registrations (event_registration_id, user_id, event_id, attendee_type_id) values (69, 69, 39, 'attendee');
insert into event_registrations (event_registration_id, user_id, event_id, attendee_type_id) values (70, 70, 11, 'attendee');
insert into event_registrations (event_registration_id, user_id, event_id, attendee_type_id) values (71, 71, 68, 'attendee');
insert into event_registrations (event_registration_id, user_id, event_id, attendee_type_id) values (72, 72, 12, 'attendee');
insert into event_registrations (event_registration_id, user_id, event_id, attendee_type_id) values (73, 73, 6, 'attendee');
insert into event_registrations (event_registration_id, user_id, event_id, attendee_type_id) values (74, 74, 13, 'attendee');
insert into event_registrations (event_registration_id, user_id, event_id, attendee_type_id) values (75, 75, 41, 'attendee');
insert into event_registrations (event_registration_id, user_id, event_id, attendee_type_id) values (76, 76, 60, 'attendee');
insert into event_registrations (event_registration_id, user_id, event_id, attendee_type_id) values (77, 77, 44, 'attendee');
insert into event_registrations (event_registration_id, user_id, event_id, attendee_type_id) values (78, 78, 3, 'attendee');
insert into event_registrations (event_registration_id, user_id, event_id, attendee_type_id) values (79, 79, 38, 'attendee');
insert into event_registrations (event_registration_id, user_id, event_id, attendee_type_id) values (80, 80, 58, 'attendee');
insert into event_registrations (event_registration_id, user_id, event_id, attendee_type_id) values (81, 81, 22, 'attendee');
insert into event_registrations (event_registration_id, user_id, event_id, attendee_type_id) values (82, 82, 20, 'attendee');
insert into event_registrations (event_registration_id, user_id, event_id, attendee_type_id) values (83, 83, 18, 'attendee');
insert into event_registrations (event_registration_id, user_id, event_id, attendee_type_id) values (84, 84, 1, 'attendee');
insert into event_registrations (event_registration_id, user_id, event_id, attendee_type_id) values (85, 85, 34, 'attendee');
insert into event_registrations (event_registration_id, user_id, event_id, attendee_type_id) values (86, 86, 79, 'attendee');
insert into event_registrations (event_registration_id, user_id, event_id, attendee_type_id) values (87, 87, 71, 'attendee');
insert into event_registrations (event_registration_id, user_id, event_id, attendee_type_id) values (88, 88, 23, 'attendee');
insert into event_registrations (event_registration_id, user_id, event_id, attendee_type_id) values (89, 89, 71, 'attendee');
insert into event_registrations (event_registration_id, user_id, event_id, attendee_type_id) values (90, 90, 14, 'attendee');
insert into event_registrations (event_registration_id, user_id, event_id, attendee_type_id) values (91, 91, 73, 'attendee');
insert into event_registrations (event_registration_id, user_id, event_id, attendee_type_id) values (92, 92, 97, 'attendee');
insert into event_registrations (event_registration_id, user_id, event_id, attendee_type_id) values (93, 93, 96, 'attendee');
insert into event_registrations (event_registration_id, user_id, event_id, attendee_type_id) values (94, 94, 1, 'attendee');
insert into event_registrations (event_registration_id, user_id, event_id, attendee_type_id) values (95, 95, 17, 'attendee');
insert into event_registrations (event_registration_id, user_id, event_id, attendee_type_id) values (96, 96, 5, 'attendee');
insert into event_registrations (event_registration_id, user_id, event_id, attendee_type_id) values (97, 97, 21, 'attendee');
insert into event_registrations (event_registration_id, user_id, event_id, attendee_type_id) values (98, 98, 96, 'attendee');
insert into event_registrations (event_registration_id, user_id, event_id, attendee_type_id) values (99, 99, 40, 'attendee');
insert into event_registrations (event_registration_id, user_id, event_id, attendee_type_id) values (100, 100, 67, 'attendee');
insert into event_registrations (event_registration_id, user_id, event_id, attendee_type_id) values (101, 101, 64, 'attendee');
insert into event_registrations (event_registration_id, user_id, event_id, attendee_type_id) values (102, 102, 90, 'attendee');
insert into event_registrations (event_registration_id, user_id, event_id, attendee_type_id) values (103, 103, 42, 'attendee');
insert into event_registrations (event_registration_id, user_id, event_id, attendee_type_id) values (104, 104, 76, 'attendee');
insert into event_registrations (event_registration_id, user_id, event_id, attendee_type_id) values (105, 105, 96, 'attendee');
insert into event_registrations (event_registration_id, user_id, event_id, attendee_type_id) values (106, 106, 75, 'attendee');
insert into event_registrations (event_registration_id, user_id, event_id, attendee_type_id) values (107, 107, 1, 'attendee');
insert into event_registrations (event_registration_id, user_id, event_id, attendee_type_id) values (108, 108, 32, 'attendee');
insert into event_registrations (event_registration_id, user_id, event_id, attendee_type_id) values (109, 109, 22, 'attendee');
insert into event_registrations (event_registration_id, user_id, event_id, attendee_type_id) values (110, 110, 84, 'attendee');
insert into event_registrations (event_registration_id, user_id, event_id, attendee_type_id) values (111, 111, 2, 'attendee');
insert into event_registrations (event_registration_id, user_id, event_id, attendee_type_id) values (112, 112, 54, 'attendee');
insert into event_registrations (event_registration_id, user_id, event_id, attendee_type_id) values (113, 113, 54, 'attendee');
insert into event_registrations (event_registration_id, user_id, event_id, attendee_type_id) values (114, 114, 17, 'attendee');
insert into event_registrations (event_registration_id, user_id, event_id, attendee_type_id) values (115, 115, 15, 'attendee');
insert into event_registrations (event_registration_id, user_id, event_id, attendee_type_id) values (116, 116, 8, 'attendee');
insert into event_registrations (event_registration_id, user_id, event_id, attendee_type_id) values (117, 117, 58, 'attendee');
insert into event_registrations (event_registration_id, user_id, event_id, attendee_type_id) values (118, 118, 96, 'attendee');
insert into event_registrations (event_registration_id, user_id, event_id, attendee_type_id) values (119, 119, 85, 'attendee');
insert into event_registrations (event_registration_id, user_id, event_id, attendee_type_id) values (120, 120, 46, 'attendee');
insert into event_registrations (event_registration_id, user_id, event_id, attendee_type_id) values (121, 121, 18, 'attendee');
insert into event_registrations (event_registration_id, user_id, event_id, attendee_type_id) values (122, 122, 47, 'attendee');
insert into event_registrations (event_registration_id, user_id, event_id, attendee_type_id) values (123, 123, 75, 'attendee');
insert into event_registrations (event_registration_id, user_id, event_id, attendee_type_id) values (124, 124, 64, 'attendee');
insert into event_registrations (event_registration_id, user_id, event_id, attendee_type_id) values (125, 125, 96, 'attendee');
insert into event_registrations (event_registration_id, user_id, event_id, attendee_type_id) values (126, 126, 82, 'attendee');
insert into event_registrations (event_registration_id, user_id, event_id, attendee_type_id) values (127, 127, 42, 'attendee');
insert into event_registrations (event_registration_id, user_id, event_id, attendee_type_id) values (128, 128, 53, 'attendee');
insert into event_registrations (event_registration_id, user_id, event_id, attendee_type_id) values (129, 129, 87, 'attendee');
insert into event_registrations (event_registration_id, user_id, event_id, attendee_type_id) values (130, 130, 76, 'attendee');
insert into event_registrations (event_registration_id, user_id, event_id, attendee_type_id) values (131, 131, 8, 'attendee');
insert into event_registrations (event_registration_id, user_id, event_id, attendee_type_id) values (132, 132, 46, 'attendee');
insert into event_registrations (event_registration_id, user_id, event_id, attendee_type_id) values (133, 133, 57, 'attendee');
insert into event_registrations (event_registration_id, user_id, event_id, attendee_type_id) values (134, 134, 46, 'attendee');
insert into event_registrations (event_registration_id, user_id, event_id, attendee_type_id) values (135, 135, 28, 'attendee');
insert into event_registrations (event_registration_id, user_id, event_id, attendee_type_id) values (136, 136, 79, 'attendee');
insert into event_registrations (event_registration_id, user_id, event_id, attendee_type_id) values (137, 137, 32, 'attendee');
insert into event_registrations (event_registration_id, user_id, event_id, attendee_type_id) values (138, 138, 29, 'attendee');
insert into event_registrations (event_registration_id, user_id, event_id, attendee_type_id) values (139, 139, 71, 'attendee');
insert into event_registrations (event_registration_id, user_id, event_id, attendee_type_id) values (140, 140, 47, 'attendee');
insert into event_registrations (event_registration_id, user_id, event_id, attendee_type_id) values (141, 141, 7, 'attendee');
insert into event_registrations (event_registration_id, user_id, event_id, attendee_type_id) values (142, 142, 31, 'attendee');
insert into event_registrations (event_registration_id, user_id, event_id, attendee_type_id) values (143, 143, 95, 'attendee');
insert into event_registrations (event_registration_id, user_id, event_id, attendee_type_id) values (144, 144, 47, 'attendee');
insert into event_registrations (event_registration_id, user_id, event_id, attendee_type_id) values (145, 145, 83, 'attendee');
insert into event_registrations (event_registration_id, user_id, event_id, attendee_type_id) values (146, 146, 75, 'attendee');
insert into event_registrations (event_registration_id, user_id, event_id, attendee_type_id) values (147, 147, 17, 'attendee');
insert into event_registrations (event_registration_id, user_id, event_id, attendee_type_id) values (148, 148, 51, 'attendee');
insert into event_registrations (event_registration_id, user_id, event_id, attendee_type_id) values (149, 149, 18, 'attendee');
insert into event_registrations (event_registration_id, user_id, event_id, attendee_type_id) values (150, 150, 7, 'attendee');
insert into event_registrations (event_registration_id, user_id, event_id, attendee_type_id) values (151, 151, 24, 'attendee');
insert into event_registrations (event_registration_id, user_id, event_id, attendee_type_id) values (152, 152, 47, 'attendee');
insert into event_registrations (event_registration_id, user_id, event_id, attendee_type_id) values (153, 153, 24, 'attendee');
insert into event_registrations (event_registration_id, user_id, event_id, attendee_type_id) values (154, 154, 12, 'attendee');
insert into event_registrations (event_registration_id, user_id, event_id, attendee_type_id) values (155, 155, 98, 'attendee');
insert into event_registrations (event_registration_id, user_id, event_id, attendee_type_id) values (156, 156, 26, 'attendee');
insert into event_registrations (event_registration_id, user_id, event_id, attendee_type_id) values (157, 157, 7, 'attendee');
insert into event_registrations (event_registration_id, user_id, event_id, attendee_type_id) values (158, 158, 91, 'attendee');
insert into event_registrations (event_registration_id, user_id, event_id, attendee_type_id) values (159, 159, 95, 'attendee');
insert into event_registrations (event_registration_id, user_id, event_id, attendee_type_id) values (160, 160, 57, 'attendee');
insert into event_registrations (event_registration_id, user_id, event_id, attendee_type_id) values (161, 161, 16, 'attendee');
insert into event_registrations (event_registration_id, user_id, event_id, attendee_type_id) values (162, 162, 87, 'attendee');
insert into event_registrations (event_registration_id, user_id, event_id, attendee_type_id) values (163, 163, 68, 'attendee');
insert into event_registrations (event_registration_id, user_id, event_id, attendee_type_id) values (164, 164, 19, 'attendee');
insert into event_registrations (event_registration_id, user_id, event_id, attendee_type_id) values (165, 165, 53, 'attendee');
insert into event_registrations (event_registration_id, user_id, event_id, attendee_type_id) values (166, 166, 72, 'attendee');
insert into event_registrations (event_registration_id, user_id, event_id, attendee_type_id) values (167, 167, 64, 'attendee');
insert into event_registrations (event_registration_id, user_id, event_id, attendee_type_id) values (168, 168, 27, 'attendee');
insert into event_registrations (event_registration_id, user_id, event_id, attendee_type_id) values (169, 169, 57, 'attendee');
insert into event_registrations (event_registration_id, user_id, event_id, attendee_type_id) values (170, 170, 9, 'attendee');
insert into event_registrations (event_registration_id, user_id, event_id, attendee_type_id) values (171, 171, 92, 'attendee');
insert into event_registrations (event_registration_id, user_id, event_id, attendee_type_id) values (172, 172, 41, 'attendee');
insert into event_registrations (event_registration_id, user_id, event_id, attendee_type_id) values (173, 173, 45, 'attendee');
insert into event_registrations (event_registration_id, user_id, event_id, attendee_type_id) values (174, 174, 28, 'attendee');
insert into event_registrations (event_registration_id, user_id, event_id, attendee_type_id) values (175, 175, 71, 'attendee');
insert into event_registrations (event_registration_id, user_id, event_id, attendee_type_id) values (176, 176, 60, 'attendee');
insert into event_registrations (event_registration_id, user_id, event_id, attendee_type_id) values (177, 177, 16, 'attendee');
insert into event_registrations (event_registration_id, user_id, event_id, attendee_type_id) values (178, 178, 33, 'attendee');
insert into event_registrations (event_registration_id, user_id, event_id, attendee_type_id) values (179, 179, 18, 'attendee');
insert into event_registrations (event_registration_id, user_id, event_id, attendee_type_id) values (180, 180, 48, 'attendee');
insert into event_registrations (event_registration_id, user_id, event_id, attendee_type_id) values (181, 181, 43, 'attendee');
insert into event_registrations (event_registration_id, user_id, event_id, attendee_type_id) values (182, 182, 56, 'attendee');
insert into event_registrations (event_registration_id, user_id, event_id, attendee_type_id) values (183, 183, 2, 'attendee');
insert into event_registrations (event_registration_id, user_id, event_id, attendee_type_id) values (184, 184, 50, 'attendee');
insert into event_registrations (event_registration_id, user_id, event_id, attendee_type_id) values (185, 185, 48, 'attendee');
insert into event_registrations (event_registration_id, user_id, event_id, attendee_type_id) values (186, 186, 53, 'attendee');
insert into event_registrations (event_registration_id, user_id, event_id, attendee_type_id) values (187, 187, 67, 'attendee');
insert into event_registrations (event_registration_id, user_id, event_id, attendee_type_id) values (188, 188, 36, 'attendee');
insert into event_registrations (event_registration_id, user_id, event_id, attendee_type_id) values (189, 189, 65, 'attendee');
insert into event_registrations (event_registration_id, user_id, event_id, attendee_type_id) values (190, 190, 94, 'attendee');
insert into event_registrations (event_registration_id, user_id, event_id, attendee_type_id) values (191, 191, 37, 'attendee');
insert into event_registrations (event_registration_id, user_id, event_id, attendee_type_id) values (192, 192, 33, 'attendee');
insert into event_registrations (event_registration_id, user_id, event_id, attendee_type_id) values (193, 193, 78, 'attendee');
insert into event_registrations (event_registration_id, user_id, event_id, attendee_type_id) values (194, 194, 94, 'attendee');
insert into event_registrations (event_registration_id, user_id, event_id, attendee_type_id) values (195, 195, 72, 'attendee');
insert into event_registrations (event_registration_id, user_id, event_id, attendee_type_id) values (196, 196, 88, 'attendee');
insert into event_registrations (event_registration_id, user_id, event_id, attendee_type_id) values (197, 197, 81, 'attendee');
insert into event_registrations (event_registration_id, user_id, event_id, attendee_type_id) values (198, 198, 74, 'attendee');
insert into event_registrations (event_registration_id, user_id, event_id, attendee_type_id) values (199, 199, 49, 'attendee');
insert into event_registrations (event_registration_id, user_id, event_id, attendee_type_id) values (200, 200, 16, 'attendee');
insert into event_registrations (event_registration_id, user_id, event_id, attendee_type_id) values (201, 201, 94, 'attendee');
insert into event_registrations (event_registration_id, user_id, event_id, attendee_type_id) values (202, 202, 65, 'attendee');
insert into event_registrations (event_registration_id, user_id, event_id, attendee_type_id) values (203, 203, 3, 'attendee');
insert into event_registrations (event_registration_id, user_id, event_id, attendee_type_id) values (204, 204, 61, 'attendee');
insert into event_registrations (event_registration_id, user_id, event_id, attendee_type_id) values (205, 205, 29, 'attendee');
insert into event_registrations (event_registration_id, user_id, event_id, attendee_type_id) values (206, 206, 99, 'attendee');
insert into event_registrations (event_registration_id, user_id, event_id, attendee_type_id) values (207, 207, 21, 'attendee');
insert into event_registrations (event_registration_id, user_id, event_id, attendee_type_id) values (208, 208, 67, 'attendee');
insert into event_registrations (event_registration_id, user_id, event_id, attendee_type_id) values (209, 209, 49, 'attendee');
insert into event_registrations (event_registration_id, user_id, event_id, attendee_type_id) values (210, 210, 98, 'attendee');
insert into event_registrations (event_registration_id, user_id, event_id, attendee_type_id) values (211, 211, 6, 'attendee');
insert into event_registrations (event_registration_id, user_id, event_id, attendee_type_id) values (212, 212, 23, 'attendee');
insert into event_registrations (event_registration_id, user_id, event_id, attendee_type_id) values (213, 213, 56, 'attendee');
insert into event_registrations (event_registration_id, user_id, event_id, attendee_type_id) values (214, 214, 24, 'attendee');
insert into event_registrations (event_registration_id, user_id, event_id, attendee_type_id) values (215, 215, 61, 'attendee');
insert into event_registrations (event_registration_id, user_id, event_id, attendee_type_id) values (216, 216, 60, 'attendee');
insert into event_registrations (event_registration_id, user_id, event_id, attendee_type_id) values (217, 217, 3, 'attendee');
insert into event_registrations (event_registration_id, user_id, event_id, attendee_type_id) values (218, 218, 100, 'attendee');
insert into event_registrations (event_registration_id, user_id, event_id, attendee_type_id) values (219, 219, 38, 'attendee');
insert into event_registrations (event_registration_id, user_id, event_id, attendee_type_id) values (220, 220, 35, 'attendee');
insert into event_registrations (event_registration_id, user_id, event_id, attendee_type_id) values (221, 221, 20, 'attendee');
insert into event_registrations (event_registration_id, user_id, event_id, attendee_type_id) values (222, 222, 18, 'attendee');
insert into event_registrations (event_registration_id, user_id, event_id, attendee_type_id) values (223, 223, 23, 'attendee');
insert into event_registrations (event_registration_id, user_id, event_id, attendee_type_id) values (224, 224, 9, 'attendee');
insert into event_registrations (event_registration_id, user_id, event_id, attendee_type_id) values (225, 225, 98, 'attendee');
insert into event_registrations (event_registration_id, user_id, event_id, attendee_type_id) values (226, 226, 63, 'attendee');
insert into event_registrations (event_registration_id, user_id, event_id, attendee_type_id) values (227, 227, 61, 'attendee');
insert into event_registrations (event_registration_id, user_id, event_id, attendee_type_id) values (228, 228, 92, 'attendee');
insert into event_registrations (event_registration_id, user_id, event_id, attendee_type_id) values (229, 229, 12, 'attendee');
insert into event_registrations (event_registration_id, user_id, event_id, attendee_type_id) values (230, 230, 99, 'attendee');
insert into event_registrations (event_registration_id, user_id, event_id, attendee_type_id) values (231, 231, 83, 'attendee');
insert into event_registrations (event_registration_id, user_id, event_id, attendee_type_id) values (232, 232, 64, 'attendee');
insert into event_registrations (event_registration_id, user_id, event_id, attendee_type_id) values (233, 233, 28, 'attendee');
insert into event_registrations (event_registration_id, user_id, event_id, attendee_type_id) values (234, 234, 93, 'attendee');
insert into event_registrations (event_registration_id, user_id, event_id, attendee_type_id) values (235, 235, 26, 'attendee');
insert into event_registrations (event_registration_id, user_id, event_id, attendee_type_id) values (236, 236, 52, 'attendee');
insert into event_registrations (event_registration_id, user_id, event_id, attendee_type_id) values (237, 237, 21, 'attendee');
insert into event_registrations (event_registration_id, user_id, event_id, attendee_type_id) values (238, 238, 6, 'attendee');
insert into event_registrations (event_registration_id, user_id, event_id, attendee_type_id) values (239, 239, 32, 'attendee');
insert into event_registrations (event_registration_id, user_id, event_id, attendee_type_id) values (240, 240, 70, 'attendee');
insert into event_registrations (event_registration_id, user_id, event_id, attendee_type_id) values (241, 241, 44, 'attendee');
insert into event_registrations (event_registration_id, user_id, event_id, attendee_type_id) values (242, 242, 66, 'attendee');
insert into event_registrations (event_registration_id, user_id, event_id, attendee_type_id) values (243, 243, 2, 'attendee');
insert into event_registrations (event_registration_id, user_id, event_id, attendee_type_id) values (244, 244, 4, 'attendee');
insert into event_registrations (event_registration_id, user_id, event_id, attendee_type_id) values (245, 245, 76, 'attendee');
insert into event_registrations (event_registration_id, user_id, event_id, attendee_type_id) values (246, 246, 73, 'attendee');
insert into event_registrations (event_registration_id, user_id, event_id, attendee_type_id) values (247, 247, 14, 'attendee');
insert into event_registrations (event_registration_id, user_id, event_id, attendee_type_id) values (248, 248, 66, 'attendee');
insert into event_registrations (event_registration_id, user_id, event_id, attendee_type_id) values (249, 249, 19, 'attendee');
insert into event_registrations (event_registration_id, user_id, event_id, attendee_type_id) values (250, 250, 57, 'attendee');
insert into event_registrations (event_registration_id, user_id, event_id, attendee_type_id) values (251, 251, 8, 'attendee');
insert into event_registrations (event_registration_id, user_id, event_id, attendee_type_id) values (252, 252, 56, 'attendee');
insert into event_registrations (event_registration_id, user_id, event_id, attendee_type_id) values (253, 253, 96, 'attendee');
insert into event_registrations (event_registration_id, user_id, event_id, attendee_type_id) values (254, 254, 4, 'attendee');
insert into event_registrations (event_registration_id, user_id, event_id, attendee_type_id) values (255, 255, 63, 'attendee');
insert into event_registrations (event_registration_id, user_id, event_id, attendee_type_id) values (256, 256, 77, 'attendee');
insert into event_registrations (event_registration_id, user_id, event_id, attendee_type_id) values (257, 257, 38, 'attendee');
insert into event_registrations (event_registration_id, user_id, event_id, attendee_type_id) values (258, 258, 3, 'attendee');
insert into event_registrations (event_registration_id, user_id, event_id, attendee_type_id) values (259, 259, 83, 'attendee');
insert into event_registrations (event_registration_id, user_id, event_id, attendee_type_id) values (260, 260, 87, 'attendee');
insert into event_registrations (event_registration_id, user_id, event_id, attendee_type_id) values (261, 261, 30, 'attendee');
insert into event_registrations (event_registration_id, user_id, event_id, attendee_type_id) values (262, 262, 58, 'attendee');
insert into event_registrations (event_registration_id, user_id, event_id, attendee_type_id) values (263, 263, 20, 'attendee');
insert into event_registrations (event_registration_id, user_id, event_id, attendee_type_id) values (264, 264, 11, 'attendee');
insert into event_registrations (event_registration_id, user_id, event_id, attendee_type_id) values (265, 265, 21, 'attendee');
insert into event_registrations (event_registration_id, user_id, event_id, attendee_type_id) values (266, 266, 53, 'attendee');
insert into event_registrations (event_registration_id, user_id, event_id, attendee_type_id) values (267, 267, 1, 'attendee');
insert into event_registrations (event_registration_id, user_id, event_id, attendee_type_id) values (268, 268, 27, 'attendee');
insert into event_registrations (event_registration_id, user_id, event_id, attendee_type_id) values (269, 269, 83, 'attendee');
insert into event_registrations (event_registration_id, user_id, event_id, attendee_type_id) values (270, 270, 46, 'attendee');
insert into event_registrations (event_registration_id, user_id, event_id, attendee_type_id) values (271, 271, 82, 'attendee');
insert into event_registrations (event_registration_id, user_id, event_id, attendee_type_id) values (272, 272, 24, 'attendee');
insert into event_registrations (event_registration_id, user_id, event_id, attendee_type_id) values (273, 273, 48, 'attendee');
insert into event_registrations (event_registration_id, user_id, event_id, attendee_type_id) values (274, 274, 35, 'attendee');
insert into event_registrations (event_registration_id, user_id, event_id, attendee_type_id) values (275, 275, 30, 'attendee');
insert into event_registrations (event_registration_id, user_id, event_id, attendee_type_id) values (276, 276, 5, 'attendee');
insert into event_registrations (event_registration_id, user_id, event_id, attendee_type_id) values (277, 277, 84, 'attendee');
insert into event_registrations (event_registration_id, user_id, event_id, attendee_type_id) values (278, 278, 75, 'attendee');
insert into event_registrations (event_registration_id, user_id, event_id, attendee_type_id) values (279, 279, 15, 'attendee');
insert into event_registrations (event_registration_id, user_id, event_id, attendee_type_id) values (280, 280, 25, 'attendee');
insert into event_registrations (event_registration_id, user_id, event_id, attendee_type_id) values (281, 281, 42, 'attendee');
insert into event_registrations (event_registration_id, user_id, event_id, attendee_type_id) values (282, 282, 81, 'attendee');
insert into event_registrations (event_registration_id, user_id, event_id, attendee_type_id) values (283, 283, 52, 'attendee');
insert into event_registrations (event_registration_id, user_id, event_id, attendee_type_id) values (284, 284, 83, 'attendee');
insert into event_registrations (event_registration_id, user_id, event_id, attendee_type_id) values (285, 285, 41, 'attendee');
insert into event_registrations (event_registration_id, user_id, event_id, attendee_type_id) values (286, 286, 42, 'attendee');
insert into event_registrations (event_registration_id, user_id, event_id, attendee_type_id) values (287, 287, 89, 'attendee');
insert into event_registrations (event_registration_id, user_id, event_id, attendee_type_id) values (288, 288, 84, 'attendee');
insert into event_registrations (event_registration_id, user_id, event_id, attendee_type_id) values (289, 289, 40, 'attendee');
insert into event_registrations (event_registration_id, user_id, event_id, attendee_type_id) values (290, 290, 39, 'attendee');
insert into event_registrations (event_registration_id, user_id, event_id, attendee_type_id) values (291, 291, 29, 'attendee');
insert into event_registrations (event_registration_id, user_id, event_id, attendee_type_id) values (292, 292, 45, 'attendee');
insert into event_registrations (event_registration_id, user_id, event_id, attendee_type_id) values (293, 293, 36, 'attendee');
insert into event_registrations (event_registration_id, user_id, event_id, attendee_type_id) values (294, 294, 13, 'attendee');
insert into event_registrations (event_registration_id, user_id, event_id, attendee_type_id) values (295, 295, 31, 'attendee');
insert into event_registrations (event_registration_id, user_id, event_id, attendee_type_id) values (296, 296, 69, 'attendee');
insert into event_registrations (event_registration_id, user_id, event_id, attendee_type_id) values (297, 297, 4, 'attendee');
insert into event_registrations (event_registration_id, user_id, event_id, attendee_type_id) values (298, 298, 61, 'attendee');
insert into event_registrations (event_registration_id, user_id, event_id, attendee_type_id) values (299, 299, 61, 'attendee');
insert into event_registrations (event_registration_id, user_id, event_id, attendee_type_id) values (300, 300, 9, 'attendee');
insert into event_registrations (event_registration_id, user_id, event_id, attendee_type_id) values (301, 301, 16, 'reviewer');
insert into event_registrations (event_registration_id, user_id, event_id, attendee_type_id) values (302, 302, 93, 'reviewer');
insert into event_registrations (event_registration_id, user_id, event_id, attendee_type_id) values (303, 303, 69, 'reviewer');
insert into event_registrations (event_registration_id, user_id, event_id, attendee_type_id) values (304, 304, 76, 'reviewer');
insert into event_registrations (event_registration_id, user_id, event_id, attendee_type_id) values (305, 305, 28, 'reviewer');
insert into event_registrations (event_registration_id, user_id, event_id, attendee_type_id) values (306, 306, 75, 'reviewer');
insert into event_registrations (event_registration_id, user_id, event_id, attendee_type_id) values (307, 307, 31, 'reviewer');
insert into event_registrations (event_registration_id, user_id, event_id, attendee_type_id) values (308, 308, 42, 'reviewer');
insert into event_registrations (event_registration_id, user_id, event_id, attendee_type_id) values (309, 309, 95, 'reviewer');
insert into event_registrations (event_registration_id, user_id, event_id, attendee_type_id) values (310, 310, 11, 'reviewer');
insert into event_registrations (event_registration_id, user_id, event_id, attendee_type_id) values (311, 311, 30, 'reviewer');
insert into event_registrations (event_registration_id, user_id, event_id, attendee_type_id) values (312, 312, 34, 'reviewer');
insert into event_registrations (event_registration_id, user_id, event_id, attendee_type_id) values (313, 313, 40, 'reviewer');
insert into event_registrations (event_registration_id, user_id, event_id, attendee_type_id) values (314, 314, 53, 'reviewer');
insert into event_registrations (event_registration_id, user_id, event_id, attendee_type_id) values (315, 315, 63, 'reviewer');
insert into event_registrations (event_registration_id, user_id, event_id, attendee_type_id) values (316, 316, 54, 'reviewer');
insert into event_registrations (event_registration_id, user_id, event_id, attendee_type_id) values (317, 317, 71, 'reviewer');
insert into event_registrations (event_registration_id, user_id, event_id, attendee_type_id) values (318, 318, 75, 'reviewer');
insert into event_registrations (event_registration_id, user_id, event_id, attendee_type_id) values (319, 319, 52, 'reviewer');
insert into event_registrations (event_registration_id, user_id, event_id, attendee_type_id) values (320, 320, 91, 'reviewer');
insert into event_registrations (event_registration_id, user_id, event_id, attendee_type_id) values (321, 321, 40, 'reviewer');
insert into event_registrations (event_registration_id, user_id, event_id, attendee_type_id) values (322, 322, 8, 'reviewer');
insert into event_registrations (event_registration_id, user_id, event_id, attendee_type_id) values (323, 323, 68, 'reviewer');
insert into event_registrations (event_registration_id, user_id, event_id, attendee_type_id) values (324, 324, 96, 'reviewer');
insert into event_registrations (event_registration_id, user_id, event_id, attendee_type_id) values (325, 325, 60, 'reviewer');
insert into event_registrations (event_registration_id, user_id, event_id, attendee_type_id) values (326, 326, 79, 'reviewer');
insert into event_registrations (event_registration_id, user_id, event_id, attendee_type_id) values (327, 327, 61, 'reviewer');
insert into event_registrations (event_registration_id, user_id, event_id, attendee_type_id) values (328, 328, 55, 'reviewer');
insert into event_registrations (event_registration_id, user_id, event_id, attendee_type_id) values (329, 329, 21, 'reviewer');
insert into event_registrations (event_registration_id, user_id, event_id, attendee_type_id) values (330, 330, 31, 'reviewer');
insert into event_registrations (event_registration_id, user_id, event_id, attendee_type_id) values (331, 331, 97, 'reviewer');
insert into event_registrations (event_registration_id, user_id, event_id, attendee_type_id) values (332, 332, 13, 'reviewer');
insert into event_registrations (event_registration_id, user_id, event_id, attendee_type_id) values (333, 333, 39, 'reviewer');
insert into event_registrations (event_registration_id, user_id, event_id, attendee_type_id) values (334, 334, 40, 'reviewer');
insert into event_registrations (event_registration_id, user_id, event_id, attendee_type_id) values (335, 335, 40, 'reviewer');
insert into event_registrations (event_registration_id, user_id, event_id, attendee_type_id) values (336, 336, 76, 'reviewer');
insert into event_registrations (event_registration_id, user_id, event_id, attendee_type_id) values (337, 337, 99, 'reviewer');
insert into event_registrations (event_registration_id, user_id, event_id, attendee_type_id) values (338, 338, 10, 'reviewer');
insert into event_registrations (event_registration_id, user_id, event_id, attendee_type_id) values (339, 339, 6, 'reviewer');
insert into event_registrations (event_registration_id, user_id, event_id, attendee_type_id) values (340, 340, 80, 'reviewer');
insert into event_registrations (event_registration_id, user_id, event_id, attendee_type_id) values (341, 341, 55, 'reviewer');
insert into event_registrations (event_registration_id, user_id, event_id, attendee_type_id) values (342, 342, 6,'reviewer');
insert into event_registrations (event_registration_id, user_id, event_id, attendee_type_id) values (343, 343, 76, 'reviewer');
insert into event_registrations (event_registration_id, user_id, event_id, attendee_type_id) values (344, 344, 77, 'reviewer');
insert into event_registrations (event_registration_id, user_id, event_id, attendee_type_id) values (345, 345, 87, 'reviewer');
insert into event_registrations (event_registration_id, user_id, event_id, attendee_type_id) values (346, 346, 75, 'reviewer');
insert into event_registrations (event_registration_id, user_id, event_id, attendee_type_id) values (347, 347, 66, 'reviewer');
insert into event_registrations (event_registration_id, user_id, event_id, attendee_type_id) values (348, 348, 54, 'reviewer');
insert into event_registrations (event_registration_id, user_id, event_id, attendee_type_id) values (349, 349, 33, 'reviewer');
insert into event_registrations (event_registration_id, user_id, event_id, attendee_type_id) values (350, 350, 88, 'reviewer');
insert into event_registrations (event_registration_id, user_id, event_id, attendee_type_id) values (351, 351, 23, 'reviewer');
insert into event_registrations (event_registration_id, user_id, event_id, attendee_type_id) values (352, 352, 23, 'reviewer');
insert into event_registrations (event_registration_id, user_id, event_id, attendee_type_id) values (353, 353, 74, 'reviewer');
insert into event_registrations (event_registration_id, user_id, event_id, attendee_type_id) values (354, 354, 41, 'reviewer');
insert into event_registrations (event_registration_id, user_id, event_id, attendee_type_id) values (355, 355, 52, 'reviewer');
insert into event_registrations (event_registration_id, user_id, event_id, attendee_type_id) values (356, 356, 94, 'reviewer');
insert into event_registrations (event_registration_id, user_id, event_id, attendee_type_id) values (357, 357, 37, 'reviewer');
insert into event_registrations (event_registration_id, user_id, event_id, attendee_type_id) values (358, 358, 29, 'reviewer');
insert into event_registrations (event_registration_id, user_id, event_id, attendee_type_id) values (359, 359, 54, 'reviewer');
insert into event_registrations (event_registration_id, user_id, event_id, attendee_type_id) values (360, 360, 58, 'reviewer');
insert into event_registrations (event_registration_id, user_id, event_id, attendee_type_id) values (361, 361, 23, 'reviewer');
insert into event_registrations (event_registration_id, user_id, event_id, attendee_type_id) values (362, 362, 14, 'reviewer');
insert into event_registrations (event_registration_id, user_id, event_id, attendee_type_id) values (363, 363, 47, 'reviewer');
insert into event_registrations (event_registration_id, user_id, event_id, attendee_type_id) values (364, 364, 97, 'reviewer');
insert into event_registrations (event_registration_id, user_id, event_id, attendee_type_id) values (365, 365, 73, 'reviewer');
insert into event_registrations (event_registration_id, user_id, event_id, attendee_type_id) values (366, 366, 91, 'reviewer');
insert into event_registrations (event_registration_id, user_id, event_id, attendee_type_id) values (367, 367, 24, 'reviewer');
insert into event_registrations (event_registration_id, user_id, event_id, attendee_type_id) values (368, 368, 52, 'reviewer');
insert into event_registrations (event_registration_id, user_id, event_id, attendee_type_id) values (369, 369, 71, 'reviewer');
insert into event_registrations (event_registration_id, user_id, event_id, attendee_type_id) values (370, 370, 66, 'reviewer');
insert into event_registrations (event_registration_id, user_id, event_id, attendee_type_id) values (371, 371, 91, 'reviewer');
insert into event_registrations (event_registration_id, user_id, event_id, attendee_type_id) values (372, 372, 4, 'reviewer');
insert into event_registrations (event_registration_id, user_id, event_id, attendee_type_id) values (373, 373, 75, 'reviewer');
insert into event_registrations (event_registration_id, user_id, event_id, attendee_type_id) values (374, 374, 75, 'reviewer');
insert into event_registrations (event_registration_id, user_id, event_id, attendee_type_id) values (375, 375, 40, 'reviewer');
insert into event_registrations (event_registration_id, user_id, event_id, attendee_type_id) values (376, 376, 98, 'reviewer');
insert into event_registrations (event_registration_id, user_id, event_id, attendee_type_id) values (377, 377, 77, 'reviewer');
insert into event_registrations (event_registration_id, user_id, event_id, attendee_type_id) values (378, 378, 52, 'reviewer');
insert into event_registrations (event_registration_id, user_id, event_id, attendee_type_id) values (379, 379, 43, 'reviewer');
insert into event_registrations (event_registration_id, user_id, event_id, attendee_type_id) values (380, 380, 48, 'reviewer');
insert into event_registrations (event_registration_id, user_id, event_id, attendee_type_id) values (381, 381, 99, 'reviewer');
insert into event_registrations (event_registration_id, user_id, event_id, attendee_type_id) values (382, 382, 96, 'reviewer');
insert into event_registrations (event_registration_id, user_id, event_id, attendee_type_id) values (383, 383, 9, 'reviewer');
insert into event_registrations (event_registration_id, user_id, event_id, attendee_type_id) values (384, 384, 8, 'reviewer');
insert into event_registrations (event_registration_id, user_id, event_id, attendee_type_id) values (385, 385, 95, 'reviewer');
insert into event_registrations (event_registration_id, user_id, event_id, attendee_type_id) values (386, 386, 1, 'reviewer');
insert into event_registrations (event_registration_id, user_id, event_id, attendee_type_id) values (387, 387, 89, 'reviewer');
insert into event_registrations (event_registration_id, user_id, event_id, attendee_type_id) values (388, 388, 97, 'reviewer');
insert into event_registrations (event_registration_id, user_id, event_id, attendee_type_id) values (389, 389, 49, 'reviewer');
insert into event_registrations (event_registration_id, user_id, event_id, attendee_type_id) values (390, 390, 87, 'reviewer');
insert into event_registrations (event_registration_id, user_id, event_id, attendee_type_id) values (391, 391, 18, 'reviewer');
insert into event_registrations (event_registration_id, user_id, event_id, attendee_type_id) values (392, 392, 50, 'reviewer');
insert into event_registrations (event_registration_id, user_id, event_id, attendee_type_id) values (393, 393, 20, 'reviewer');
insert into event_registrations (event_registration_id, user_id, event_id, attendee_type_id) values (394, 394, 21, 'reviewer');
insert into event_registrations (event_registration_id, user_id, event_id, attendee_type_id) values (395, 395, 70, 'reviewer');
insert into event_registrations (event_registration_id, user_id, event_id, attendee_type_id) values (396, 396, 70, 'reviewer');
insert into event_registrations (event_registration_id, user_id, event_id, attendee_type_id) values (397, 397, 49, 'reviewer');
insert into event_registrations (event_registration_id, user_id, event_id, attendee_type_id) values (398, 398, 74, 'reviewer');
insert into event_registrations (event_registration_id, user_id, event_id, attendee_type_id) values (399, 399, 59, 'reviewer');
insert into event_registrations (event_registration_id, user_id, event_id, attendee_type_id) values (400, 400, 10, 'reviewer');
insert into event_registrations (event_registration_id, user_id, event_id, attendee_type_id) values (401, 401, 60, 'scheduler');
insert into event_registrations (event_registration_id, user_id, event_id, attendee_type_id) values (402, 402, 27, 'scheduler');
insert into event_registrations (event_registration_id, user_id, event_id, attendee_type_id) values (403, 403, 11, 'scheduler');
insert into event_registrations (event_registration_id, user_id, event_id, attendee_type_id) values (404, 404, 31, 'scheduler');
insert into event_registrations (event_registration_id, user_id, event_id, attendee_type_id) values (405, 405, 42, 'scheduler');
insert into event_registrations (event_registration_id, user_id, event_id, attendee_type_id) values (406, 406, 22, 'scheduler');
insert into event_registrations (event_registration_id, user_id, event_id, attendee_type_id) values (407, 407, 46, 'scheduler');
insert into event_registrations (event_registration_id, user_id, event_id, attendee_type_id) values (408, 408, 11, 'scheduler');
insert into event_registrations (event_registration_id, user_id, event_id, attendee_type_id) values (409, 409, 1, 'scheduler');
insert into event_registrations (event_registration_id, user_id, event_id, attendee_type_id) values (410, 410, 66, 'scheduler');
insert into event_registrations (event_registration_id, user_id, event_id, attendee_type_id) values (411, 411, 70, 'scheduler');
insert into event_registrations (event_registration_id, user_id, event_id, attendee_type_id) values (412, 412, 46, 'scheduler');
insert into event_registrations (event_registration_id, user_id, event_id, attendee_type_id) values (413, 413, 95, 'scheduler');
insert into event_registrations (event_registration_id, user_id, event_id, attendee_type_id) values (414, 414, 96, 'scheduler');
insert into event_registrations (event_registration_id, user_id, event_id, attendee_type_id) values (415, 415, 52, 'scheduler');
insert into event_registrations (event_registration_id, user_id, event_id, attendee_type_id) values (416, 416, 12, 'scheduler');
insert into event_registrations (event_registration_id, user_id, event_id, attendee_type_id) values (417, 417, 82, 'scheduler');
insert into event_registrations (event_registration_id, user_id, event_id, attendee_type_id) values (418, 418, 2, 'scheduler');
insert into event_registrations (event_registration_id, user_id, event_id, attendee_type_id) values (419, 419, 19, 'scheduler');
insert into event_registrations (event_registration_id, user_id, event_id, attendee_type_id) values (420, 420, 85, 'scheduler');
insert into event_registrations (event_registration_id, user_id, event_id, attendee_type_id) values (421, 421, 10, 'scheduler');
insert into event_registrations (event_registration_id, user_id, event_id, attendee_type_id) values (422, 422, 30, 'scheduler');
insert into event_registrations (event_registration_id, user_id, event_id, attendee_type_id) values (423, 423, 38, 'scheduler');
insert into event_registrations (event_registration_id, user_id, event_id, attendee_type_id) values (424, 424, 60, 'scheduler');
insert into event_registrations (event_registration_id, user_id, event_id, attendee_type_id) values (425, 425, 28, 'scheduler');
insert into event_registrations (event_registration_id, user_id, event_id, attendee_type_id) values (426, 426, 53, 'scheduler');
insert into event_registrations (event_registration_id, user_id, event_id, attendee_type_id) values (427, 427, 59, 'scheduler');
insert into event_registrations (event_registration_id, user_id, event_id, attendee_type_id) values (428, 428, 62, 'scheduler');
insert into event_registrations (event_registration_id, user_id, event_id, attendee_type_id) values (429, 429, 42, 'scheduler');
insert into event_registrations (event_registration_id, user_id, event_id, attendee_type_id) values (430, 430, 7, 'scheduler');
insert into event_registrations (event_registration_id, user_id, event_id, attendee_type_id) values (431, 431, 15, 'scheduler');
insert into event_registrations (event_registration_id, user_id, event_id, attendee_type_id) values (432, 432, 18, 'scheduler');
insert into event_registrations (event_registration_id, user_id, event_id, attendee_type_id) values (433, 433, 24, 'scheduler');
insert into event_registrations (event_registration_id, user_id, event_id, attendee_type_id) values (434, 434, 42, 'scheduler');
insert into event_registrations (event_registration_id, user_id, event_id, attendee_type_id) values (435, 435, 33, 'scheduler');
insert into event_registrations (event_registration_id, user_id, event_id, attendee_type_id) values (436, 436, 99, 'scheduler');
insert into event_registrations (event_registration_id, user_id, event_id, attendee_type_id) values (437, 437, 35, 'scheduler');
insert into event_registrations (event_registration_id, user_id, event_id, attendee_type_id) values (438, 438, 36, 'scheduler');
insert into event_registrations (event_registration_id, user_id, event_id, attendee_type_id) values (439, 439, 51, 'scheduler');
insert into event_registrations (event_registration_id, user_id, event_id, attendee_type_id) values (440, 440, 37, 'scheduler');
insert into event_registrations (event_registration_id, user_id, event_id, attendee_type_id) values (441, 441, 11, 'scheduler');
insert into event_registrations (event_registration_id, user_id, event_id, attendee_type_id) values (442, 442, 26, 'scheduler');
insert into event_registrations (event_registration_id, user_id, event_id, attendee_type_id) values (443, 443, 33, 'scheduler');
insert into event_registrations (event_registration_id, user_id, event_id, attendee_type_id) values (444, 444, 95, 'scheduler');
insert into event_registrations (event_registration_id, user_id, event_id, attendee_type_id) values (445, 445, 95, 'scheduler');
insert into event_registrations (event_registration_id, user_id, event_id, attendee_type_id) values (446, 446, 52, 'scheduler');
insert into event_registrations (event_registration_id, user_id, event_id, attendee_type_id) values (447, 447, 70, 'scheduler');
insert into event_registrations (event_registration_id, user_id, event_id, attendee_type_id) values (448, 448, 41, 'scheduler');
insert into event_registrations (event_registration_id, user_id, event_id, attendee_type_id) values (449, 449, 43, 'scheduler');
insert into event_registrations (event_registration_id, user_id, event_id, attendee_type_id) values (450, 450, 16, 'scheduler');
insert into event_registrations (event_registration_id, user_id, event_id, attendee_type_id) values (451, 451, 91, 'scheduler');
insert into event_registrations (event_registration_id, user_id, event_id, attendee_type_id) values (452, 452, 15, 'scheduler');
insert into event_registrations (event_registration_id, user_id, event_id, attendee_type_id) values (453, 453, 55, 'scheduler');
insert into event_registrations (event_registration_id, user_id, event_id, attendee_type_id) values (454, 454, 84, 'scheduler');
insert into event_registrations (event_registration_id, user_id, event_id, attendee_type_id) values (455, 455, 7, 'scheduler');
insert into event_registrations (event_registration_id, user_id, event_id, attendee_type_id) values (456, 456, 40, 'scheduler');
insert into event_registrations (event_registration_id, user_id, event_id, attendee_type_id) values (457, 457, 94, 'scheduler');
insert into event_registrations (event_registration_id, user_id, event_id, attendee_type_id) values (458, 458, 90, 'scheduler');
insert into event_registrations (event_registration_id, user_id, event_id, attendee_type_id) values (459, 459, 25, 'scheduler');
insert into event_registrations (event_registration_id, user_id, event_id, attendee_type_id) values (460, 460, 4, 'scheduler');
insert into event_registrations (event_registration_id, user_id, event_id, attendee_type_id) values (461, 461, 20, 'scheduler');
insert into event_registrations (event_registration_id, user_id, event_id, attendee_type_id) values (462, 462, 51, 'scheduler');
insert into event_registrations (event_registration_id, user_id, event_id, attendee_type_id) values (463, 463, 22, 'scheduler');
insert into event_registrations (event_registration_id, user_id, event_id, attendee_type_id) values (464, 464, 58, 'scheduler');
insert into event_registrations (event_registration_id, user_id, event_id, attendee_type_id) values (465, 465, 98, 'scheduler');
insert into event_registrations (event_registration_id, user_id, event_id, attendee_type_id) values (466, 466, 70, 'scheduler');
insert into event_registrations (event_registration_id, user_id, event_id, attendee_type_id) values (467, 467, 17, 'scheduler');
insert into event_registrations (event_registration_id, user_id, event_id, attendee_type_id) values (468, 468, 20, 'scheduler');
insert into event_registrations (event_registration_id, user_id, event_id, attendee_type_id) values (469, 469, 20, 'scheduler');
insert into event_registrations (event_registration_id, user_id, event_id, attendee_type_id) values (470, 470, 45, 'scheduler');
insert into event_registrations (event_registration_id, user_id, event_id, attendee_type_id) values (471, 471, 42, 'scheduler');
insert into event_registrations (event_registration_id, user_id, event_id, attendee_type_id) values (472, 472, 94, 'scheduler');
insert into event_registrations (event_registration_id, user_id, event_id, attendee_type_id) values (473, 473, 54, 'scheduler');
insert into event_registrations (event_registration_id, user_id, event_id, attendee_type_id) values (474, 474, 59, 'scheduler');
insert into event_registrations (event_registration_id, user_id, event_id, attendee_type_id) values (475, 475, 78, 'scheduler');
insert into event_registrations (event_registration_id, user_id, event_id, attendee_type_id) values (476, 476, 15, 'scheduler');
insert into event_registrations (event_registration_id, user_id, event_id, attendee_type_id) values (477, 477, 10, 'scheduler');
insert into event_registrations (event_registration_id, user_id, event_id, attendee_type_id) values (478, 478, 51, 'scheduler');
insert into event_registrations (event_registration_id, user_id, event_id, attendee_type_id) values (479, 479, 88, 'scheduler');
insert into event_registrations (event_registration_id, user_id, event_id, attendee_type_id) values (480, 480, 67, 'scheduler');
insert into event_registrations (event_registration_id, user_id, event_id, attendee_type_id) values (481, 481, 63, 'scheduler');
insert into event_registrations (event_registration_id, user_id, event_id, attendee_type_id) values (482, 482, 25, 'scheduler');
insert into event_registrations (event_registration_id, user_id, event_id, attendee_type_id) values (483, 483, 75, 'scheduler');
insert into event_registrations (event_registration_id, user_id, event_id, attendee_type_id) values (484, 484, 21, 'scheduler');
insert into event_registrations (event_registration_id, user_id, event_id, attendee_type_id) values (485, 485, 87, 'scheduler');
insert into event_registrations (event_registration_id, user_id, event_id, attendee_type_id) values (486, 486, 28, 'scheduler');
insert into event_registrations (event_registration_id, user_id, event_id, attendee_type_id) values (487, 487, 100, 'scheduler');
insert into event_registrations (event_registration_id, user_id, event_id, attendee_type_id) values (488, 488, 98, 'scheduler');
insert into event_registrations (event_registration_id, user_id, event_id, attendee_type_id) values (489, 489, 15, 'scheduler');
insert into event_registrations (event_registration_id, user_id, event_id, attendee_type_id) values (490, 490, 17, 'scheduler');
insert into event_registrations (event_registration_id, user_id, event_id, attendee_type_id) values (491, 491, 73, 'scheduler');
insert into event_registrations (event_registration_id, user_id, event_id, attendee_type_id) values (492, 492, 6, 'scheduler');
insert into event_registrations (event_registration_id, user_id, event_id, attendee_type_id) values (493, 493, 2, 'scheduler');
insert into event_registrations (event_registration_id, user_id, event_id, attendee_type_id) values (494, 494, 46, 'scheduler');
insert into event_registrations (event_registration_id, user_id, event_id, attendee_type_id) values (495, 495, 70, 'scheduler');
insert into event_registrations (event_registration_id, user_id, event_id, attendee_type_id) values (496, 496, 40, 'scheduler');
insert into event_registrations (event_registration_id, user_id, event_id, attendee_type_id) values (497, 497, 86, 'scheduler');
insert into event_registrations (event_registration_id, user_id, event_id, attendee_type_id) values (498, 498, 81, 'scheduler');
insert into event_registrations (event_registration_id, user_id, event_id, attendee_type_id) values (499, 499, 83, 'scheduler');
insert into event_registrations (event_registration_id, user_id, event_id, attendee_type_id) values (500, 500, 47, 'scheduler');


/*Presentation assignment data*/
insert into presentation_assignments (presentation_assignment_id, user_id, presentation_id, review) values (1, 217, 58, false);
insert into presentation_assignments (presentation_assignment_id, user_id, presentation_id, review) values (2, 245, 15, false);
insert into presentation_assignments (presentation_assignment_id, user_id, presentation_id, review) values (3, 429, 47, false);
insert into presentation_assignments (presentation_assignment_id, user_id, presentation_id, review) values (4, 126, 43, true);
insert into presentation_assignments (presentation_assignment_id, user_id, presentation_id, review) values (5, 492, 50, true);
insert into presentation_assignments (presentation_assignment_id, user_id, presentation_id, review) values (6, 104, 72, false);
insert into presentation_assignments (presentation_assignment_id, user_id, presentation_id, review) values (7, 21, 67, true);
insert into presentation_assignments (presentation_assignment_id, user_id, presentation_id, review) values (8, 146, 50, false);
insert into presentation_assignments (presentation_assignment_id, user_id, presentation_id, review) values (9, 124, 96, true);
insert into presentation_assignments (presentation_assignment_id, user_id, presentation_id, review) values (10, 51, 81, false);
insert into presentation_assignments (presentation_assignment_id, user_id, presentation_id, review) values (11, 184, 66, true);
insert into presentation_assignments (presentation_assignment_id, user_id, presentation_id, review) values (12, 83, 36, true);
insert into presentation_assignments (presentation_assignment_id, user_id, presentation_id, review) values (13, 370, 83, false);
insert into presentation_assignments (presentation_assignment_id, user_id, presentation_id, review) values (14, 343, 17, false);
insert into presentation_assignments (presentation_assignment_id, user_id, presentation_id, review) values (15, 89, 14, true);
insert into presentation_assignments (presentation_assignment_id, user_id, presentation_id, review) values (16, 260, 97, false);
insert into presentation_assignments (presentation_assignment_id, user_id, presentation_id, review) values (17, 122, 82, true);
insert into presentation_assignments (presentation_assignment_id, user_id, presentation_id, review) values (18, 208, 29, false);
insert into presentation_assignments (presentation_assignment_id, user_id, presentation_id, review) values (19, 69, 72, true);
insert into presentation_assignments (presentation_assignment_id, user_id, presentation_id, review) values (20, 495, 77, true);
insert into presentation_assignments (presentation_assignment_id, user_id, presentation_id, review) values (21, 209, 71, true);
insert into presentation_assignments (presentation_assignment_id, user_id, presentation_id, review) values (22, 250, 84, true);
insert into presentation_assignments (presentation_assignment_id, user_id, presentation_id, review) values (23, 417, 95, false);
insert into presentation_assignments (presentation_assignment_id, user_id, presentation_id, review) values (24, 68, 52, false);
insert into presentation_assignments (presentation_assignment_id, user_id, presentation_id, review) values (25, 459, 64, false);
insert into presentation_assignments (presentation_assignment_id, user_id, presentation_id, review) values (26, 481, 27, true);
insert into presentation_assignments (presentation_assignment_id, user_id, presentation_id, review) values (27, 408, 57, true);
insert into presentation_assignments (presentation_assignment_id, user_id, presentation_id, review) values (28, 500, 89, true);
insert into presentation_assignments (presentation_assignment_id, user_id, presentation_id, review) values (29, 201, 47, false);
insert into presentation_assignments (presentation_assignment_id, user_id, presentation_id, review) values (30, 324, 71, true);
insert into presentation_assignments (presentation_assignment_id, user_id, presentation_id, review) values (31, 99, 16, true);
insert into presentation_assignments (presentation_assignment_id, user_id, presentation_id, review) values (32, 233, 7, false);
insert into presentation_assignments (presentation_assignment_id, user_id, presentation_id, review) values (33, 457, 80, true);
insert into presentation_assignments (presentation_assignment_id, user_id, presentation_id, review) values (34, 423, 89, false);
insert into presentation_assignments (presentation_assignment_id, user_id, presentation_id, review) values (35, 278, 64, false);
insert into presentation_assignments (presentation_assignment_id, user_id, presentation_id, review) values (36, 243, 42, true);
insert into presentation_assignments (presentation_assignment_id, user_id, presentation_id, review) values (37, 140, 33, true);
insert into presentation_assignments (presentation_assignment_id, user_id, presentation_id, review) values (38, 381, 100, false);
insert into presentation_assignments (presentation_assignment_id, user_id, presentation_id, review) values (39, 454, 75, true);
insert into presentation_assignments (presentation_assignment_id, user_id, presentation_id, review) values (40, 386, 35, false);
insert into presentation_assignments (presentation_assignment_id, user_id, presentation_id, review) values (41, 172, 16, false);
insert into presentation_assignments (presentation_assignment_id, user_id, presentation_id, review) values (42, 92, 13, false);
insert into presentation_assignments (presentation_assignment_id, user_id, presentation_id, review) values (43, 181, 85, true);
insert into presentation_assignments (presentation_assignment_id, user_id, presentation_id, review) values (44, 354, 76, false);
insert into presentation_assignments (presentation_assignment_id, user_id, presentation_id, review) values (45, 31, 94, true);
insert into presentation_assignments (presentation_assignment_id, user_id, presentation_id, review) values (46, 321, 26, true);
insert into presentation_assignments (presentation_assignment_id, user_id, presentation_id, review) values (47, 270, 40, true);
insert into presentation_assignments (presentation_assignment_id, user_id, presentation_id, review) values (48, 396, 21, false);
insert into presentation_assignments (presentation_assignment_id, user_id, presentation_id, review) values (49, 307, 4, true);
insert into presentation_assignments (presentation_assignment_id, user_id, presentation_id, review) values (50, 290, 67, false);
insert into presentation_assignments (presentation_assignment_id, user_id, presentation_id, review) values (51, 448, 16, true);
insert into presentation_assignments (presentation_assignment_id, user_id, presentation_id, review) values (52, 249, 42, true);
insert into presentation_assignments (presentation_assignment_id, user_id, presentation_id, review) values (53, 490, 7, false);
insert into presentation_assignments (presentation_assignment_id, user_id, presentation_id, review) values (54, 383, 42, false);
insert into presentation_assignments (presentation_assignment_id, user_id, presentation_id, review) values (55, 312, 25, false);
insert into presentation_assignments (presentation_assignment_id, user_id, presentation_id, review) values (56, 233, 34, true);
insert into presentation_assignments (presentation_assignment_id, user_id, presentation_id, review) values (57, 117, 53, true);
insert into presentation_assignments (presentation_assignment_id, user_id, presentation_id, review) values (58, 338, 71, false);
insert into presentation_assignments (presentation_assignment_id, user_id, presentation_id, review) values (59, 207, 18, true);
insert into presentation_assignments (presentation_assignment_id, user_id, presentation_id, review) values (60, 151, 15, true);
insert into presentation_assignments (presentation_assignment_id, user_id, presentation_id, review) values (61, 187, 28, true);
insert into presentation_assignments (presentation_assignment_id, user_id, presentation_id, review) values (62, 225, 66, true);
insert into presentation_assignments (presentation_assignment_id, user_id, presentation_id, review) values (63, 154, 94, true);
insert into presentation_assignments (presentation_assignment_id, user_id, presentation_id, review) values (64, 412, 39, true);
insert into presentation_assignments (presentation_assignment_id, user_id, presentation_id, review) values (65, 457, 66, false);
insert into presentation_assignments (presentation_assignment_id, user_id, presentation_id, review) values (66, 438, 73, true);
insert into presentation_assignments (presentation_assignment_id, user_id, presentation_id, review) values (67, 47, 1, false);
insert into presentation_assignments (presentation_assignment_id, user_id, presentation_id, review) values (68, 22, 100, false);
insert into presentation_assignments (presentation_assignment_id, user_id, presentation_id, review) values (69, 424, 20, false);
insert into presentation_assignments (presentation_assignment_id, user_id, presentation_id, review) values (70, 21, 54, false);
insert into presentation_assignments (presentation_assignment_id, user_id, presentation_id, review) values (71, 269, 85, true);
insert into presentation_assignments (presentation_assignment_id, user_id, presentation_id, review) values (72, 200, 94, false);
insert into presentation_assignments (presentation_assignment_id, user_id, presentation_id, review) values (73, 22, 4, true);
insert into presentation_assignments (presentation_assignment_id, user_id, presentation_id, review) values (74, 309, 68, true);
insert into presentation_assignments (presentation_assignment_id, user_id, presentation_id, review) values (75, 439, 59, true);
insert into presentation_assignments (presentation_assignment_id, user_id, presentation_id, review) values (76, 422, 2, false);
insert into presentation_assignments (presentation_assignment_id, user_id, presentation_id, review) values (77, 316, 14, false);
insert into presentation_assignments (presentation_assignment_id, user_id, presentation_id, review) values (78, 52, 22, true);
insert into presentation_assignments (presentation_assignment_id, user_id, presentation_id, review) values (79, 108, 84, true);
insert into presentation_assignments (presentation_assignment_id, user_id, presentation_id, review) values (80, 91, 37, false);
insert into presentation_assignments (presentation_assignment_id, user_id, presentation_id, review) values (81, 207, 26, true);
insert into presentation_assignments (presentation_assignment_id, user_id, presentation_id, review) values (82, 155, 68, true);
insert into presentation_assignments (presentation_assignment_id, user_id, presentation_id, review) values (83, 216, 65, false);
insert into presentation_assignments (presentation_assignment_id, user_id, presentation_id, review) values (84, 87, 94, true);
insert into presentation_assignments (presentation_assignment_id, user_id, presentation_id, review) values (85, 126, 95, false);
insert into presentation_assignments (presentation_assignment_id, user_id, presentation_id, review) values (86, 121, 57, true);
insert into presentation_assignments (presentation_assignment_id, user_id, presentation_id, review) values (87, 216, 30, false);
insert into presentation_assignments (presentation_assignment_id, user_id, presentation_id, review) values (88, 135, 61, true);
insert into presentation_assignments (presentation_assignment_id, user_id, presentation_id, review) values (89, 259, 51, false);
insert into presentation_assignments (presentation_assignment_id, user_id, presentation_id, review) values (90, 280, 66, true);
insert into presentation_assignments (presentation_assignment_id, user_id, presentation_id, review) values (91, 93, 95, false);
insert into presentation_assignments (presentation_assignment_id, user_id, presentation_id, review) values (92, 76, 98, true);
insert into presentation_assignments (presentation_assignment_id, user_id, presentation_id, review) values (93, 26, 25, false);
insert into presentation_assignments (presentation_assignment_id, user_id, presentation_id, review) values (94, 52, 50, true);
insert into presentation_assignments (presentation_assignment_id, user_id, presentation_id, review) values (95, 478, 31, true);
insert into presentation_assignments (presentation_assignment_id, user_id, presentation_id, review) values (96, 26, 83, true);
insert into presentation_assignments (presentation_assignment_id, user_id, presentation_id, review) values (97, 397, 42, true);
insert into presentation_assignments (presentation_assignment_id, user_id, presentation_id, review) values (98, 136, 20, true);
insert into presentation_assignments (presentation_assignment_id, user_id, presentation_id, review) values (99, 33, 26, true);
insert into presentation_assignments (presentation_assignment_id, user_id, presentation_id, review) values (100, 359, 95, true);
insert into presentation_assignments (presentation_assignment_id, user_id, presentation_id, review) values (101, 213, 21, true);
insert into presentation_assignments (presentation_assignment_id, user_id, presentation_id, review) values (102, 189, 62, false);
insert into presentation_assignments (presentation_assignment_id, user_id, presentation_id, review) values (103, 307, 22, false);
insert into presentation_assignments (presentation_assignment_id, user_id, presentation_id, review) values (104, 286, 12, true);
insert into presentation_assignments (presentation_assignment_id, user_id, presentation_id, review) values (105, 379, 89, true);
insert into presentation_assignments (presentation_assignment_id, user_id, presentation_id, review) values (106, 27, 8, false);
insert into presentation_assignments (presentation_assignment_id, user_id, presentation_id, review) values (107, 448, 46, false);
insert into presentation_assignments (presentation_assignment_id, user_id, presentation_id, review) values (108, 41, 2, false);
insert into presentation_assignments (presentation_assignment_id, user_id, presentation_id, review) values (109, 27, 88, false);
insert into presentation_assignments (presentation_assignment_id, user_id, presentation_id, review) values (110, 341, 21, false);
insert into presentation_assignments (presentation_assignment_id, user_id, presentation_id, review) values (111, 408, 79, true);
insert into presentation_assignments (presentation_assignment_id, user_id, presentation_id, review) values (112, 104, 13, true);
insert into presentation_assignments (presentation_assignment_id, user_id, presentation_id, review) values (113, 325, 78, false);
insert into presentation_assignments (presentation_assignment_id, user_id, presentation_id, review) values (114, 44, 64, true);
insert into presentation_assignments (presentation_assignment_id, user_id, presentation_id, review) values (115, 200, 44, true);
insert into presentation_assignments (presentation_assignment_id, user_id, presentation_id, review) values (116, 76, 49, false);
insert into presentation_assignments (presentation_assignment_id, user_id, presentation_id, review) values (117, 222, 6, false);
insert into presentation_assignments (presentation_assignment_id, user_id, presentation_id, review) values (118, 99, 9, true);
insert into presentation_assignments (presentation_assignment_id, user_id, presentation_id, review) values (119, 144, 26, true);
insert into presentation_assignments (presentation_assignment_id, user_id, presentation_id, review) values (120, 351, 54, false);
insert into presentation_assignments (presentation_assignment_id, user_id, presentation_id, review) values (121, 92, 6, true);
insert into presentation_assignments (presentation_assignment_id, user_id, presentation_id, review) values (122, 7, 42, true);
insert into presentation_assignments (presentation_assignment_id, user_id, presentation_id, review) values (123, 321, 22, false);
insert into presentation_assignments (presentation_assignment_id, user_id, presentation_id, review) values (124, 248, 59, false);
insert into presentation_assignments (presentation_assignment_id, user_id, presentation_id, review) values (125, 192, 81, true);
insert into presentation_assignments (presentation_assignment_id, user_id, presentation_id, review) values (126, 453, 22, true);
insert into presentation_assignments (presentation_assignment_id, user_id, presentation_id, review) values (127, 176, 59, false);
insert into presentation_assignments (presentation_assignment_id, user_id, presentation_id, review) values (128, 68, 48, true);
insert into presentation_assignments (presentation_assignment_id, user_id, presentation_id, review) values (129, 238, 86, false);
insert into presentation_assignments (presentation_assignment_id, user_id, presentation_id, review) values (130, 371, 73, false);
insert into presentation_assignments (presentation_assignment_id, user_id, presentation_id, review) values (131, 379, 93, false);
insert into presentation_assignments (presentation_assignment_id, user_id, presentation_id, review) values (132, 312, 12, true);
insert into presentation_assignments (presentation_assignment_id, user_id, presentation_id, review) values (133, 69, 24, false);
insert into presentation_assignments (presentation_assignment_id, user_id, presentation_id, review) values (134, 428, 41, true);
insert into presentation_assignments (presentation_assignment_id, user_id, presentation_id, review) values (135, 485, 3, false);
insert into presentation_assignments (presentation_assignment_id, user_id, presentation_id, review) values (136, 172, 46, true);
insert into presentation_assignments (presentation_assignment_id, user_id, presentation_id, review) values (137, 49, 66, false);
insert into presentation_assignments (presentation_assignment_id, user_id, presentation_id, review) values (138, 183, 40, false);
insert into presentation_assignments (presentation_assignment_id, user_id, presentation_id, review) values (139, 465, 91, true);
insert into presentation_assignments (presentation_assignment_id, user_id, presentation_id, review) values (140, 475, 9, false);
insert into presentation_assignments (presentation_assignment_id, user_id, presentation_id, review) values (141, 187, 96, false);
insert into presentation_assignments (presentation_assignment_id, user_id, presentation_id, review) values (142, 397, 19, false);
insert into presentation_assignments (presentation_assignment_id, user_id, presentation_id, review) values (143, 276, 43, false);
insert into presentation_assignments (presentation_assignment_id, user_id, presentation_id, review) values (144, 126, 70, true);
insert into presentation_assignments (presentation_assignment_id, user_id, presentation_id, review) values (145, 451, 1, false);
insert into presentation_assignments (presentation_assignment_id, user_id, presentation_id, review) values (146, 317, 48, false);
insert into presentation_assignments (presentation_assignment_id, user_id, presentation_id, review) values (147, 264, 53, false);
insert into presentation_assignments (presentation_assignment_id, user_id, presentation_id, review) values (148, 24, 44, true);
insert into presentation_assignments (presentation_assignment_id, user_id, presentation_id, review) values (149, 94, 38, false);
insert into presentation_assignments (presentation_assignment_id, user_id, presentation_id, review) values (150, 188, 72, false);
insert into presentation_assignments (presentation_assignment_id, user_id, presentation_id, review) values (151, 118, 44, false);
insert into presentation_assignments (presentation_assignment_id, user_id, presentation_id, review) values (152, 130, 51, false);
insert into presentation_assignments (presentation_assignment_id, user_id, presentation_id, review) values (153, 396, 12, true);
insert into presentation_assignments (presentation_assignment_id, user_id, presentation_id, review) values (154, 112, 58, false);
insert into presentation_assignments (presentation_assignment_id, user_id, presentation_id, review) values (155, 140, 72, true);
insert into presentation_assignments (presentation_assignment_id, user_id, presentation_id, review) values (156, 408, 53, false);
insert into presentation_assignments (presentation_assignment_id, user_id, presentation_id, review) values (157, 265, 5, false);
insert into presentation_assignments (presentation_assignment_id, user_id, presentation_id, review) values (158, 28, 12, false);
insert into presentation_assignments (presentation_assignment_id, user_id, presentation_id, review) values (159, 58, 68, true);
insert into presentation_assignments (presentation_assignment_id, user_id, presentation_id, review) values (160, 228, 75, false);
insert into presentation_assignments (presentation_assignment_id, user_id, presentation_id, review) values (161, 235, 27, true);
insert into presentation_assignments (presentation_assignment_id, user_id, presentation_id, review) values (162, 421, 77, false);
insert into presentation_assignments (presentation_assignment_id, user_id, presentation_id, review) values (163, 259, 90, true);
insert into presentation_assignments (presentation_assignment_id, user_id, presentation_id, review) values (164, 76, 44, true);
insert into presentation_assignments (presentation_assignment_id, user_id, presentation_id, review) values (165, 3, 28, true);
insert into presentation_assignments (presentation_assignment_id, user_id, presentation_id, review) values (166, 316, 77, false);
insert into presentation_assignments (presentation_assignment_id, user_id, presentation_id, review) values (167, 484, 62, false);
insert into presentation_assignments (presentation_assignment_id, user_id, presentation_id, review) values (168, 115, 99, true);
insert into presentation_assignments (presentation_assignment_id, user_id, presentation_id, review) values (169, 356, 87, false);
insert into presentation_assignments (presentation_assignment_id, user_id, presentation_id, review) values (170, 275, 18, true);
insert into presentation_assignments (presentation_assignment_id, user_id, presentation_id, review) values (171, 111, 76, false);
insert into presentation_assignments (presentation_assignment_id, user_id, presentation_id, review) values (172, 393, 86, true);
insert into presentation_assignments (presentation_assignment_id, user_id, presentation_id, review) values (173, 316, 49, true);
insert into presentation_assignments (presentation_assignment_id, user_id, presentation_id, review) values (174, 360, 57, true);
insert into presentation_assignments (presentation_assignment_id, user_id, presentation_id, review) values (175, 179, 73, true);
insert into presentation_assignments (presentation_assignment_id, user_id, presentation_id, review) values (176, 101, 45, true);
insert into presentation_assignments (presentation_assignment_id, user_id, presentation_id, review) values (177, 338, 30, true);
insert into presentation_assignments (presentation_assignment_id, user_id, presentation_id, review) values (178, 333, 91, false);
insert into presentation_assignments (presentation_assignment_id, user_id, presentation_id, review) values (179, 467, 87, true);
insert into presentation_assignments (presentation_assignment_id, user_id, presentation_id, review) values (180, 316, 15, true);
insert into presentation_assignments (presentation_assignment_id, user_id, presentation_id, review) values (181, 3, 91, false);
insert into presentation_assignments (presentation_assignment_id, user_id, presentation_id, review) values (182, 163, 57, true);
insert into presentation_assignments (presentation_assignment_id, user_id, presentation_id, review) values (183, 98, 7, false);
insert into presentation_assignments (presentation_assignment_id, user_id, presentation_id, review) values (184, 329, 33, false);
insert into presentation_assignments (presentation_assignment_id, user_id, presentation_id, review) values (185, 36, 56, true);
insert into presentation_assignments (presentation_assignment_id, user_id, presentation_id, review) values (186, 343, 87, false);
insert into presentation_assignments (presentation_assignment_id, user_id, presentation_id, review) values (187, 182, 66, false);
insert into presentation_assignments (presentation_assignment_id, user_id, presentation_id, review) values (188, 218, 37, false);
insert into presentation_assignments (presentation_assignment_id, user_id, presentation_id, review) values (189, 21, 4, false);
insert into presentation_assignments (presentation_assignment_id, user_id, presentation_id, review) values (190, 311, 15, false);
insert into presentation_assignments (presentation_assignment_id, user_id, presentation_id, review) values (191, 16, 14, true);
insert into presentation_assignments (presentation_assignment_id, user_id, presentation_id, review) values (192, 432, 28, true);
insert into presentation_assignments (presentation_assignment_id, user_id, presentation_id, review) values (193, 104, 41, false);
insert into presentation_assignments (presentation_assignment_id, user_id, presentation_id, review) values (194, 178, 25, true);
insert into presentation_assignments (presentation_assignment_id, user_id, presentation_id, review) values (195, 235, 24, false);
insert into presentation_assignments (presentation_assignment_id, user_id, presentation_id, review) values (196, 146, 69, true);
insert into presentation_assignments (presentation_assignment_id, user_id, presentation_id, review) values (197, 5, 57, true);
insert into presentation_assignments (presentation_assignment_id, user_id, presentation_id, review) values (198, 20, 60, false);
insert into presentation_assignments (presentation_assignment_id, user_id, presentation_id, review) values (199, 154, 98, false);
insert into presentation_assignments (presentation_assignment_id, user_id, presentation_id, review) values (200, 17, 85, true);
